timestamp,spot_close,spot_volume,futures_close,futures_volume
2024-08-05 02:00:00+00:00,3.692,220633.2224,3.691,2264834.0
2024-08-05 03:00:00+00:00,3.5696,64129.4397,3.564,763117.0
2024-08-05 04:00:00+00:00,3.5475,44515.0684,3.545,719258.0
2024-08-05 05:00:00+00:00,3.4841,195095.8946,3.485,2449937.0
2024-08-05 06:00:00+00:00,3.3561,466006.9583,3.349,10158757.0
2024-08-05 07:00:00+00:00,3.5112,202632.1413,3.512,2047161.0
2024-08-05 08:00:00+00:00,3.3938,89048.0794,3.393,1211630.0
2024-08-05 09:00:00+00:00,3.3634,307397.7315,3.363,1484237.0
2024-08-05 10:00:00+00:00,3.2579,140761.8644,3.261,1005677.0
2024-08-05 11:00:00+00:00,3.2886,161294.8373,3.285,1661627.0
2024-08-05 12:00:00+00:00,3.1822,146942.1206,3.186,1350940.0
2024-08-05 13:00:00+00:00,3.3305,198720.8012,3.328,2441584.0
2024-08-05 14:00:00+00:00,3.436,144653.0358,3.43,3423489.0
2024-08-05 15:00:00+00:00,3.518,147077.1448,3.515,1065935.0
2024-08-05 16:00:00+00:00,3.5317,124334.6172,3.531,1336953.0
2024-08-05 17:00:00+00:00,3.5806,126737.714,3.578,748705.0
2024-08-05 18:00:00+00:00,3.4379,112348.7327,3.438,1524535.0
2024-08-05 19:00:00+00:00,3.4693,94464.5812,3.472,1094046.0
2024-08-05 20:00:00+00:00,3.5226,88641.7964,3.521,2259493.0
2024-08-05 21:00:00+00:00,3.525,26257.0117,3.526,459951.0
2024-08-05 22:00:00+00:00,3.602,52482.316,3.6,620853.0
2024-08-05 23:00:00+00:00,3.5247,29397.0479,3.523,1791684.0
2024-08-06 00:00:00+00:00,3.7163,58811.9072,3.714,942617.0
2024-08-06 01:00:00+00:00,3.7021,69933.52718483,3.702,1017779.0
2024-08-06 02:00:00+00:00,3.7001,45821.131,3.703,374023.0
2024-08-06 03:00:00+00:00,3.6697,37115.9287,3.668,320462.0
2024-08-06 04:00:00+00:00,3.6997,23250.7953,3.703,274479.0
2024-08-06 05:00:00+00:00,3.7474,72785.272,3.735,334602.0
2024-08-06 06:00:00+00:00,3.7555,59809.6611,3.752,441181.0
2024-08-06 07:00:00+00:00,3.7494,78656.6893,3.746,309482.0
2024-08-06 08:00:00+00:00,3.6313,120978.2948,3.632,722161.0
2024-08-06 09:00:00+00:00,3.6105,75222.5358,3.613,480420.0
2024-08-06 10:00:00+00:00,3.5805,43715.6525,3.58,268920.0
2024-08-06 11:00:00+00:00,3.5787,43526.8174,3.579,344643.0
2024-08-06 12:00:00+00:00,3.539,76430.6221,3.538,532602.0
2024-08-06 13:00:00+00:00,3.5593,61236.8419,3.562,679884.0
2024-08-06 14:00:00+00:00,3.6914,82299.7867,3.687,958276.0
2024-08-06 15:00:00+00:00,3.7212,69826.9025,3.724,444511.0
2024-08-06 16:00:00+00:00,3.7707,57582.2266,3.772,485544.0
2024-08-06 17:00:00+00:00,3.711,30203.2594,3.712,209726.0
2024-08-06 18:00:00+00:00,3.7357,19944.97,3.734,245553.0
2024-08-06 19:00:00+00:00,3.7202,38031.6894,3.714,203976.0
2024-08-06 20:00:00+00:00,3.7355,35614.4306,3.733,409848.0
2024-08-06 21:00:00+00:00,3.7495,15628.9602,3.748,66514.0
2024-08-06 22:00:00+00:00,3.7202,36086.2292,3.721,341369.0
2024-08-06 23:00:00+00:00,3.6783,18365.1356,3.676,261910.0
2024-08-07 00:00:00+00:00,3.6885,32440.5276,3.683,217462.0
2024-08-07 01:00:00+00:00,3.7727,33214.6862,3.77,244056.0
2024-08-07 02:00:00+00:00,3.7684,38197.2117,3.766,309926.0
2024-08-07 03:00:00+00:00,3.7783,36499.7617,3.777,163635.0
2024-08-07 04:00:00+00:00,3.8049,55788.6829,3.803,334074.0
2024-08-07 05:00:00+00:00,3.804,30060.5944,3.804,306415.0
2024-08-07 06:00:00+00:00,3.7619,29903.8903,3.753,160481.0
2024-08-07 07:00:00+00:00,3.7808,31774.9108,3.777,279176.0
2024-08-07 08:00:00+00:00,3.827,23070.5541,3.826,345864.0
2024-08-07 09:00:00+00:00,3.8059,45642.9613,3.808,501097.0
2024-08-07 10:00:00+00:00,3.8179,38897.7882,3.812,388127.0
2024-08-07 11:00:00+00:00,3.7391,47570.728,3.739,490332.0
2024-08-07 12:00:00+00:00,3.7682,63904.0764,3.768,514184.0
2024-08-07 13:00:00+00:00,3.7306,59824.48662315,3.732,427879.0
2024-08-07 14:00:00+00:00,3.5957,83106.2178,3.595,1114511.0
2024-08-07 15:00:00+00:00,3.5981,35209.6241,3.594,424706.0
2024-08-07 16:00:00+00:00,3.5917,26463.3214,3.584,382566.0
2024-08-07 17:00:00+00:00,3.5614,45519.2706,3.559,447446.0
2024-08-07 18:00:00+00:00,3.5156,33514.8894,3.519,558827.0
2024-08-07 19:00:00+00:00,3.554,31553.3296,3.556,262303.0
2024-08-07 20:00:00+00:00,3.5835,64609.7363,3.58,511921.0
2024-08-07 21:00:00+00:00,3.601,13306.0694,3.602,288079.0
2024-08-07 22:00:00+00:00,3.6052,26684.0484,3.602,186945.0
2024-08-07 23:00:00+00:00,3.5658,13156.2896,3.562,231851.0
2024-08-08 00:00:00+00:00,3.5211,55278.719,3.521,650618.0
2024-08-08 01:00:00+00:00,3.667,63392.5046,3.667,613586.0
2024-08-08 02:00:00+00:00,3.7185,58894.7941,3.719,496459.0
2024-08-08 03:00:00+00:00,3.6765,20728.6527,3.676,131654.0
2024-08-08 04:00:00+00:00,3.681,54765.6102,3.679,333841.0
2024-08-08 05:00:00+00:00,3.732,43318.9777,3.733,137872.0
2024-08-08 06:00:00+00:00,3.7285,46500.763,3.724,423279.0
2024-08-08 07:00:00+00:00,3.7327,138877.7245,3.731,427572.0
2024-08-08 08:00:00+00:00,3.761,154470.3616,3.76,613264.0
2024-08-08 09:00:00+00:00,3.7595,81568.1908,3.758,303762.0
2024-08-08 10:00:00+00:00,3.7779,36709.5154,3.78,206608.0
2024-08-08 11:00:00+00:00,3.7758,36877.8867,3.776,324475.0
2024-08-08 12:00:00+00:00,3.8022,61863.8791,3.805,916249.0
2024-08-08 13:00:00+00:00,3.7545,59831.7635,3.756,1266677.0
2024-08-08 14:00:00+00:00,3.8605,38690.9157,3.86,602864.0
2024-08-08 15:00:00+00:00,3.9072,66605.332,3.908,695825.0
2024-08-08 16:00:00+00:00,3.9225,63172.2675,3.919,849052.0
2024-08-08 17:00:00+00:00,3.9333,85436.5128,3.93,1087862.0
2024-08-08 18:00:00+00:00,3.9105,38466.013,3.907,516270.0
2024-08-08 19:00:00+00:00,3.8707,47853.9631,3.872,350207.0
2024-08-08 20:00:00+00:00,3.906,25948.2157,3.907,439769.0
2024-08-08 21:00:00+00:00,3.9862,40598.4849,3.987,365226.0
2024-08-08 22:00:00+00:00,4.0635,38114.0854,4.061,829731.0
2024-08-08 23:00:00+00:00,4.0641,96770.9222,4.067,731687.0
2024-08-09 00:00:00+00:00,4.075,110927.7592,4.074,998702.0
2024-08-09 01:00:00+00:00,4.1415,81012.9086,4.141,583055.0
2024-08-09 02:00:00+00:00,4.1054,96144.4801,4.106,507415.0
2024-08-09 03:00:00+00:00,4.0925,28588.5492,4.094,324374.0
2024-08-09 04:00:00+00:00,4.0035,40121.5856,4.002,431741.0
2024-08-09 05:00:00+00:00,4.08,29117.2663,4.079,299979.0
2024-08-09 06:00:00+00:00,4.0872,28572.6686,4.087,231369.0
2024-08-09 07:00:00+00:00,4.0778,19345.9888,4.076,763351.0
2024-08-09 08:00:00+00:00,4.0805,25938.0022,4.081,362903.0
2024-08-09 09:00:00+00:00,4.0415,22793.7617,4.045,139369.0
2024-08-09 10:00:00+00:00,4.0191,36827.23607822,4.018,226133.0
2024-08-09 11:00:00+00:00,4.0069,23862.8554,4.008,494015.0
2024-08-09 12:00:00+00:00,3.9811,33360.0993,3.978,472974.0
2024-08-09 13:00:00+00:00,3.9834,53086.7928,3.985,392345.0
2024-08-09 14:00:00+00:00,3.9854,48197.1267,3.982,953042.0
2024-08-09 15:00:00+00:00,3.9377,18790.0736,3.937,338743.0
2024-08-09 16:00:00+00:00,3.9933,15157.7294,3.989,84555.0
2024-08-09 17:00:00+00:00,3.975,15796.7562,3.977,146749.0
2024-08-09 18:00:00+00:00,3.9838,16972.2091,3.982,71527.0
2024-08-09 19:00:00+00:00,3.9912,36228.7516,3.991,553106.0
2024-08-09 20:00:00+00:00,3.9811,14729.486,3.98,422366.0
2024-08-09 21:00:00+00:00,4.0161,38602.4737,4.016,229158.0
2024-08-09 22:00:00+00:00,4.0202,28017.2245,4.019,144615.0
2024-08-09 23:00:00+00:00,4.0566,26635.5741,4.054,193203.0
2024-08-10 00:00:00+00:00,4.0048,23716.4486,4.003,625249.0
2024-08-10 01:00:00+00:00,4.0401,9808.9681,4.039,220163.0
2024-08-10 02:00:00+00:00,4.0412,17814.0231,4.042,255530.0
2024-08-10 03:00:00+00:00,4.0146,15455.6174,4.015,291715.0
2024-08-10 04:00:00+00:00,3.9773,16190.3186,3.979,74726.0
2024-08-10 05:00:00+00:00,3.9822,18064.3351,3.988,1278255.0
2024-08-10 06:00:00+00:00,3.9945,9464.1427,3.995,107810.0
2024-08-10 07:00:00+00:00,4.0098,21369.3615,4.01,139181.0
2024-08-10 08:00:00+00:00,3.9728,13420.7004,3.974,132223.0
2024-08-10 09:00:00+00:00,3.9968,10740.9776,3.999,92899.0
2024-08-10 10:00:00+00:00,4.0324,22580.9092,4.031,101193.0
2024-08-10 11:00:00+00:00,4.0372,11565.7522,4.039,191301.0
2024-08-10 12:00:00+00:00,4.0485,29471.7807,4.044,373136.0
2024-08-10 13:00:00+00:00,3.9944,82279.8539,3.989,766091.0
2024-08-10 14:00:00+00:00,4.0165,44524.6416,4.01,462746.0
2024-08-10 15:00:00+00:00,4.0636,27809.94185933,4.059,189616.0
2024-08-10 16:00:00+00:00,4.1296,50971.9053,4.125,319774.0
2024-08-10 17:00:00+00:00,4.2212,83574.2008,4.212,517621.0
2024-08-10 18:00:00+00:00,4.1992,51271.0852,4.196,742825.0
2024-08-10 19:00:00+00:00,4.1715,21715.8983,4.174,519518.0
2024-08-10 20:00:00+00:00,4.1681,19198.7547,4.168,363497.0
2024-08-10 21:00:00+00:00,4.2014,16407.5966,4.202,403727.0
2024-08-10 22:00:00+00:00,4.2006,31145.0514,4.197,267243.0
2024-08-10 23:00:00+00:00,4.1625,17152.6787,4.165,172468.0
2024-08-11 00:00:00+00:00,4.1669,37649.6649,4.166,525866.0
2024-08-11 01:00:00+00:00,4.1653,22107.9438,4.165,163057.0
2024-08-11 02:00:00+00:00,4.1616,22315.5955,4.161,167513.0
2024-08-11 03:00:00+00:00,4.1721,33917.7083,4.172,262221.0
2024-08-11 04:00:00+00:00,4.1446,27185.076,4.146,189202.0
2024-08-11 05:00:00+00:00,4.1708,16534.2964,4.172,242430.0
2024-08-11 06:00:00+00:00,4.1546,11185.5123,4.152,92978.0
2024-08-11 07:00:00+00:00,4.1541,15064.4225,4.155,162629.0
2024-08-11 08:00:00+00:00,4.1607,18609.1095,4.162,146593.0
2024-08-11 09:00:00+00:00,4.1294,33623.6209,4.123,436336.0
2024-08-11 10:00:00+00:00,4.1134,18116.3142,4.113,213280.0
2024-08-11 11:00:00+00:00,4.067,21864.0513,4.071,497049.0
2024-08-11 12:00:00+00:00,4.0192,24916.6284,4.023,298586.0
2024-08-11 13:00:00+00:00,4.008,29853.3284,4.009,422621.0
2024-08-11 14:00:00+00:00,3.9623,153218.3402,3.961,1100241.0
2024-08-11 15:00:00+00:00,3.9516,48676.0613,3.953,405712.0
2024-08-11 16:00:00+00:00,3.9549,12873.9894,3.959,238511.0
2024-08-11 17:00:00+00:00,3.94,13987.7135,3.94,241088.0
2024-08-11 18:00:00+00:00,3.9382,16085.5831,3.939,102162.0
2024-08-11 19:00:00+00:00,3.8662,86764.1208,3.868,914760.0
2024-08-11 20:00:00+00:00,3.8748,98827.4422,3.871,841304.0
2024-08-11 21:00:00+00:00,3.9561,103156.26014642,3.956,372263.0
2024-08-11 22:00:00+00:00,3.8912,76386.5166,3.894,547323.0
2024-08-11 23:00:00+00:00,3.8628,22811.6341,3.864,575321.0
2024-08-12 00:00:00+00:00,3.8774,28758.6928,3.875,340572.0
2024-08-12 01:00:00+00:00,3.8749,10664.0741,3.876,191912.0
2024-08-12 02:00:00+00:00,3.9361,12230.9898,3.935,118057.0
2024-08-12 03:00:00+00:00,3.8857,52845.5246,3.885,147798.0
2024-08-12 04:00:00+00:00,3.884,11514.5366,3.884,74681.0
2024-08-12 05:00:00+00:00,3.8914,34079.2425,3.894,134804.0
2024-08-12 06:00:00+00:00,3.8777,7500.8986,3.874,40695.0
2024-08-12 07:00:00+00:00,3.9552,113136.47489725,3.959,563511.0
2024-08-12 08:00:00+00:00,3.9399,47371.3237,3.941,418252.0
2024-08-12 09:00:00+00:00,3.9844,28669.3268,3.984,114691.0
2024-08-12 10:00:00+00:00,4.0252,52180.0198,4.027,281554.0
2024-08-12 11:00:00+00:00,4.1112,77087.1651,4.113,578197.0
2024-08-12 12:00:00+00:00,4.0737,28024.9486,4.073,511182.0
2024-08-12 13:00:00+00:00,3.9393,68588.5506,3.939,601413.0
2024-08-12 14:00:00+00:00,4.086,89518.7292,4.086,704051.0
2024-08-12 15:00:00+00:00,4.0675,71985.3211,4.068,392297.0
2024-08-12 16:00:00+00:00,4.0668,38595.0472,4.07,364229.0
2024-08-12 17:00:00+00:00,4.0634,33272.5138,4.061,139712.0
2024-08-12 18:00:00+00:00,3.9823,47534.3867,3.98,503675.0
2024-08-12 19:00:00+00:00,4.0267,19332.7007,4.031,219404.0
2024-08-12 20:00:00+00:00,3.9993,32100.7873,3.999,279558.0
2024-08-12 21:00:00+00:00,3.9994,48504.96,3.998,505775.0
2024-08-12 22:00:00+00:00,4.0342,40450.0834,4.033,133654.0
2024-08-12 23:00:00+00:00,4.1112,27569.2607,4.111,343165.0
2024-08-13 00:00:00+00:00,4.0802,22981.6551,4.08,246192.0
2024-08-13 01:00:00+00:00,4.0759,10511.1386452,4.073,138841.0
2024-08-13 02:00:00+00:00,4.0463,16748.1737,4.045,274748.0
2024-08-13 03:00:00+00:00,3.9971,32029.7335,3.999,560734.0
2024-08-13 04:00:00+00:00,4.0223,16847.0031,4.023,194880.0
2024-08-13 05:00:00+00:00,4.0127,8797.8636,4.012,89606.0
2024-08-13 06:00:00+00:00,4.0233,14658.1878,4.023,144435.0
2024-08-13 07:00:00+00:00,3.9949,14964.072,3.996,130809.0
2024-08-13 08:00:00+00:00,3.9811,16751.076,3.98,184728.0
2024-08-13 09:00:00+00:00,3.9722,14401.1172,3.966,220674.0
2024-08-13 10:00:00+00:00,3.9582,19801.9209,3.956,327387.0
2024-08-13 11:00:00+00:00,3.9739,12143.6633,3.973,177726.0
2024-08-13 12:00:00+00:00,4.0396,40801.7161,4.036,528307.0
2024-08-13 13:00:00+00:00,4.0763,57686.1302,4.078,309163.0
2024-08-13 14:00:00+00:00,4.0712,36505.9965,4.068,269992.0
2024-08-13 15:00:00+00:00,4.0527,15656.9806,4.058,144273.0
2024-08-13 16:00:00+00:00,4.1734,66024.4833,4.174,742434.0
2024-08-13 17:00:00+00:00,4.2283,71572.5204,4.228,914806.0
2024-08-13 18:00:00+00:00,4.3296,162297.0675,4.328,954319.0
2024-08-13 19:00:00+00:00,4.3992,90239.9695,4.398,1108976.0
2024-08-13 20:00:00+00:00,4.3077,34432.3875,4.309,475724.0
2024-08-13 21:00:00+00:00,4.3337,14416.4256,4.329,250542.0
2024-08-13 22:00:00+00:00,4.2985,33882.0521,4.299,327664.0
2024-08-13 23:00:00+00:00,4.3052,33992.1441,4.305,330155.0
2024-08-14 00:00:00+00:00,4.2814,17093.5045,4.281,176216.0
2024-08-14 01:00:00+00:00,4.2396,14695.0376,4.246,220776.0
2024-08-14 02:00:00+00:00,4.2541,15033.8697,4.253,67760.0
2024-08-14 03:00:00+00:00,4.2653,22357.3363,4.263,196361.0
2024-08-14 04:00:00+00:00,4.2434,42976.4951,4.242,152545.0
2024-08-14 05:00:00+00:00,4.2271,29298.5092,4.226,78265.0
2024-08-14 06:00:00+00:00,4.2579,40698.6415,4.259,322940.0
2024-08-14 07:00:00+00:00,4.2581,22167.1234,4.26,84724.0
2024-08-14 08:00:00+00:00,4.264,14474.3947,4.262,104034.0
2024-08-14 09:00:00+00:00,4.2517,36098.081,4.25,249527.0
2024-08-14 10:00:00+00:00,4.2662,23532.7099,4.265,221864.0
2024-08-14 11:00:00+00:00,4.2578,54340.6195,4.254,244830.0
2024-08-14 12:00:00+00:00,4.2968,86392.0436,4.294,778714.0
2024-08-14 13:00:00+00:00,4.1664,74726.59016581,4.166,1119600.0
2024-08-14 14:00:00+00:00,4.168,60370.727,4.168,1001039.0
2024-08-14 15:00:00+00:00,4.2093,34505.8225,4.21,585717.0
2024-08-14 16:00:00+00:00,4.158,52172.5373,4.159,295813.0
2024-08-14 17:00:00+00:00,4.1608,50251.3692,4.162,283044.0
2024-08-14 18:00:00+00:00,4.1478,26335.2189,4.149,273296.0
2024-08-14 19:00:00+00:00,4.1553,27950.1528,4.155,131473.0
2024-08-14 20:00:00+00:00,4.1482,11653.1655,4.147,58980.0
2024-08-14 21:00:00+00:00,4.1385,10524.96,4.137,39245.0
2024-08-14 22:00:00+00:00,4.1546,40535.9548,4.154,169872.0
2024-08-14 23:00:00+00:00,4.1695,26098.523,4.169,180362.0
2024-08-15 00:00:00+00:00,4.1865,38564.4831,4.193,46730.0
2024-08-15 01:00:00+00:00,4.165,38354.6749,4.165,41148.0
2024-08-15 02:00:00+00:00,4.151,93464.9169,4.15,144177.0
2024-08-15 03:00:00+00:00,4.1454,13024.1202,4.145,82659.0
2024-08-15 04:00:00+00:00,4.1435,20656.1174,4.144,80753.0
2024-08-15 05:00:00+00:00,4.0957,27896.6016,4.09,143527.0
2024-08-15 06:00:00+00:00,4.0795,30478.2393,4.08,111268.0
2024-08-15 07:00:00+00:00,4.0795,55436.5314,4.081,303573.0
2024-08-15 08:00:00+00:00,4.1037,32369.9758,4.104,120263.0
2024-08-15 09:00:00+00:00,4.091,24128.0196,4.089,261165.0
2024-08-15 10:00:00+00:00,4.0615,14185.0339,4.061,214086.0
2024-08-15 11:00:00+00:00,4.1251,28768.8752,4.127,165749.0
2024-08-15 12:00:00+00:00,4.1708,34611.5503,4.172,606123.0
2024-08-15 13:00:00+00:00,4.2225,25833.6338,4.223,457506.0
2024-08-15 14:00:00+00:00,4.1857,37140.356,4.185,386198.0
2024-08-15 15:00:00+00:00,4.1871,69101.8096,4.187,433834.0
2024-08-15 16:00:00+00:00,4.1629,37013.1138,4.159,309793.0
2024-08-15 17:00:00+00:00,4.0531,53963.8406,4.054,530560.0
2024-08-15 18:00:00+00:00,3.9713,109887.4267,3.97,1273445.0
2024-08-15 19:00:00+00:00,3.9613,49067.4467,3.962,755763.0
2024-08-15 20:00:00+00:00,3.9723,28251.3316,3.976,279328.0
2024-08-15 21:00:00+00:00,3.9875,49879.7475,3.987,744362.0
2024-08-15 22:00:00+00:00,4.0339,23888.5457,4.031,613786.0
2024-08-15 23:00:00+00:00,4.0258,20721.299,4.024,225919.0
2024-08-16 00:00:00+00:00,4.0019,35036.5095,3.995,547747.0
2024-08-16 01:00:00+00:00,3.9796,31296.3461,3.978,274105.0
2024-08-16 02:00:00+00:00,4.0073,26410.4427,4.001,389822.0
2024-08-16 03:00:00+00:00,3.9846,21208.4812,3.983,184137.0
2024-08-16 04:00:00+00:00,4.0201,14344.056,4.017,134592.0
2024-08-16 05:00:00+00:00,4.0328,14841.5206,4.038,49596.0
2024-08-16 06:00:00+00:00,4.0625,21722.5307,4.062,88805.0
2024-08-16 07:00:00+00:00,4.0578,17897.4568,4.058,91553.0
2024-08-16 08:00:00+00:00,4.0257,15945.6852,4.03,128923.0
2024-08-16 09:00:00+00:00,4.0274,15686.7848,4.027,78523.0
2024-08-16 10:00:00+00:00,4.0027,13895.9235,4.002,131460.0
2024-08-16 11:00:00+00:00,3.9807,12045.7613,3.981,165364.0
2024-08-16 12:00:00+00:00,3.888,51156.5623,3.896,639562.0
2024-08-16 13:00:00+00:00,3.94,37802.953,3.935,365479.0
2024-08-16 14:00:00+00:00,3.881,33407.9066,3.881,454375.0
2024-08-16 15:00:00+00:00,3.8684,31407.7538,3.864,320151.0
2024-08-16 16:00:00+00:00,3.8944,54305.129,3.896,288056.0
2024-08-16 17:00:00+00:00,3.9745,28904.7641,3.979,255351.0
2024-08-16 18:00:00+00:00,3.9951,40844.315,3.998,454741.0
2024-08-16 19:00:00+00:00,4.0056,18926.2483,4.004,145653.0
2024-08-16 20:00:00+00:00,3.9969,15612.0678,3.998,73221.0
2024-08-16 21:00:00+00:00,3.9853,8919.5083,3.991,107751.0
2024-08-16 22:00:00+00:00,3.9607,7301.0996,3.965,90603.0
2024-08-16 23:00:00+00:00,3.9703,11800.5156,3.968,201212.0
2024-08-17 00:00:00+00:00,3.971,11478.8445,3.966,192174.0
2024-08-17 01:00:00+00:00,3.9837,11908.1572,3.984,63812.0
2024-08-17 02:00:00+00:00,3.9876,7771.895,3.985,226224.0
2024-08-17 03:00:00+00:00,3.9619,35093.0863,3.96,254597.0
2024-08-17 04:00:00+00:00,3.9915,200790.3111,3.99,265386.0
2024-08-17 05:00:00+00:00,3.977,150426.7266,3.976,63554.0
2024-08-17 06:00:00+00:00,3.9699,126482.3514,3.97,100014.0
2024-08-17 07:00:00+00:00,3.9653,103024.2429,3.965,83998.0
2024-08-17 08:00:00+00:00,3.9751,10436.1574,3.973,56741.0
2024-08-17 09:00:00+00:00,3.9763,12565.9796,3.977,56458.0
2024-08-17 10:00:00+00:00,3.9351,57671.1878,3.935,511422.0
2024-08-17 11:00:00+00:00,3.9513,20760.9457,3.95,144988.0
2024-08-17 12:00:00+00:00,3.9712,7464.0016,3.969,79285.0
2024-08-17 13:00:00+00:00,3.9738,19835.2925,3.97,176020.0
2024-08-17 14:00:00+00:00,3.9722,10095.2701,3.979,60934.0
2024-08-17 15:00:00+00:00,3.9711,13585.8159,3.97,211267.0
2024-08-17 16:00:00+00:00,4.0027,37523.1906,3.999,145979.0
2024-08-17 17:00:00+00:00,3.9913,13973.4468,3.99,79017.0
2024-08-17 18:00:00+00:00,3.9651,7069.7691,3.966,157214.0
2024-08-17 19:00:00+00:00,3.9808,5714.1856,3.979,214150.0
2024-08-17 20:00:00+00:00,3.9729,16774.5892,3.974,98621.0
2024-08-17 21:00:00+00:00,3.9915,5558.2339,3.987,57301.0
2024-08-17 22:00:00+00:00,3.9848,3300.3262,3.985,43522.0
2024-08-17 23:00:00+00:00,3.9927,12400.5372,3.994,51486.0
2024-08-18 00:00:00+00:00,4.0027,9146.5858,4.003,21068.0
2024-08-18 01:00:00+00:00,3.9677,21343.7572,3.967,30551.0
2024-08-18 02:00:00+00:00,4.0161,55829.3145,4.018,77042.0
2024-08-18 03:00:00+00:00,3.9668,52820.9485,3.966,239230.0
2024-08-18 04:00:00+00:00,3.9642,52170.3786,3.964,402808.0
2024-08-18 05:00:00+00:00,3.9681,28261.8342,3.967,58942.0
2024-08-18 06:00:00+00:00,3.9782,2961.1291,3.981,23379.0
2024-08-18 07:00:00+00:00,3.9857,87088.2683,3.977,688638.0
2024-08-18 08:00:00+00:00,3.9936,43410.7132,3.992,114054.0
2024-08-18 09:00:00+00:00,4.0026,21730.9772,4.005,258163.0
2024-08-18 10:00:00+00:00,4.0049,20936.9157,4.01,477666.0
2024-08-18 11:00:00+00:00,4.0225,33352.9578,4.025,37764.0
2024-08-18 12:00:00+00:00,4.0319,30749.8473,4.032,100193.0
2024-08-18 13:00:00+00:00,4.0339,20722.6854,4.031,65126.0
2024-08-18 14:00:00+00:00,4.0258,12560.8696,4.027,169312.0
2024-08-18 15:00:00+00:00,4.035,51439.3728,4.038,93968.0
2024-08-18 16:00:00+00:00,4.026,11151.4983,4.028,116124.0
2024-08-18 17:00:00+00:00,3.9836,23731.9341,3.983,167176.0
2024-08-18 18:00:00+00:00,3.9976,7441.217,3.996,82534.0
2024-08-18 19:00:00+00:00,4.0182,5798.7242,4.019,101880.0
2024-08-18 20:00:00+00:00,4.0211,10330.0014,4.02,82225.0
2024-08-18 21:00:00+00:00,3.9877,5463.9119,3.993,216907.0
2024-08-18 22:00:00+00:00,3.9776,8865.9578,3.976,251969.0
2024-08-18 23:00:00+00:00,3.8956,37293.3197,3.895,578780.0
2024-08-19 00:00:00+00:00,3.8659,56235.4176,3.865,335092.0
2024-08-19 01:00:00+00:00,3.8907,12030.3799,3.89,139600.0
2024-08-19 02:00:00+00:00,3.911,4846.4187,3.911,38109.0
2024-08-19 03:00:00+00:00,3.9113,9547.4899,3.906,124815.0
2024-08-19 04:00:00+00:00,3.8968,7953.7772,3.895,49511.0
2024-08-19 05:00:00+00:00,3.8797,29943.3655,3.879,296402.0
2024-08-19 06:00:00+00:00,3.8885,8156.1037,3.889,35606.0
2024-08-19 07:00:00+00:00,3.8812,9010.2186,3.879,158731.0
2024-08-19 08:00:00+00:00,3.8971,8738.1282,3.9,57757.0
2024-08-19 09:00:00+00:00,3.8607,18414.5881,3.858,186398.0
2024-08-19 10:00:00+00:00,3.8583,31770.9173,3.858,218331.0
2024-08-19 11:00:00+00:00,3.8887,24359.272,3.892,110026.0
2024-08-19 12:00:00+00:00,3.8838,35126.0747,3.888,112745.0
2024-08-19 13:00:00+00:00,3.8673,38448.4624,3.867,226826.0
2024-08-19 14:00:00+00:00,3.8997,32671.6466,3.9,77216.0
2024-08-19 15:00:00+00:00,3.8949,36689.0974,3.894,107560.0
2024-08-19 16:00:00+00:00,3.8873,33321.8254,3.892,114428.0
2024-08-19 17:00:00+00:00,3.9104,18253.7633,3.913,483515.0
2024-08-19 18:00:00+00:00,3.928,15907.509,3.925,81674.0
2024-08-19 19:00:00+00:00,3.9278,12381.5251,3.933,156761.0
2024-08-19 20:00:00+00:00,3.945,40538.7253,3.945,463116.0
2024-08-19 21:00:00+00:00,3.964,11864.1821,3.961,105641.0
2024-08-19 22:00:00+00:00,3.9747,7132.2715,3.97,247634.0
2024-08-19 23:00:00+00:00,4.0005,20108.7249,4.0,296708.0
2024-08-20 00:00:00+00:00,4.0656,66647.3196,4.065,1044320.0
2024-08-20 01:00:00+00:00,4.0729,34254.1802,4.074,208287.0
2024-08-20 02:00:00+00:00,4.0761,40049.4634,4.078,90021.0
2024-08-20 03:00:00+00:00,4.0889,25562.5443,4.084,58660.0
2024-08-20 04:00:00+00:00,4.1012,39672.5282,4.103,94222.0
2024-08-20 05:00:00+00:00,4.1181,38725.6356,4.118,171999.0
2024-08-20 06:00:00+00:00,4.0947,23630.6165,4.095,168877.0
2024-08-20 07:00:00+00:00,4.1088,24703.6591,4.113,282712.0
2024-08-20 08:00:00+00:00,4.0841,20451.8096,4.086,243655.0
2024-08-20 09:00:00+00:00,4.1098,20122.5492,4.108,152633.0
2024-08-20 10:00:00+00:00,4.1106,20793.3805,4.11,93554.0
2024-08-20 11:00:00+00:00,4.095,15890.4903,4.098,185219.0
2024-08-20 12:00:00+00:00,4.0991,12417.122,4.101,100434.0
2024-08-20 13:00:00+00:00,4.1393,47532.8294,4.137,697268.0
2024-08-20 14:00:00+00:00,4.0077,56559.3202,4.012,1162065.0
2024-08-20 15:00:00+00:00,3.9856,73850.254,3.985,706188.0
2024-08-20 16:00:00+00:00,3.9807,20236.5045,3.98,139188.0
2024-08-20 17:00:00+00:00,4.0218,21178.5371,4.021,198086.0
2024-08-20 18:00:00+00:00,4.0399,19191.6589,4.039,241649.0
2024-08-20 19:00:00+00:00,4.0509,30895.0663,4.051,69659.0
2024-08-20 20:00:00+00:00,4.0559,30267.3296,4.055,557092.0
2024-08-20 21:00:00+00:00,4.026,20271.9406,4.027,545467.0
2024-08-20 22:00:00+00:00,4.0326,18313.3394,4.032,77094.0
2024-08-20 23:00:00+00:00,3.9992,8695.0468,4.0,179265.0
2024-08-21 00:00:00+00:00,3.9814,12381.7216,3.979,185386.0
2024-08-21 01:00:00+00:00,4.0048,14785.5211,4.005,219746.0
2024-08-21 02:00:00+00:00,4.0185,7644.114,4.017,16532.0
2024-08-21 03:00:00+00:00,4.0254,7991.4566,4.023,102984.0
2024-08-21 04:00:00+00:00,4.0408,10511.0155,4.04,97013.0
2024-08-21 05:00:00+00:00,4.0379,12994.8455,4.037,57480.0
2024-08-21 06:00:00+00:00,4.059,12784.0561,4.06,42262.0
2024-08-21 07:00:00+00:00,4.0709,8246.3901,4.069,88941.0
2024-08-21 08:00:00+00:00,4.0452,12577.5087,4.045,157262.0
2024-08-21 09:00:00+00:00,4.0304,12466.9186,4.032,249459.0
2024-08-21 10:00:00+00:00,4.1054,98063.643,4.106,1089433.0
2024-08-21 11:00:00+00:00,4.0711,43205.0126,4.071,833927.0
2024-08-21 12:00:00+00:00,4.0727,14508.6045,4.078,539009.0
2024-08-21 13:00:00+00:00,4.1215,26213.1773,4.123,473556.0
2024-08-21 14:00:00+00:00,4.1079,71853.6952,4.107,955287.0
2024-08-21 15:00:00+00:00,4.0839,39703.4771,4.086,449775.0
2024-08-21 16:00:00+00:00,4.0751,103628.8455,4.079,1625755.0
2024-08-21 17:00:00+00:00,4.1552,40850.9718,4.158,1244378.0
2024-08-21 18:00:00+00:00,4.2169,42696.9787,4.22,1094288.0
2024-08-21 19:00:00+00:00,4.2522,64455.4901,4.251,664117.0
2024-08-21 20:00:00+00:00,4.2769,36215.8235,4.277,801193.0
2024-08-21 21:00:00+00:00,4.2913,47359.2032,4.283,415235.0
2024-08-21 22:00:00+00:00,4.2637,94222.9558,4.261,810150.0
2024-08-21 23:00:00+00:00,4.2442,23952.3608,4.241,405519.0
2024-08-22 00:00:00+00:00,4.2269,20132.5455,4.226,176491.0
2024-08-22 01:00:00+00:00,4.2543,13776.3954,4.255,108261.0
2024-08-22 02:00:00+00:00,4.1975,30512.7043,4.198,334627.0
2024-08-22 03:00:00+00:00,4.2216,20591.272,4.222,168764.0
2024-08-22 04:00:00+00:00,4.233,52216.4576,4.228,233240.0
2024-08-22 05:00:00+00:00,4.2246,12706.1063,4.226,136256.0
2024-08-22 06:00:00+00:00,4.222,17003.2256,4.219,61530.0
2024-08-22 07:00:00+00:00,4.2418,8308.3385,4.242,53225.0
2024-08-22 08:00:00+00:00,4.2334,83097.7779,4.231,119275.0
2024-08-22 09:00:00+00:00,4.2276,12879.2461,4.232,69595.0
2024-08-22 10:00:00+00:00,4.3076,91057.4755,4.31,516983.0
2024-08-22 11:00:00+00:00,4.3263,60349.7245,4.325,417623.0
2024-08-22 12:00:00+00:00,4.243,85506.2448,4.247,641565.0
2024-08-22 13:00:00+00:00,4.2604,32756.8035,4.261,356933.0
2024-08-22 14:00:00+00:00,4.2963,32821.2489,4.296,255985.0
2024-08-22 15:00:00+00:00,4.2762,235583.8153,4.275,1159382.0
2024-08-22 16:00:00+00:00,4.2833,56681.7656,4.293,500623.0
2024-08-22 17:00:00+00:00,4.2574,27828.4444,4.258,318874.0
2024-08-22 18:00:00+00:00,4.2566,13225.7567,4.256,95509.0
2024-08-22 19:00:00+00:00,4.2391,44475.3495,4.238,86601.0
2024-08-22 20:00:00+00:00,4.2902,105565.0603,4.294,438959.0
2024-08-22 21:00:00+00:00,4.2808,7855.027,4.281,277451.0
2024-08-22 22:00:00+00:00,4.2962,60861.3602,4.299,63901.0
2024-08-22 23:00:00+00:00,4.3034,15384.961,4.304,209648.0
2024-08-23 00:00:00+00:00,4.3826,103553.3338,4.379,1053965.0
2024-08-23 01:00:00+00:00,4.4304,52455.4991,4.431,388563.0
2024-08-23 02:00:00+00:00,4.4379,90096.8924,4.441,1011075.0
2024-08-23 03:00:00+00:00,4.4598,31845.5669,4.456,306690.0
2024-08-23 04:00:00+00:00,4.4102,20814.3702,4.413,227407.0
2024-08-23 05:00:00+00:00,4.4685,79181.5521,4.473,708185.0
2024-08-23 06:00:00+00:00,4.4717,28432.6697,4.472,321145.0
2024-08-23 07:00:00+00:00,4.4717,35577.5876,4.474,389405.0
2024-08-23 08:00:00+00:00,4.501,13310.6835,4.501,258138.0
2024-08-23 09:00:00+00:00,4.5362,48748.0021,4.536,759118.0
2024-08-23 10:00:00+00:00,4.6576,115433.5847,4.656,1194058.0
2024-08-23 11:00:00+00:00,4.5856,63942.3632,4.583,676656.0
2024-08-23 12:00:00+00:00,4.57,67237.9918,4.572,676140.0
2024-08-23 13:00:00+00:00,4.5993,33083.8393,4.596,771254.0
2024-08-23 14:00:00+00:00,4.6223,248894.0732051,4.619,3551363.0
2024-08-23 15:00:00+00:00,4.6811,45382.3897,4.681,799485.0
2024-08-23 16:00:00+00:00,4.7059,32422.1715,4.706,343699.0
2024-08-23 17:00:00+00:00,4.75,74577.3358,4.749,783386.0
2024-08-23 18:00:00+00:00,4.7309,34580.0455,4.733,942915.0
2024-08-23 19:00:00+00:00,4.7502,51476.9011,4.75,902910.0
2024-08-23 20:00:00+00:00,4.7715,32802.9013,4.771,400020.0
2024-08-23 21:00:00+00:00,4.8008,24924.3747,4.804,410548.0
2024-08-23 22:00:00+00:00,4.8011,38140.0369,4.796,444915.0
2024-08-23 23:00:00+00:00,4.8403,22314.2611,4.838,434574.0
2024-08-24 00:00:00+00:00,4.803,23176.7684,4.807,474912.0
2024-08-24 01:00:00+00:00,4.7861,58931.3763,4.787,264508.0
2024-08-24 02:00:00+00:00,4.7871,20075.3747,4.789,154219.0
2024-08-24 03:00:00+00:00,4.7688,35921.5727,4.768,117050.0
2024-08-24 04:00:00+00:00,4.7625,32809.7877,4.76,84598.0
2024-08-24 05:00:00+00:00,4.7825,29119.8688,4.781,119653.0
2024-08-24 06:00:00+00:00,4.7714,25491.0916,4.77,90219.0
2024-08-24 07:00:00+00:00,4.8322,32039.3632,4.829,527691.0
2024-08-24 08:00:00+00:00,4.8567,19374.8908,4.855,201802.0
2024-08-24 09:00:00+00:00,4.906,28561.7742,4.909,282842.0
2024-08-24 10:00:00+00:00,4.9035,34613.3158,4.902,398198.0
2024-08-24 11:00:00+00:00,4.8768,27677.6087,4.877,449272.0
2024-08-24 12:00:00+00:00,4.9392,29619.1664,4.936,266250.0
2024-08-24 13:00:00+00:00,4.9464,41060.1908,4.946,459149.0
2024-08-24 14:00:00+00:00,4.9722,39345.855,4.973,445578.0
2024-08-24 15:00:00+00:00,4.9938,48351.90736239,4.991,684836.0
2024-08-24 16:00:00+00:00,5.1245,67658.5447,5.123,1081669.0
2024-08-24 17:00:00+00:00,5.0616,34544.5238,5.065,406945.0
2024-08-24 18:00:00+00:00,5.1453,54240.186,5.145,1058357.0
2024-08-24 19:00:00+00:00,5.245,80868.8171,5.243,1680952.0
2024-08-24 20:00:00+00:00,5.1432,39989.8031,5.146,666500.0
2024-08-24 21:00:00+00:00,4.9984,130750.4243,4.996,1687814.0
2024-08-24 22:00:00+00:00,4.9961,65241.30569649,4.997,776086.0
2024-08-24 23:00:00+00:00,5.0395,88784.7003,5.04,816191.0
2024-08-25 00:00:00+00:00,4.9312,77064.8925,4.934,968165.0
2024-08-25 01:00:00+00:00,4.9018,54025.1697,4.902,673715.0
2024-08-25 02:00:00+00:00,4.9717,34345.3026,4.972,274916.0
2024-08-25 03:00:00+00:00,4.9728,59392.0439,4.964,2188827.0
2024-08-25 04:00:00+00:00,4.9431,41564.2082,4.944,1170822.0
2024-08-25 05:00:00+00:00,4.9456,11881.6117,4.952,138344.0
2024-08-25 06:00:00+00:00,4.9143,9324.2133,4.923,126415.0
2024-08-25 07:00:00+00:00,4.8296,80915.6517,4.827,1207132.0
2024-08-25 08:00:00+00:00,4.8404,43458.0566,4.842,247900.0
2024-08-25 09:00:00+00:00,4.8595,10888.4448,4.859,184341.0
2024-08-25 10:00:00+00:00,4.8391,11713.0943,4.844,203353.0
2024-08-25 11:00:00+00:00,4.8864,27118.2172,4.888,352246.0
2024-08-25 12:00:00+00:00,4.9026,12373.5402,4.9,135433.0
2024-08-25 13:00:00+00:00,4.937,37009.7547,4.941,496334.0
2024-08-25 14:00:00+00:00,4.9336,17609.7659,4.934,315470.0
2024-08-25 15:00:00+00:00,4.9579,20665.4731,4.959,452268.0
2024-08-25 16:00:00+00:00,4.9004,13849.0994,4.9,339788.0
2024-08-25 17:00:00+00:00,4.9265,8741.4684,4.929,127073.0
2024-08-25 18:00:00+00:00,4.9447,20863.8609,4.945,172793.0
2024-08-25 19:00:00+00:00,4.9636,25159.2444,4.962,111282.0
2024-08-25 20:00:00+00:00,4.9476,12995.7825,4.948,119172.0
2024-08-25 21:00:00+00:00,5.0211,12990.6902,5.022,315783.0
2024-08-25 22:00:00+00:00,4.996,10903.0683,4.999,297694.0
2024-08-25 23:00:00+00:00,4.9182,42071.6713,4.919,975001.0
2024-08-26 00:00:00+00:00,4.9367,28790.2663,4.936,1182051.0
2024-08-26 01:00:00+00:00,4.9074,19160.424,4.907,286184.0
2024-08-26 02:00:00+00:00,4.8953,23854.3941,4.893,364668.0
2024-08-26 03:00:00+00:00,4.9168,16086.0267,4.917,336071.0
2024-08-26 04:00:00+00:00,4.923,30438.4242,4.922,371563.0
2024-08-26 05:00:00+00:00,4.9004,19012.166,4.9,71842.0
2024-08-26 06:00:00+00:00,4.8644,52472.1478,4.866,498710.0
2024-08-26 07:00:00+00:00,4.8699,31147.7817,4.869,235176.0
2024-08-26 08:00:00+00:00,4.9029,36650.069,4.905,161797.0
2024-08-26 09:00:00+00:00,4.9483,42321.7367,4.95,515486.0
2024-08-26 10:00:00+00:00,4.8985,62918.6649,4.899,185935.0
2024-08-26 11:00:00+00:00,4.9091,30987.2451,4.909,168465.0
2024-08-26 12:00:00+00:00,4.8514,53691.3833,4.847,298078.0
2024-08-26 13:00:00+00:00,4.8642,50796.3811,4.857,461790.0
2024-08-26 14:00:00+00:00,4.8599,68679.4837,4.859,432090.0
2024-08-26 15:00:00+00:00,4.8099,37915.8332,4.813,243137.0
2024-08-26 16:00:00+00:00,4.8378,52511.0653,4.838,175713.0
2024-08-26 17:00:00+00:00,4.7488,49123.7167,4.748,289515.0
2024-08-26 18:00:00+00:00,4.8117,46210.0081,4.807,678420.0
2024-08-26 19:00:00+00:00,4.7687,20156.894,4.77,169591.0
2024-08-26 20:00:00+00:00,4.8214,13084.3332,4.823,192265.0
2024-08-26 21:00:00+00:00,4.8158,9343.8407,4.815,245506.0
2024-08-26 22:00:00+00:00,4.8138,17677.4694,4.816,68234.0
2024-08-26 23:00:00+00:00,4.7815,10144.1783,4.781,299395.0
2024-08-27 00:00:00+00:00,4.8326,22509.2332,4.832,507620.0
2024-08-27 01:00:00+00:00,4.8445,27566.8581,4.847,697285.0
2024-08-27 02:00:00+00:00,4.8575,17735.8226,4.855,466607.0
2024-08-27 03:00:00+00:00,4.8786,12485.8243,4.88,284460.0
2024-08-27 04:00:00+00:00,4.9096,16332.7538,4.908,190647.0
2024-08-27 05:00:00+00:00,4.9827,36355.7939,4.98,378977.0
2024-08-27 06:00:00+00:00,4.91,58806.24,4.911,744554.0
2024-08-27 07:00:00+00:00,4.9059,12472.2127,4.906,158356.0
2024-08-27 08:00:00+00:00,4.8511,22782.7902,4.85,423178.0
2024-08-27 09:00:00+00:00,4.7916,22016.7873,4.791,278841.0
2024-08-27 10:00:00+00:00,4.7121,35520.2373,4.716,345558.0
2024-08-27 11:00:00+00:00,4.724,24119.7068,4.726,279917.0
2024-08-27 12:00:00+00:00,4.7011,31409.6645,4.703,501628.0
2024-08-27 13:00:00+00:00,4.67,29241.0226,4.673,508249.0
2024-08-27 14:00:00+00:00,4.6794,42182.0956,4.68,560543.0
2024-08-27 15:00:00+00:00,4.6343,36719.8046,4.634,340208.0
2024-08-27 16:00:00+00:00,4.6943,104526.4355,4.694,1768463.0
2024-08-27 17:00:00+00:00,4.8138,27335.6048,4.814,826739.0
2024-08-27 18:00:00+00:00,4.8719,45503.0005,4.87,2507199.0
2024-08-27 19:00:00+00:00,4.8891,23878.2239,4.89,929746.0
2024-08-27 20:00:00+00:00,4.8185,41802.2462,4.82,1193669.0
2024-08-27 21:00:00+00:00,4.6557,114599.8844,4.655,1876510.0
2024-08-27 22:00:00+00:00,4.5316,150071.7291,4.534,1768415.0
2024-08-27 23:00:00+00:00,4.528,52658.2376,4.526,1117308.0
2024-08-28 00:00:00+00:00,4.4762,28228.5744,4.474,722106.0
2024-08-28 01:00:00+00:00,4.5291,75537.7918,4.527,807865.0
2024-08-28 02:00:00+00:00,4.5097,23650.373,4.509,303923.0
2024-08-28 03:00:00+00:00,4.5926,52265.0153,4.592,344321.0
2024-08-28 04:00:00+00:00,4.5318,24144.1454,4.533,215453.0
2024-08-28 05:00:00+00:00,4.5082,15928.019,4.508,189766.0
2024-08-28 06:00:00+00:00,4.4502,51577.9625,4.45,363382.0
2024-08-28 07:00:00+00:00,4.3478,78707.2192,4.348,1066031.0
2024-08-28 08:00:00+00:00,4.4352,64616.2048,4.432,659266.0
2024-08-28 09:00:00+00:00,4.5728,30243.0222,4.572,383622.0
2024-08-28 10:00:00+00:00,4.4775,36847.7802,4.48,656473.0
2024-08-28 11:00:00+00:00,4.5331,30828.0447,4.535,584458.0
2024-08-28 12:00:00+00:00,4.5062,43957.9095,4.514,510769.0
2024-08-28 13:00:00+00:00,4.4335,45936.5183,4.429,605397.0
2024-08-28 14:00:00+00:00,4.4542,39716.4452,4.457,441515.0
2024-08-28 15:00:00+00:00,4.3773,112011.4918,4.38,1552922.0
2024-08-28 16:00:00+00:00,4.38,83042.0302,4.381,1683097.0
2024-08-28 17:00:00+00:00,4.3152,19888.1345,4.313,744085.0
2024-08-28 18:00:00+00:00,4.4527,24995.1354,4.45,1082211.0
2024-08-28 19:00:00+00:00,4.3934,30898.3533,4.403,1021686.0
2024-08-28 20:00:00+00:00,4.3852,58251.8655,4.384,1417110.0
2024-08-28 21:00:00+00:00,4.3472,18239.826,4.348,394202.0
2024-08-28 22:00:00+00:00,4.3246,20586.3567,4.323,344205.0
2024-08-28 23:00:00+00:00,4.3442,11141.5396,4.341,348894.0
2024-08-29 00:00:00+00:00,4.3589,12100.3636,4.362,143047.0
2024-08-29 01:00:00+00:00,4.3173,31884.8967,4.314,387078.0
2024-08-29 02:00:00+00:00,4.3567,23338.5505,4.354,112348.0
2024-08-29 03:00:00+00:00,4.3411,10935.0792,4.341,97266.0
2024-08-29 04:00:00+00:00,4.3281,27212.18199177,4.327,351845.0
2024-08-29 05:00:00+00:00,4.3794,19664.62,4.38,125382.0
2024-08-29 06:00:00+00:00,4.395,24512.3181,4.393,386054.0
2024-08-29 07:00:00+00:00,4.3953,20628.3244,4.395,167495.0
2024-08-29 08:00:00+00:00,4.3752,19959.7979,4.372,224523.0
2024-08-29 09:00:00+00:00,4.3865,26896.9853,4.385,426888.0
2024-08-29 10:00:00+00:00,4.3841,21138.582,4.389,109518.0
2024-08-29 11:00:00+00:00,4.4501,41686.8716,4.45,624082.0
2024-08-29 12:00:00+00:00,4.4824,40459.2781,4.484,403266.0
2024-08-29 13:00:00+00:00,4.4972,29734.7935,4.496,613343.0
2024-08-29 14:00:00+00:00,4.5096,47210.1951,4.505,728881.0
2024-08-29 15:00:00+00:00,4.4735,24510.9143,4.476,1117368.0
2024-08-29 16:00:00+00:00,4.4077,60855.9513,4.407,1007297.0
2024-08-29 17:00:00+00:00,4.4013,17133.5762,4.399,660992.0
2024-08-29 18:00:00+00:00,4.2301,55466.6547,4.23,1470061.0
2024-08-29 19:00:00+00:00,4.2051,67141.2617,4.208,713107.0
2024-08-29 20:00:00+00:00,4.2283,18260.5861,4.234,391313.0
2024-08-29 21:00:00+00:00,4.1983,23085.4622,4.198,406152.0
2024-08-29 22:00:00+00:00,4.1994,56735.1834,4.201,1108301.0
2024-08-29 23:00:00+00:00,4.2121,39319.2452,4.216,345255.0
2024-08-30 00:00:00+00:00,4.2419,64985.4853,4.245,578533.0
2024-08-30 01:00:00+00:00,4.2373,8129.7639,4.234,177257.0
2024-08-30 02:00:00+00:00,4.2349,11162.3826,4.233,96119.0
2024-08-30 03:00:00+00:00,4.2025,18359.4651,4.202,168250.0
2024-08-30 04:00:00+00:00,4.2246,19537.6274,4.23,105624.0
2024-08-30 05:00:00+00:00,4.225,26428.1444,4.223,287841.0
2024-08-30 06:00:00+00:00,4.2663,28382.4148,4.266,204872.0
2024-08-30 07:00:00+00:00,4.2506,31029.0735,4.249,250937.0
2024-08-30 08:00:00+00:00,4.2687,26506.3042,4.268,243952.0
2024-08-30 09:00:00+00:00,4.2878,31030.7896,4.287,298423.0
2024-08-30 10:00:00+00:00,4.2445,26489.6063,4.246,310667.0
2024-08-30 11:00:00+00:00,4.1855,55483.1396,4.185,443940.0
2024-08-30 12:00:00+00:00,4.1896,47568.9178,4.187,457813.0
2024-08-30 13:00:00+00:00,4.1777,57162.693,4.179,595868.0
2024-08-30 14:00:00+00:00,4.0267,86352.8893,4.028,997065.0
2024-08-30 15:00:00+00:00,3.9599,92241.6812,3.959,1595580.0
2024-08-30 16:00:00+00:00,4.0189,78788.3575,4.019,584860.0
2024-08-30 17:00:00+00:00,4.0342,29216.8643,4.034,292514.0
2024-08-30 18:00:00+00:00,4.1241,42142.2515,4.122,525455.0
2024-08-30 19:00:00+00:00,4.071,26154.1198,4.068,395915.0
2024-08-30 20:00:00+00:00,4.0763,10796.608,4.077,118348.0
2024-08-30 21:00:00+00:00,4.0996,14249.5468,4.098,143450.0
2024-08-30 22:00:00+00:00,4.1347,13880.7673,4.133,391216.0
2024-08-30 23:00:00+00:00,4.1122,47767.6608,4.114,425493.0
2024-08-31 00:00:00+00:00,4.1187,101747.90129769,4.122,495860.0
2024-08-31 01:00:00+00:00,4.1162,59387.8206,4.114,72811.0
2024-08-31 02:00:00+00:00,4.1133,50288.0544,4.113,65392.0
2024-08-31 03:00:00+00:00,4.1236,45720.4261,4.122,238354.0
2024-08-31 04:00:00+00:00,4.155,33528.1975,4.154,175121.0
2024-08-31 05:00:00+00:00,4.1241,21487.1256,4.123,48769.0
2024-08-31 06:00:00+00:00,4.1309,32074.5603,4.134,144108.0
2024-08-31 07:00:00+00:00,4.119,80573.4661,4.115,128838.0
2024-08-31 08:00:00+00:00,4.077,44134.2857,4.075,427972.0
2024-08-31 09:00:00+00:00,4.0783,24028.3727,4.077,436360.0
2024-08-31 10:00:00+00:00,4.1274,29026.5909,4.127,350071.0
2024-08-31 11:00:00+00:00,4.1114,18158.1153,4.112,127339.0
2024-08-31 12:00:00+00:00,4.095,19483.67949769,4.093,93720.0
2024-08-31 13:00:00+00:00,4.0645,18156.0228,4.064,279092.0
2024-08-31 14:00:00+00:00,4.0707,15445.4171,4.076,178726.0
2024-08-31 15:00:00+00:00,4.0729,16544.1935,4.072,143143.0
2024-08-31 16:00:00+00:00,4.0312,15244.1054,4.032,302112.0
2024-08-31 17:00:00+00:00,4.0005,155555.9626,3.999,1840406.0
2024-08-31 18:00:00+00:00,4.0448,97231.98392009,4.043,660829.0
2024-08-31 19:00:00+00:00,4.0336,9945.994,4.034,245468.0
2024-08-31 20:00:00+00:00,4.0272,13291.9267,4.028,104764.0
2024-08-31 21:00:00+00:00,4.0645,5879.0412,4.068,66249.0
2024-08-31 22:00:00+00:00,4.042,2664.0752,4.043,71549.0
2024-08-31 23:00:00+00:00,4.0322,5519.304,4.032,180689.0
2024-09-01 00:00:00+00:00,4.0189,4499.9977,4.019,90711.0
2024-09-01 01:00:00+00:00,3.9757,9085.1444,3.974,198424.0
2024-09-01 02:00:00+00:00,3.9886,11541.8185,3.988,187623.0
2024-09-01 03:00:00+00:00,3.9991,18247.3233,3.998,80305.0
2024-09-01 04:00:00+00:00,3.988,19031.0838,3.987,124388.0
2024-09-01 05:00:00+00:00,3.9466,52651.9722,3.947,285250.0
2024-09-01 06:00:00+00:00,3.989,35693.9182,3.989,243569.0
2024-09-01 07:00:00+00:00,4.0161,43474.0551,4.014,95799.0
2024-09-01 08:00:00+00:00,3.9912,34265.0343,3.991,538627.0
2024-09-01 09:00:00+00:00,3.9957,22547.4018,3.995,114790.0
2024-09-01 10:00:00+00:00,3.9632,14139.4515,3.964,85129.0
2024-09-01 11:00:00+00:00,3.9978,12730.2257,3.997,69466.0
2024-09-01 12:00:00+00:00,3.9674,20068.0151,3.968,119628.0
2024-09-01 13:00:00+00:00,3.962,60601.7715,3.963,243877.0
2024-09-01 14:00:00+00:00,3.9319,76284.3515,3.934,1138603.0
2024-09-01 15:00:00+00:00,4.0024,36379.3988,4.005,337024.0
2024-09-01 16:00:00+00:00,3.9611,35932.026,3.963,473872.0
2024-09-01 17:00:00+00:00,3.931,16526.1701,3.931,320426.0
2024-09-01 18:00:00+00:00,4.0121,38726.5038,4.012,567827.0
2024-09-01 19:00:00+00:00,4.0581,80416.4517,4.057,992407.0
2024-09-01 20:00:00+00:00,4.0318,16951.7434,4.03,199405.0
2024-09-01 21:00:00+00:00,3.9851,9825.9247,3.99,224958.0
2024-09-01 22:00:00+00:00,3.8324,168741.4687,3.83,3283681.0
2024-09-01 23:00:00+00:00,3.8517,70631.7348,3.848,1179742.0
2024-09-02 00:00:00+00:00,3.9127,44618.2787,3.913,552195.0
2024-09-02 01:00:00+00:00,3.8943,35976.8232,3.894,420917.0
2024-09-02 02:00:00+00:00,3.8898,26739.8753,3.893,147612.0
2024-09-02 03:00:00+00:00,3.9362,58363.7519,3.939,247450.0
2024-09-02 04:00:00+00:00,3.8765,30248.4933,3.875,219660.0
2024-09-02 05:00:00+00:00,3.9424,33506.7842,3.941,369548.0
2024-09-02 06:00:00+00:00,3.9058,37567.4229,3.904,187194.0
2024-09-02 07:00:00+00:00,3.8527,46715.5724,3.856,526131.0
2024-09-02 08:00:00+00:00,3.9121,58717.6526,3.909,484542.0
2024-09-02 09:00:00+00:00,3.9545,42686.55,3.955,455381.0
2024-09-02 10:00:00+00:00,3.9735,44616.6906,3.975,430162.0
2024-09-02 11:00:00+00:00,3.9479,22311.2665,3.948,242468.0
2024-09-02 12:00:00+00:00,3.928,27082.1583,3.927,233462.0
2024-09-02 13:00:00+00:00,3.9282,40217.6736,3.927,445989.0
2024-09-02 14:00:00+00:00,3.976,50788.1736,3.976,408270.0
2024-09-02 15:00:00+00:00,3.9568,30479.3059,3.956,353327.0
2024-09-02 16:00:00+00:00,3.924,26096.7131,3.925,778650.0
2024-09-02 17:00:00+00:00,3.9457,25252.3616,3.947,392275.0
2024-09-02 18:00:00+00:00,3.9156,28440.479,3.917,627927.0
2024-09-02 19:00:00+00:00,3.9159,18358.5447,3.915,231353.0
2024-09-02 20:00:00+00:00,3.9933,30924.3776,4.001,349532.0
2024-09-02 21:00:00+00:00,3.9834,23115.4157,3.986,321379.0
2024-09-02 22:00:00+00:00,4.0047,10236.3488,4.003,216560.0
2024-09-02 23:00:00+00:00,3.9897,18257.665,3.988,258303.0
2024-09-03 00:00:00+00:00,4.0058,14412.2995,4.005,84137.0
2024-09-03 01:00:00+00:00,4.029,28163.2568,4.025,307571.0
2024-09-03 02:00:00+00:00,4.0227,32502.60642225,4.022,777360.0
2024-09-03 03:00:00+00:00,4.002,37042.7973,4.003,450362.0
2024-09-03 04:00:00+00:00,3.9841,31003.2786,3.982,652170.0
2024-09-03 05:00:00+00:00,3.9805,18621.5187,3.981,288836.0
2024-09-03 06:00:00+00:00,3.9323,22312.3506,3.931,338663.0
2024-09-03 07:00:00+00:00,4.0111,165547.1636,4.01,2434670.0
2024-09-03 08:00:00+00:00,3.9369,24491.6445,3.943,547197.0
2024-09-03 09:00:00+00:00,3.9328,14847.3814,3.934,100076.0
2024-09-03 10:00:00+00:00,3.9584,17489.1868,3.957,229873.0
2024-09-03 11:00:00+00:00,3.9282,77556.7302,3.928,1333400.0
2024-09-03 12:00:00+00:00,3.9363,36378.0044,3.933,672207.0
2024-09-03 13:00:00+00:00,3.8447,55624.7543,3.844,770211.0
2024-09-03 14:00:00+00:00,3.7986,59077.0358,3.797,1092183.0
2024-09-03 15:00:00+00:00,3.7343,87480.9966,3.738,1232455.0
2024-09-03 16:00:00+00:00,3.7407,56536.9787,3.739,429736.0
2024-09-03 17:00:00+00:00,3.7522,20278.2981,3.75,264733.0
2024-09-03 18:00:00+00:00,3.7877,31494.529,3.789,331277.0
2024-09-03 19:00:00+00:00,3.7879,16251.1007,3.784,214165.0
2024-09-03 20:00:00+00:00,3.8016,10789.0575,3.797,133662.0
2024-09-03 21:00:00+00:00,3.7958,10116.7214,3.787,121478.0
2024-09-03 22:00:00+00:00,3.7703,30592.9327,3.771,159377.0
2024-09-03 23:00:00+00:00,3.7245,24141.961,3.725,689011.0
2024-09-04 00:00:00+00:00,3.6695,49705.34504601,3.67,700118.0
2024-09-04 01:00:00+00:00,3.665,188364.8274,3.665,1973454.0
2024-09-04 02:00:00+00:00,3.6865,43899.8193,3.686,318666.0
2024-09-04 03:00:00+00:00,3.7165,52228.8035,3.717,123332.0
2024-09-04 04:00:00+00:00,3.7263,58152.1884,3.726,256635.0
2024-09-04 05:00:00+00:00,3.6712,79992.2085,3.671,594947.0
2024-09-04 06:00:00+00:00,3.6851,46316.2585,3.685,325406.0
2024-09-04 07:00:00+00:00,3.7313,41867.9382,3.732,253237.0
2024-09-04 08:00:00+00:00,3.7682,35363.425,3.767,162023.0
2024-09-04 09:00:00+00:00,3.764,38896.9153,3.766,121084.0
2024-09-04 10:00:00+00:00,3.7164,43588.2906,3.716,229884.0
2024-09-04 11:00:00+00:00,3.7592,47687.2367,3.758,139680.0
2024-09-04 12:00:00+00:00,3.7653,42532.9568,3.765,111418.0
2024-09-04 13:00:00+00:00,3.7826,39021.9056,3.78,384054.0
2024-09-04 14:00:00+00:00,3.8508,68245.7214,3.848,789040.0
2024-09-04 15:00:00+00:00,3.8799,51591.5253,3.877,493687.0
2024-09-04 16:00:00+00:00,3.9172,44491.8905,3.917,966262.0
2024-09-04 17:00:00+00:00,3.8913,51966.5257,3.892,624239.0
2024-09-04 18:00:00+00:00,3.8212,41453.9848,3.821,703317.0
2024-09-04 19:00:00+00:00,3.8506,23286.5569,3.85,208517.0
2024-09-04 20:00:00+00:00,3.876,15140.6358,3.873,316660.0
2024-09-04 21:00:00+00:00,3.8878,5540.3416,3.889,151001.0
2024-09-04 22:00:00+00:00,3.9196,30486.0587,3.918,383326.0
2024-09-04 23:00:00+00:00,3.8877,21691.3619,3.889,489284.0
2024-09-05 00:00:00+00:00,3.8825,26771.2153,3.882,379277.0
2024-09-05 01:00:00+00:00,3.8955,20316.4343,3.9,235574.0
2024-09-05 02:00:00+00:00,3.8557,24613.8678,3.856,279813.0
2024-09-05 03:00:00+00:00,3.8236,36436.4379,3.822,272457.0
2024-09-05 04:00:00+00:00,3.8409,18207.9496,3.84,119734.0
2024-09-05 05:00:00+00:00,3.8275,12178.4095,3.826,159694.0
2024-09-05 06:00:00+00:00,3.8042,21004.5846,3.804,165283.0
2024-09-05 07:00:00+00:00,3.8309,13620.9822,3.83,155400.0
2024-09-05 08:00:00+00:00,3.8191,21422.6599,3.819,203950.0
2024-09-05 09:00:00+00:00,3.8048,24511.1434,3.805,193474.0
2024-09-05 10:00:00+00:00,3.8071,21456.4245,3.808,111256.0
2024-09-05 11:00:00+00:00,3.8004,19200.3972,3.8,214237.0
2024-09-05 12:00:00+00:00,3.8218,38537.4685,3.821,215391.0
2024-09-05 13:00:00+00:00,3.8765,53756.203,3.874,453192.0
2024-09-05 14:00:00+00:00,3.8105,38270.5633,3.808,531057.0
2024-09-05 15:00:00+00:00,3.7778,35229.0255,3.777,475565.0
2024-09-05 16:00:00+00:00,3.7593,28587.8275,3.762,511671.0
2024-09-05 17:00:00+00:00,3.7867,16855.1468,3.789,201973.0
2024-09-05 18:00:00+00:00,3.7764,15425.6922,3.776,117258.0
2024-09-05 19:00:00+00:00,3.7235,34322.5023,3.723,309789.0
2024-09-05 20:00:00+00:00,3.725,15313.8254,3.724,175239.0
2024-09-05 21:00:00+00:00,3.7293,10310.163,3.729,129023.0
2024-09-05 22:00:00+00:00,3.7278,16862.95488743,3.728,301350.0
2024-09-05 23:00:00+00:00,3.7117,13668.1995,3.712,247450.0
2024-09-06 00:00:00+00:00,3.7128,14032.5571,3.713,192876.0
2024-09-06 01:00:00+00:00,3.7535,10463.1528,3.749,232555.0
2024-09-06 02:00:00+00:00,3.7589,16802.6833,3.759,170815.0
2024-09-06 03:00:00+00:00,3.7182,15198.0694,3.719,129835.0
2024-09-06 04:00:00+00:00,3.699,33931.9321,3.699,270960.0
2024-09-06 05:00:00+00:00,3.6973,40065.349,3.7,307982.0
2024-09-06 06:00:00+00:00,3.6844,27583.774,3.69,152129.0
2024-09-06 07:00:00+00:00,3.6402,70585.1982,3.641,1085614.0
2024-09-06 08:00:00+00:00,3.6404,27598.339,3.641,183003.0
2024-09-06 09:00:00+00:00,3.634,27649.9277,3.636,122797.0
2024-09-06 10:00:00+00:00,3.6442,44221.5345,3.643,405378.0
2024-09-06 11:00:00+00:00,3.6462,28256.4628,3.65,145499.0
2024-09-06 12:00:00+00:00,3.8,95843.5163,3.797,931628.0
2024-09-06 13:00:00+00:00,3.6813,64770.9945,3.683,1126810.0
2024-09-06 14:00:00+00:00,3.6428,82731.5634,3.641,1145736.0
2024-09-06 15:00:00+00:00,3.6395,72448.3934,3.638,478977.0
2024-09-06 16:00:00+00:00,3.5882,44095.8013,3.588,699710.0
2024-09-06 17:00:00+00:00,3.5847,30847.239,3.585,895841.0
2024-09-06 18:00:00+00:00,3.5345,46132.2821,3.538,415906.0
2024-09-06 19:00:00+00:00,3.556,50686.2341,3.555,470303.0
2024-09-06 20:00:00+00:00,3.4513,68682.1815,3.452,861568.0
2024-09-06 21:00:00+00:00,3.5314,50934.783,3.527,998704.0
2024-09-06 22:00:00+00:00,3.5203,43812.5411,3.52,417061.0
2024-09-06 23:00:00+00:00,3.5502,59491.3797,3.548,392880.0
2024-09-07 00:00:00+00:00,3.5738,33281.9068,3.576,551966.0
2024-09-07 01:00:00+00:00,3.5571,14137.6253,3.556,140775.0
2024-09-07 02:00:00+00:00,3.5563,11685.2609,3.558,95465.0
2024-09-07 03:00:00+00:00,3.5678,7774.4079,3.568,35816.0
2024-09-07 05:00:00+00:00,3.6298,87061.2929,3.627,497813.0
2024-09-07 06:00:00+00:00,3.6368,28564.7318,3.636,286797.0
2024-09-07 07:00:00+00:00,3.635,26794.6357,3.636,225091.0
2024-09-07 08:00:00+00:00,3.6489,17566.5383,3.649,148056.0
2024-09-07 09:00:00+00:00,3.6104,36125.766,3.61,470662.0
2024-09-07 10:00:00+00:00,3.618,16184.9744,3.618,113306.0
2024-09-07 11:00:00+00:00,3.6247,12720.5861,3.626,109394.0
2024-09-07 12:00:00+00:00,3.6444,18227.0487,3.645,145077.0
2024-09-07 13:00:00+00:00,3.6466,14048.2081,3.652,137672.0
2024-09-07 14:00:00+00:00,3.6661,23795.6412,3.666,127001.0
2024-09-07 15:00:00+00:00,3.6883,29896.8175,3.688,533120.0
2024-09-07 16:00:00+00:00,3.745,112514.7573,3.743,2252549.0
2024-09-07 17:00:00+00:00,3.6863,91109.3448,3.687,1371158.0
2024-09-07 18:00:00+00:00,3.69,33702.946392,3.69,98877.0
2024-09-07 19:00:00+00:00,3.7037,31555.1642,3.706,607429.0
2024-09-07 20:00:00+00:00,3.6764,11741.3048,3.678,145486.0
2024-09-07 21:00:00+00:00,3.6505,20935.4931,3.652,532435.0
2024-09-07 22:00:00+00:00,3.6257,11399.9054,3.623,237301.0
2024-09-07 23:00:00+00:00,3.6661,12652.023,3.666,375055.0
2024-09-08 00:00:00+00:00,3.6691,17633.8217,3.667,120950.0
2024-09-08 01:00:00+00:00,3.6777,33756.9063,3.678,163519.0
2024-09-08 02:00:00+00:00,3.6923,17137.7327,3.693,112725.0
2024-09-08 03:00:00+00:00,3.7206,33899.7718,3.717,174054.0
2024-09-08 04:00:00+00:00,3.7599,24989.0238,3.763,241994.0
2024-09-08 05:00:00+00:00,3.7425,28915.644,3.744,241300.0
2024-09-08 06:00:00+00:00,3.7251,16408.0111,3.726,165913.0
2024-09-08 07:00:00+00:00,3.782,39146.6935,3.782,504780.0
2024-09-08 08:00:00+00:00,3.7734,48335.9144,3.772,506965.0
2024-09-08 09:00:00+00:00,3.7766,41741.393,3.775,134335.0
2024-09-08 10:00:00+00:00,3.7491,120638.1329,3.75,1955519.0
2024-09-08 11:00:00+00:00,3.7264,43141.078,3.729,219775.0
2024-09-08 12:00:00+00:00,3.6832,77029.387,3.685,622460.0
2024-09-08 13:00:00+00:00,3.7031,25634.0125,3.704,273234.0
2024-09-08 14:00:00+00:00,3.6901,27939.9099,3.692,236701.0
2024-09-08 15:00:00+00:00,3.6668,32195.9332,3.666,331966.0
2024-09-08 16:00:00+00:00,3.679,28421.264,3.679,543053.0
2024-09-08 17:00:00+00:00,3.721,30244.825,3.721,719235.0
2024-09-08 18:00:00+00:00,3.7089,31097.7565,3.707,182086.0
2024-09-08 19:00:00+00:00,3.699,22353.2104,3.699,93367.0
2024-09-08 20:00:00+00:00,3.7087,14401.3286,3.709,104446.0
2024-09-08 21:00:00+00:00,3.7336,25779.0509,3.732,851527.0
2024-09-08 22:00:00+00:00,3.7374,55937.4698,3.738,1468544.0
2024-09-08 23:00:00+00:00,3.7579,27281.64,3.756,406573.0
2024-09-09 00:00:00+00:00,3.7861,27596.0104,3.787,544005.0
2024-09-09 01:00:00+00:00,3.8037,27830.231,3.802,416005.0
2024-09-09 02:00:00+00:00,3.7924,13794.1198,3.796,92112.0
2024-09-09 03:00:00+00:00,3.796,34590.4715,3.798,361483.0
2024-09-09 04:00:00+00:00,3.7816,25105.0075,3.786,94598.0
2024-09-09 05:00:00+00:00,3.7641,25631.61,3.764,108134.0
2024-09-09 06:00:00+00:00,3.8077,47123.4726,3.808,179529.0
2024-09-09 07:00:00+00:00,3.8423,57003.7442,3.842,283892.0
2024-09-09 08:00:00+00:00,3.8957,82086.7299,3.893,209026.0
2024-09-09 09:00:00+00:00,3.8838,72339.3107,3.884,367091.0
2024-09-09 10:00:00+00:00,3.908,59122.5072,3.905,440031.0
2024-09-09 11:00:00+00:00,3.8738,38204.7004,3.874,234613.0
2024-09-09 12:00:00+00:00,3.8949,49768.1679,3.893,206974.0
2024-09-09 13:00:00+00:00,3.9045,78656.3812,3.903,457304.0
2024-09-09 14:00:00+00:00,3.84,108518.498,3.84,656711.0
2024-09-09 15:00:00+00:00,3.8845,79222.8627,3.891,454353.0
2024-09-09 16:00:00+00:00,3.975,106937.6661,3.975,835198.0
2024-09-09 17:00:00+00:00,3.9888,112515.43548567,3.992,780057.0
2024-09-09 18:00:00+00:00,4.0031,60188.4897,4.003,700123.0
2024-09-09 19:00:00+00:00,4.0603,84419.8233,4.058,1282308.0
2024-09-09 20:00:00+00:00,4.0343,45710.4121,4.032,159425.0
2024-09-09 21:00:00+00:00,4.0593,116385.5463,4.058,1599592.0
2024-09-09 22:00:00+00:00,4.0465,30770.3154,4.047,122032.0
2024-09-09 23:00:00+00:00,4.0151,28877.6521,4.016,590402.0
2024-09-10 00:00:00+00:00,4.0089,54813.042,4.009,520281.0
2024-09-10 01:00:00+00:00,3.9776,18633.2802,3.978,180868.0
2024-09-10 02:00:00+00:00,3.9672,23482.8337,3.967,336146.0
2024-09-10 03:00:00+00:00,3.9435,15414.6816,3.943,74198.0
2024-09-10 04:00:00+00:00,3.9542,45613.4114,3.957,287200.0
2024-09-10 05:00:00+00:00,3.9995,45715.4011,3.999,302187.0
2024-09-10 06:00:00+00:00,3.978,12025.7591,3.978,88659.0
2024-09-10 07:00:00+00:00,4.0314,18821.8374,4.029,192312.0
2024-09-10 08:00:00+00:00,4.0056,29684.4115,4.002,466113.0
2024-09-10 09:00:00+00:00,4.0331,26399.5487,4.032,184015.0
2024-09-10 10:00:00+00:00,4.0464,11860.8066,4.044,377617.0
2024-09-10 11:00:00+00:00,4.0581,8830.0426,4.057,65256.0
2024-09-10 12:00:00+00:00,4.0248,23667.7764,4.023,416774.0
2024-09-10 13:00:00+00:00,4.0153,25894.3178,4.017,327702.0
2024-09-10 14:00:00+00:00,4.0044,34012.1536,4.006,475618.0
2024-09-10 15:00:00+00:00,3.9758,26156.7385,3.974,228503.0
2024-09-10 16:00:00+00:00,3.998,32185.151,3.998,248499.0
2024-09-10 17:00:00+00:00,4.0233,24816.0206,4.024,354351.0
2024-09-10 18:00:00+00:00,4.0361,15448.7492,4.038,438424.0
2024-09-10 19:00:00+00:00,4.0536,8059.3046,4.054,354306.0
2024-09-10 20:00:00+00:00,4.0357,43003.9612,4.034,549849.0
2024-09-10 21:00:00+00:00,4.016,7950.9596,4.014,179255.0
2024-09-10 22:00:00+00:00,4.0435,6913.7241,4.041,41229.0
2024-09-10 23:00:00+00:00,4.0333,51286.5399,4.033,149093.0
2024-09-11 00:00:00+00:00,4.045,13380.8114,4.044,72481.0
2024-09-11 01:00:00+00:00,3.9748,55528.318,3.976,415814.0
2024-09-11 02:00:00+00:00,3.9905,25800.1815,3.99,158849.0
2024-09-11 03:00:00+00:00,3.9841,47630.2887,3.983,258460.0
2024-09-11 04:00:00+00:00,3.9365,55715.48002002,3.937,299597.0
2024-09-11 05:00:00+00:00,3.9011,34891.3028,3.902,365322.0
2024-09-11 06:00:00+00:00,3.9218,31238.2261,3.918,212486.0
2024-09-11 07:00:00+00:00,3.9418,26545.7351,3.942,165301.0
2024-09-11 08:00:00+00:00,3.899,47604.625,3.899,232656.0
2024-09-11 09:00:00+00:00,3.9208,28370.3334,3.921,138782.0
2024-09-11 10:00:00+00:00,3.9059,27601.7354,3.905,118551.0
2024-09-11 11:00:00+00:00,3.9374,40244.6963,3.936,89474.0
2024-09-11 12:00:00+00:00,3.9402,73537.9347,3.94,867926.0
2024-09-11 13:00:00+00:00,3.848,82933.072,3.847,704412.0
2024-09-11 14:00:00+00:00,3.8508,86068.9379,3.849,457736.0
2024-09-11 15:00:00+00:00,3.9093,66934.171,3.908,302144.0
2024-09-11 16:00:00+00:00,4.0031,114630.4893,4.004,591341.0
2024-09-11 17:00:00+00:00,4.0151,36671.7483,4.01,414874.0
2024-09-11 18:00:00+00:00,3.995,39915.5377,3.995,282777.0
2024-09-11 19:00:00+00:00,3.9964,26703.742,3.994,334488.0
2024-09-11 20:00:00+00:00,3.9982,19593.704,3.997,138109.0
2024-09-11 21:00:00+00:00,3.9808,16564.6423,3.981,97709.0
2024-09-11 22:00:00+00:00,3.9784,18023.3815,3.976,40915.0
2024-09-11 23:00:00+00:00,3.9678,18493.075,3.968,588504.0
2024-09-12 00:00:00+00:00,4.0651,46702.4691,4.062,873536.0
2024-09-12 01:00:00+00:00,4.0986,57334.2238,4.098,656256.0
2024-09-12 02:00:00+00:00,4.1167,47589.789,4.115,974968.0
2024-09-12 03:00:00+00:00,4.1057,37753.1334,4.105,574768.0
2024-09-12 04:00:00+00:00,4.156,37482.9976,4.156,360603.0
2024-09-12 05:00:00+00:00,4.1447,35605.4453,4.146,427895.0
2024-09-12 06:00:00+00:00,4.1283,28995.185,4.125,371618.0
2024-09-12 07:00:00+00:00,4.14,63556.7138,4.137,678400.0
2024-09-12 08:00:00+00:00,4.2015,49416.1428,4.201,1183715.0
2024-09-12 09:00:00+00:00,4.19,72552.2349,4.191,1174459.0
2024-09-12 10:00:00+00:00,4.2037,37281.6589,4.204,165096.0
2024-09-12 11:00:00+00:00,4.2231,45436.0822,4.223,367266.0
2024-09-12 12:00:00+00:00,4.1413,39141.6512,4.145,502604.0
2024-09-12 13:00:00+00:00,4.1543,21194.713,4.156,348078.0
2024-09-12 14:00:00+00:00,4.1439,44921.5902,4.143,569695.0
2024-09-12 15:00:00+00:00,4.1473,21641.7572,4.145,284330.0
2024-09-12 16:00:00+00:00,4.254,18801.6707,4.256,267221.0
2024-09-12 17:00:00+00:00,4.2628,34335.8502,4.264,874120.0
2024-09-12 18:00:00+00:00,4.2623,22263.7129,4.264,507111.0
2024-09-12 19:00:00+00:00,4.2926,44576.2603,4.292,1062372.0
2024-09-12 20:00:00+00:00,4.2537,19387.4417,4.251,315066.0
2024-09-12 21:00:00+00:00,4.215,29408.7982,4.221,568357.0
2024-09-12 22:00:00+00:00,4.2583,24937.7661,4.261,298570.0
2024-09-12 23:00:00+00:00,4.2461,24711.0461,4.247,332393.0
2024-09-13 00:00:00+00:00,4.2426,17691.9381,4.243,137461.0
2024-09-13 01:00:00+00:00,4.2519,13591.118,4.252,171670.0
2024-09-13 02:00:00+00:00,4.2554,22232.1778,4.254,170335.0
2024-09-13 03:00:00+00:00,4.2163,23387.3627,4.216,728628.0
2024-09-13 04:00:00+00:00,4.2071,32159.549,4.21,695497.0
2024-09-13 05:00:00+00:00,4.1944,26330.8941,4.195,206013.0
2024-09-13 06:00:00+00:00,4.1698,29751.4963,4.17,177003.0
2024-09-13 07:00:00+00:00,4.1718,38022.5963,4.174,335748.0
2024-09-13 08:00:00+00:00,4.1775,28157.5007,4.178,142511.0
2024-09-13 09:00:00+00:00,4.1595,28491.6093,4.159,96077.0
2024-09-13 10:00:00+00:00,4.2003,22945.5897,4.2,94752.0
2024-09-13 11:00:00+00:00,4.1464,27957.5171,4.144,268291.0
2024-09-13 12:00:00+00:00,4.1549,45039.4155,4.154,507443.0
2024-09-13 13:00:00+00:00,4.1581,30858.4478,4.164,202251.0
2024-09-13 14:00:00+00:00,4.1849,39567.8591,4.185,318172.0
2024-09-13 15:00:00+00:00,4.316,94664.8971,4.314,1034396.0
2024-09-13 16:00:00+00:00,4.2895,75490.53879657,4.287,1245254.0
2024-09-13 17:00:00+00:00,4.276,43182.3673,4.273,507763.0
2024-09-13 18:00:00+00:00,4.2695,49422.8513,4.267,492204.0
2024-09-13 19:00:00+00:00,4.2411,22506.3231,4.239,225162.0
2024-09-13 20:00:00+00:00,4.2473,35881.9002,4.248,321448.0
2024-09-13 21:00:00+00:00,4.3074,46178.03753683,4.307,241520.0
2024-09-13 22:00:00+00:00,4.2962,17755.9433,4.295,279052.0
2024-09-13 23:00:00+00:00,4.287,13597.7896,4.286,178847.0
2024-09-14 00:00:00+00:00,4.2514,13075.984,4.252,162131.0
2024-09-14 01:00:00+00:00,4.24,13262.8569,4.238,141204.0
2024-09-14 02:00:00+00:00,4.2194,23068.3462,4.221,328348.0
2024-09-14 03:00:00+00:00,4.2424,16375.7091,4.242,324207.0
2024-09-14 04:00:00+00:00,4.2183,29492.4319,4.218,192023.0
2024-09-14 05:00:00+00:00,4.2001,33190.1657,4.198,415655.0
2024-09-14 06:00:00+00:00,4.2134,29471.5513,4.216,243704.0
2024-09-14 07:00:00+00:00,4.2121,18346.7536,4.213,113089.0
2024-09-14 08:00:00+00:00,4.1766,15313.8692,4.175,114721.0
2024-09-14 09:00:00+00:00,4.1873,20511.6288,4.186,194161.0
2024-09-14 10:00:00+00:00,4.1732,27595.5745,4.172,70658.0
2024-09-14 11:00:00+00:00,4.1689,30304.0631,4.168,124795.0
2024-09-14 12:00:00+00:00,4.1946,30552.6204,4.193,110486.0
2024-09-14 13:00:00+00:00,4.2029,24332.2992,4.202,74314.0
2024-09-14 14:00:00+00:00,4.2186,27729.2996,4.22,469595.0
2024-09-14 15:00:00+00:00,4.208,20357.6435,4.207,160991.0
2024-09-14 16:00:00+00:00,4.2385,21225.04485881,4.239,122169.0
2024-09-14 17:00:00+00:00,4.2091,18972.9206,4.212,340443.0
2024-09-14 18:00:00+00:00,4.1915,39485.4769,4.192,567561.0
2024-09-14 19:00:00+00:00,4.1702,19664.073,4.17,195874.0
2024-09-14 20:00:00+00:00,4.1933,21112.5833,4.193,118063.0
2024-09-14 21:00:00+00:00,4.1803,13063.0228,4.18,214794.0
2024-09-14 22:00:00+00:00,4.1852,5629.1938,4.185,164447.0
2024-09-14 23:00:00+00:00,4.1924,13143.6922,4.193,106298.0
2024-09-15 00:00:00+00:00,4.2019,33626.375,4.203,226323.0
2024-09-15 01:00:00+00:00,4.2409,38382.3213,4.242,160714.0
2024-09-15 02:00:00+00:00,4.2593,28307.1867,4.257,159385.0
2024-09-15 03:00:00+00:00,4.22,27020.6564,4.219,188783.0
2024-09-15 04:00:00+00:00,4.1854,22880.8784,4.185,155928.0
2024-09-15 05:00:00+00:00,4.2021,24480.2118,4.203,165303.0
2024-09-15 06:00:00+00:00,4.2302,19923.4377,4.231,61862.0
2024-09-15 07:00:00+00:00,4.23,21137.0728,4.229,106933.0
2024-09-15 08:00:00+00:00,4.2354,31004.5872,4.235,87031.0
2024-09-15 09:00:00+00:00,4.2208,23808.6948,4.22,137454.0
2024-09-15 10:00:00+00:00,4.1961,26516.5804,4.197,140512.0
2024-09-15 11:00:00+00:00,4.179,30353.1067,4.179,245920.0
2024-09-15 12:00:00+00:00,4.1985,27208.5144,4.198,207767.0
2024-09-15 13:00:00+00:00,4.2003,39032.2653,4.202,188311.0
2024-09-15 14:00:00+00:00,4.1835,62332.4497,4.186,678495.0
2024-09-15 15:00:00+00:00,4.1944,27275.9159,4.192,134061.0
2024-09-15 16:00:00+00:00,4.1438,21340.1337,4.143,212630.0
2024-09-15 17:00:00+00:00,4.1353,40633.9535,4.134,588650.0
2024-09-15 18:00:00+00:00,4.1428,30329.8312,4.148,289726.0
2024-09-15 19:00:00+00:00,4.1299,17702.9482,4.132,141812.0
2024-09-15 20:00:00+00:00,4.0961,49152.2674,4.094,652089.0
2024-09-15 21:00:00+00:00,4.074,94259.8838,4.072,1679306.0
2024-09-15 22:00:00+00:00,4.0635,17220.0982,4.062,372701.0
2024-09-15 23:00:00+00:00,4.0164,38879.5401,4.014,1049974.0
2024-09-16 00:00:00+00:00,3.9973,44125.3159,3.993,420779.0
2024-09-16 01:00:00+00:00,3.9515,31510.2112,3.953,513660.0
2024-09-16 02:00:00+00:00,3.9005,71255.3161,3.901,1099064.0
2024-09-16 03:00:00+00:00,3.9482,39541.471,3.947,703239.0
2024-09-16 04:00:00+00:00,3.9316,18053.6516,3.928,99388.0
2024-09-16 05:00:00+00:00,3.9758,9550.5266,3.977,214026.0
2024-09-16 06:00:00+00:00,3.9495,9156.0133,3.95,321608.0
2024-09-16 07:00:00+00:00,3.9889,42924.1012,3.989,295122.0
2024-09-16 08:00:00+00:00,4.0133,33047.7664,4.014,473994.0
2024-09-16 09:00:00+00:00,3.9586,28575.4772,3.957,234231.0
2024-09-16 10:00:00+00:00,3.9701,21745.7434,3.972,216204.0
2024-09-16 11:00:00+00:00,3.9642,10398.9969,3.966,163949.0
2024-09-16 12:00:00+00:00,3.9296,9560.0495,3.932,321764.0
2024-09-16 13:00:00+00:00,3.9299,29715.486,3.932,535776.0
2024-09-16 14:00:00+00:00,3.8816,60015.6511,3.881,944158.0
2024-09-16 15:00:00+00:00,3.8995,18436.7155,3.9,428640.0
2024-09-16 16:00:00+00:00,3.8824,10632.8044,3.88,313390.0
2024-09-16 17:00:00+00:00,3.9068,40114.8895,3.905,418209.0
2024-09-16 18:00:00+00:00,3.8865,24142.8004,3.887,270706.0
2024-09-16 19:00:00+00:00,3.8787,5188.1172,3.878,153230.0
2024-09-16 20:00:00+00:00,3.8557,22429.5518,3.856,218414.0
2024-09-16 21:00:00+00:00,3.8893,10580.3148,3.89,146907.0
2024-09-16 22:00:00+00:00,3.872,10720.9,3.872,52322.0
2024-09-16 23:00:00+00:00,3.8791,18792.0598,3.878,213641.0
2024-09-17 00:00:00+00:00,3.8403,31483.2367,3.839,298108.0
2024-09-17 01:00:00+00:00,3.865,34220.4842,3.865,284490.0
2024-09-17 02:00:00+00:00,3.8859,33201.2882,3.888,279121.0
2024-09-17 03:00:00+00:00,3.8932,37567.6657,3.894,117973.0
2024-09-17 04:00:00+00:00,3.9173,37267.7548,3.917,257762.0
2024-09-17 05:00:00+00:00,3.9899,58482.6442,3.988,742976.0
2024-09-17 06:00:00+00:00,3.9982,92909.0258,4.001,535339.0
2024-09-17 07:00:00+00:00,4.0105,30724.4609,4.009,348142.0
2024-09-17 08:00:00+00:00,4.064,51617.3779,4.064,625597.0
2024-09-17 09:00:00+00:00,4.1298,126021.769,4.133,1242188.0
2024-09-17 10:00:00+00:00,4.0988,47160.2927,4.099,661457.0
2024-09-17 11:00:00+00:00,4.0554,36927.1894,4.055,475248.0
2024-09-17 12:00:00+00:00,4.0783,49612.4943,4.078,613239.0
2024-09-17 13:00:00+00:00,4.0266,45121.8012,4.025,718371.0
2024-09-17 14:00:00+00:00,4.1374,71669.8883,4.133,1914989.0
2024-09-17 15:00:00+00:00,4.2171,132998.4747,4.22,2420293.0
2024-09-17 16:00:00+00:00,4.2195,135798.3079,4.218,1736335.0
2024-09-17 17:00:00+00:00,4.1884,42525.2395,4.189,346516.0
2024-09-17 18:00:00+00:00,4.1651,33017.6439,4.163,400841.0
2024-09-17 19:00:00+00:00,4.1401,32928.2138,4.137,724544.0
2024-09-17 20:00:00+00:00,4.1619,36938.6962,4.161,2184291.0
2024-09-17 21:00:00+00:00,4.1747,21411.9077,4.177,731489.0
2024-09-17 22:00:00+00:00,4.1478,9255.1699,4.148,377698.0
2024-09-17 23:00:00+00:00,4.133,6285.8735,4.132,370488.0
2024-09-18 00:00:00+00:00,4.0668,120146.7128,4.067,1512168.0
2024-09-18 01:00:00+00:00,4.0628,15544.3685,4.062,197763.0
2024-09-18 02:00:00+00:00,4.0949,10191.982,4.095,135705.0
2024-09-18 03:00:00+00:00,4.0917,15242.5611,4.093,219215.0
2024-09-18 04:00:00+00:00,4.0449,10160.9165,4.045,200086.0
2024-09-18 05:00:00+00:00,4.0431,6423.6766,4.044,200324.0
2024-09-18 06:00:00+00:00,4.0728,7862.4747,4.072,176188.0
2024-09-18 07:00:00+00:00,4.06,11762.3946,4.06,104946.0
2024-09-18 08:00:00+00:00,4.0275,40338.9691,4.028,400934.0
2024-09-18 09:00:00+00:00,3.9632,22973.5963,3.962,395836.0
2024-09-18 10:00:00+00:00,3.9878,25279.4272,3.988,836987.0
2024-09-18 11:00:00+00:00,3.9721,13833.9441,3.971,501825.0
2024-09-18 12:00:00+00:00,3.9904,11378.132,3.992,292386.0
2024-09-18 13:00:00+00:00,3.967,119763.0303,3.967,1594640.0
2024-09-18 14:00:00+00:00,3.9678,22148.345,3.968,426013.0
2024-09-18 15:00:00+00:00,3.9516,26051.0456,3.957,494044.0
2024-09-18 16:00:00+00:00,4.0519,29427.0406,4.052,737099.0
2024-09-18 17:00:00+00:00,4.045,26166.7188,4.046,702203.0
2024-09-18 18:00:00+00:00,4.142,199439.945,4.142,4258166.0
2024-09-18 19:00:00+00:00,4.0965,82263.4144,4.097,1086801.0
2024-09-18 20:00:00+00:00,4.0728,66589.1354,4.072,1315226.0
2024-09-18 21:00:00+00:00,4.0943,18007.0349,4.092,404155.0
2024-09-18 22:00:00+00:00,4.1505,25754.2095,4.148,176435.0
2024-09-18 23:00:00+00:00,4.2501,76473.7114,4.25,595127.0
2024-09-19 00:00:00+00:00,4.5373,279006.1365,4.537,3246312.0
2024-09-19 01:00:00+00:00,4.4852,93648.904,4.483,1700149.0
2024-09-19 02:00:00+00:00,4.5264,98496.1551,4.53,1950765.0
2024-09-19 03:00:00+00:00,4.5339,67792.8341,4.537,1108816.0
2024-09-19 04:00:00+00:00,4.5731,88011.1279,4.572,1038535.0
2024-09-19 05:00:00+00:00,4.5264,146090.9161,4.528,1732691.0
2024-09-19 06:00:00+00:00,4.4787,59133.1479,4.479,484970.0
2024-09-19 07:00:00+00:00,4.5283,119948.6929,4.526,1504930.0
2024-09-19 08:00:00+00:00,4.4589,114448.1438,4.458,872919.0
2024-09-19 09:00:00+00:00,4.4652,49289.8212,4.463,227729.0
2024-09-19 10:00:00+00:00,4.4436,66260.5487,4.442,882009.0
2024-09-19 11:00:00+00:00,4.4791,74580.2873,4.478,967258.0
2024-09-19 12:00:00+00:00,4.4562,125372.2002,4.457,2182979.0
2024-09-19 13:00:00+00:00,4.475,170975.3597,4.473,2164433.0
2024-09-19 14:00:00+00:00,4.4661,52211.6095,4.466,769843.0
2024-09-19 15:00:00+00:00,4.4875,49794.8956,4.487,1483506.0
2024-09-19 16:00:00+00:00,4.5055,51806.6167,4.505,1335839.0
2024-09-19 17:00:00+00:00,4.4903,38015.8442,4.488,562024.0
2024-09-19 18:00:00+00:00,4.4787,31082.293,4.477,360332.0
2024-09-19 19:00:00+00:00,4.4513,28836.2554,4.449,266176.0
2024-09-19 20:00:00+00:00,4.4338,21003.9642,4.434,214372.0
2024-09-19 21:00:00+00:00,4.3718,59522.2891,4.372,737193.0
2024-09-19 22:00:00+00:00,4.396,44337.4043,4.397,652712.0
2024-09-19 23:00:00+00:00,4.3642,27690.4709,4.365,475803.0
2024-09-20 00:00:00+00:00,4.2876,114804.2056,4.29,995510.0
2024-09-20 01:00:00+00:00,4.3096,37562.3658,4.311,611801.0
2024-09-20 02:00:00+00:00,4.3218,30424.4563,4.318,245814.0
2024-09-20 03:00:00+00:00,4.407,66498.2869,4.405,1120393.0
2024-09-20 04:00:00+00:00,4.4594,116141.9674,4.459,1134195.0
2024-09-20 05:00:00+00:00,4.4209,61401.4893,4.424,649280.0
2024-09-20 06:00:00+00:00,4.503,84132.7215,4.503,691404.0
2024-09-20 07:00:00+00:00,4.468,33282.2597,4.466,567738.0
2024-09-20 08:00:00+00:00,4.4597,18556.5941,4.46,698177.0
2024-09-20 09:00:00+00:00,4.4734,20088.8617,4.473,422415.0
2024-09-20 10:00:00+00:00,4.4963,57879.3603,4.496,423553.0
2024-09-20 11:00:00+00:00,4.4317,28837.3064,4.429,561822.0
2024-09-20 12:00:00+00:00,4.448,31745.4979,4.448,554445.0
2024-09-20 13:00:00+00:00,4.3827,62317.3593,4.381,756724.0
2024-09-20 14:00:00+00:00,4.3911,65971.0548,4.39,664625.0
2024-09-20 15:00:00+00:00,4.3837,21597.3154,4.381,493795.0
2024-09-20 16:00:00+00:00,4.3398,15454.685,4.338,340410.0
2024-09-20 17:00:00+00:00,4.3091,30889.2746,4.311,574621.0
2024-09-20 18:00:00+00:00,4.3617,14810.615,4.362,374281.0
2024-09-20 19:00:00+00:00,4.3545,14784.6179,4.352,232241.0
2024-09-20 20:00:00+00:00,4.3469,14806.2275,4.347,85133.0
2024-09-20 21:00:00+00:00,4.3923,14286.0019,4.393,226508.0
2024-09-20 22:00:00+00:00,4.4109,15813.4916,4.411,167352.0
2024-09-20 23:00:00+00:00,4.3859,18473.5239,4.384,194854.0
2024-09-21 00:00:00+00:00,4.3754,56779.2212,4.375,291812.0
2024-09-21 01:00:00+00:00,4.327,30163.3765,4.328,174838.0
2024-09-21 02:00:00+00:00,4.3386,29377.9483,4.337,94249.0
2024-09-21 03:00:00+00:00,4.3249,21564.1658,4.324,73502.0
2024-09-21 04:00:00+00:00,4.3034,34319.688,4.305,101335.0
2024-09-21 05:00:00+00:00,4.3268,28796.8373,4.326,150865.0
2024-09-21 06:00:00+00:00,4.3269,21360.6004,4.325,59187.0
2024-09-21 07:00:00+00:00,4.3462,19014.5352,4.35,109589.0
2024-09-21 08:00:00+00:00,4.3372,18485.8411,4.338,79985.0
2024-09-21 09:00:00+00:00,4.373,23405.704,4.375,148451.0
2024-09-21 10:00:00+00:00,4.354,21795.2636,4.354,98036.0
2024-09-21 11:00:00+00:00,4.4003,23342.7368,4.402,180252.0
2024-09-21 12:00:00+00:00,4.4371,27332.9407,4.437,192370.0
2024-09-21 13:00:00+00:00,4.535,69440.5983,4.534,876669.0
2024-09-21 14:00:00+00:00,4.5321,42194.1416,4.531,922645.0
2024-09-21 15:00:00+00:00,4.4921,61814.3643,4.492,1175102.0
2024-09-21 16:00:00+00:00,4.509,27231.6181,4.508,398871.0
2024-09-21 17:00:00+00:00,4.5118,26801.9302,4.514,311979.0
2024-09-21 18:00:00+00:00,4.5191,10332.9523,4.519,352369.0
2024-09-21 19:00:00+00:00,4.5395,22039.1836,4.544,231723.0
2024-09-21 20:00:00+00:00,4.556,44240.5951,4.559,824548.0
2024-09-21 21:00:00+00:00,4.546,11245.3607,4.544,241678.0
2024-09-21 22:00:00+00:00,4.661,42176.6555,4.662,878389.0
2024-09-21 23:00:00+00:00,4.6679,25990.317,4.67,743238.0
2024-09-22 00:00:00+00:00,4.6087,37494.6784,4.611,1081891.0
2024-09-22 01:00:00+00:00,4.588,29354.7313,4.582,443146.0
2024-09-22 02:00:00+00:00,4.5427,51686.8836,4.543,648030.0
2024-09-22 03:00:00+00:00,4.607,78048.0014,4.606,595390.0
2024-09-22 04:00:00+00:00,4.5882,44356.1093,4.589,179594.0
2024-09-22 05:00:00+00:00,4.5396,46627.26709428,4.542,393723.0
2024-09-22 06:00:00+00:00,4.5063,37983.5441,4.505,337771.0
2024-09-22 07:00:00+00:00,4.5283,27985.3044,4.529,243414.0
2024-09-22 08:00:00+00:00,4.5314,15274.1264,4.532,218700.0
2024-09-22 09:00:00+00:00,4.4938,31331.9983,4.494,352739.0
2024-09-22 10:00:00+00:00,4.4599,49561.5786,4.458,979732.0
2024-09-22 11:00:00+00:00,4.45,53669.5963,4.448,963742.0
2024-09-22 12:00:00+00:00,4.4533,15636.1652,4.451,357038.0
2024-09-22 13:00:00+00:00,4.4178,35737.2414,4.43,559870.0
2024-09-22 14:00:00+00:00,4.4305,26534.3179,4.429,974003.0
2024-09-22 15:00:00+00:00,4.4269,16416.8731,4.426,510899.0
2024-09-22 16:00:00+00:00,4.4444,32358.1108,4.444,755183.0
2024-09-22 17:00:00+00:00,4.5179,29367.3225,4.516,467946.0
2024-09-22 18:00:00+00:00,4.5466,28727.5105,4.535,534851.0
2024-09-22 19:00:00+00:00,4.5914,23871.8084,4.589,831739.0
2024-09-22 20:00:00+00:00,4.5408,38028.5566,4.541,656211.0
2024-09-22 21:00:00+00:00,4.4625,44696.2989,4.464,536929.0
2024-09-22 22:00:00+00:00,4.5779,70412.1033,4.578,804346.0
2024-09-22 23:00:00+00:00,4.5265,32542.3071,4.53,512521.0
2024-09-23 00:00:00+00:00,4.5264,81997.6623,4.529,916935.0
2024-09-23 01:00:00+00:00,4.5366,70556.0343,4.534,378031.0
2024-09-23 02:00:00+00:00,4.5462,60789.5177,4.547,230912.0
2024-09-23 03:00:00+00:00,4.7312,220618.4061,4.731,3313081.0
2024-09-23 04:00:00+00:00,4.6722,79502.5383,4.671,1003110.0
2024-09-23 05:00:00+00:00,4.8052,77906.2123,4.803,1175554.0
2024-09-23 06:00:00+00:00,4.9079,149515.1038,4.907,2802327.0
2024-09-23 07:00:00+00:00,4.8455,73834.903,4.843,943573.0
2024-09-23 08:00:00+00:00,4.8405,241880.1357,4.839,2247226.0
2024-09-23 09:00:00+00:00,4.9292,134460.7569,4.922,1420282.0
2024-09-23 10:00:00+00:00,4.8513,95242.672,4.85,1268143.0
2024-09-23 11:00:00+00:00,4.8439,41987.6341,4.844,498779.0
2024-09-23 12:00:00+00:00,4.879,40819.7568,4.874,775878.0
2024-09-23 13:00:00+00:00,4.9528,43967.6409,4.957,986741.0
2024-09-23 14:00:00+00:00,5.1081,265188.4874,5.11,4174454.0
2024-09-23 15:00:00+00:00,5.1566,75418.0935,5.156,1540003.0
2024-09-23 16:00:00+00:00,5.0917,108857.4764,5.095,1041647.0
2024-09-23 17:00:00+00:00,5.077,101745.4858,5.079,1557477.0
2024-09-23 18:00:00+00:00,5.1129,19825.9285,5.111,558930.0
2024-09-23 19:00:00+00:00,5.1663,52409.6346,5.162,1174169.0
2024-09-23 20:00:00+00:00,5.2012,50457.9848,5.2,1047262.0
2024-09-23 21:00:00+00:00,5.1419,29219.8011,5.143,900195.0
2024-09-23 22:00:00+00:00,5.0736,48865.1545,5.073,1131138.0
2024-09-23 23:00:00+00:00,5.1718,40573.1679,5.174,1203374.0
2024-09-24 00:00:00+00:00,5.1037,70000.6499,5.104,1203391.0
2024-09-24 01:00:00+00:00,5.1054,40484.3192,5.106,870804.0
2024-09-24 02:00:00+00:00,5.2143,56870.3799,5.219,1051734.0
2024-09-24 03:00:00+00:00,5.2476,45409.5408,5.244,1152681.0
2024-09-24 04:00:00+00:00,5.2614,45435.55185692,5.257,1053199.0
2024-09-24 05:00:00+00:00,5.2683,76152.1177,5.272,1234188.0
2024-09-24 06:00:00+00:00,5.239,34079.1646,5.237,775630.0
2024-09-24 07:00:00+00:00,5.2497,36597.4061,5.249,427748.0
2024-09-24 08:00:00+00:00,5.2334,59703.2749,5.235,963882.0
2024-09-24 09:00:00+00:00,5.1555,32497.1766,5.156,513292.0
2024-09-24 10:00:00+00:00,5.232,59764.0879,5.226,437587.0
2024-09-24 11:00:00+00:00,5.2171,45641.2328,5.218,536150.0
2024-09-24 12:00:00+00:00,5.1816,42843.4374,5.182,587321.0
2024-09-24 13:00:00+00:00,5.1669,44096.7432,5.168,559633.0
2024-09-24 14:00:00+00:00,5.1722,75861.1165,5.171,1669925.0
2024-09-24 15:00:00+00:00,5.2394,55965.6187,5.233,801645.0
2024-09-24 16:00:00+00:00,5.2457,39159.3141,5.246,700981.0
2024-09-24 17:00:00+00:00,5.2819,68818.6299,5.282,1267697.0
2024-09-24 18:00:00+00:00,5.2716,18673.6478,5.271,381366.0
2024-09-24 19:00:00+00:00,5.3384,25455.3128,5.335,556883.0
2024-09-24 20:00:00+00:00,5.3139,61347.796,5.314,818961.0
2024-09-24 21:00:00+00:00,5.3433,45356.6745,5.344,426398.0
2024-09-24 22:00:00+00:00,5.3842,49314.5345,5.386,1176517.0
2024-09-24 23:00:00+00:00,5.3426,40497.267,5.342,1278493.0
2024-09-25 00:00:00+00:00,5.3166,62741.9446,5.324,1073556.0
2024-09-25 01:00:00+00:00,5.3835,61441.0118,5.382,1259226.0
2024-09-25 02:00:00+00:00,5.3404,45394.48516667,5.342,674976.0
2024-09-25 03:00:00+00:00,5.3515,38920.2371,5.352,701250.0
2024-09-25 04:00:00+00:00,5.2452,72655.32099828,5.244,736152.0
2024-09-25 05:00:00+00:00,5.3007,116300.8004,5.3,1636956.0
2024-09-25 06:00:00+00:00,5.2019,30081.228,5.201,621662.0
2024-09-25 07:00:00+00:00,5.2125,19020.844,5.204,313256.0
2024-09-25 08:00:00+00:00,5.2167,22122.4062,5.218,254002.0
2024-09-25 09:00:00+00:00,5.2087,26258.7493,5.208,335994.0
2024-09-25 10:00:00+00:00,5.268,25264.7538,5.272,331054.0
2024-09-25 11:00:00+00:00,5.2369,22663.6245,5.235,156613.0
2024-09-25 12:00:00+00:00,5.2327,13863.4861,5.232,209727.0
2024-09-25 13:00:00+00:00,5.2537,26790.7668,5.254,270737.0
2024-09-25 14:00:00+00:00,5.3331,72790.9649,5.334,1004408.0
2024-09-25 15:00:00+00:00,5.2115,134565.6535,5.212,1795160.0
2024-09-25 16:00:00+00:00,5.1929,61400.5021,5.194,680827.0
2024-09-25 17:00:00+00:00,5.1866,44153.7189,5.189,870392.0
2024-09-25 18:00:00+00:00,5.2205,25623.6964,5.22,328973.0
2024-09-25 19:00:00+00:00,5.1834,49223.0452,5.182,631328.0
2024-09-25 20:00:00+00:00,5.2441,41562.5548,5.237,319524.0
2024-09-25 21:00:00+00:00,5.1778,23611.2826,5.179,541123.0
2024-09-25 22:00:00+00:00,5.1772,21930.0423,5.176,496916.0
2024-09-25 23:00:00+00:00,5.1432,29360.1538,5.146,622229.0
2024-09-26 00:00:00+00:00,5.1556,26274.2306,5.15,493006.0
2024-09-26 01:00:00+00:00,5.2855,96467.5877,5.286,1863902.0
2024-09-26 02:00:00+00:00,5.2856,36081.0636,5.28,745182.0
2024-09-26 03:00:00+00:00,5.2775,42314.8196,5.276,527790.0
2024-09-26 04:00:00+00:00,5.2624,20535.9901,5.263,312182.0
2024-09-26 05:00:00+00:00,5.3712,39700.2749,5.37,676257.0
2024-09-26 06:00:00+00:00,5.4398,120427.1409,5.436,2413292.0
2024-09-26 07:00:00+00:00,5.4114,49401.2167,5.412,893548.0
2024-09-26 08:00:00+00:00,5.351,56837.5796,5.349,654355.0
2024-09-26 09:00:00+00:00,5.431,41200.633,5.428,973975.0
2024-09-26 10:00:00+00:00,5.5596,94862.3326,5.554,1386158.0
2024-09-26 11:00:00+00:00,5.5483,43939.0425,5.548,840736.0
2024-09-26 12:00:00+00:00,5.5834,58074.933,5.582,850215.0
2024-09-26 13:00:00+00:00,5.6913,78142.5081,5.688,1730865.0
2024-09-26 14:00:00+00:00,5.726,235070.273,5.727,2081652.0
2024-09-26 15:00:00+00:00,5.8442,130320.8464,5.841,1502120.0
2024-09-26 16:00:00+00:00,5.7627,63344.9261,5.766,973226.0
2024-09-26 17:00:00+00:00,5.6464,373208.8973,5.649,1920476.0
2024-09-26 18:00:00+00:00,5.6496,35105.2705,5.654,882606.0
2024-09-26 19:00:00+00:00,5.6076,29350.9761,5.607,341380.0
2024-09-26 20:00:00+00:00,5.5862,65281.365,5.584,1065201.0
2024-09-26 21:00:00+00:00,5.6011,25489.0328,5.6,531682.0
2024-09-26 22:00:00+00:00,5.6013,26284.9016,5.601,762363.0
2024-09-26 23:00:00+00:00,5.5474,25643.6791,5.548,845783.0
2024-09-27 00:00:00+00:00,5.5525,71013.1377,5.55,863282.0
2024-09-27 01:00:00+00:00,5.5208,46167.7581,5.522,194721.0
2024-09-27 02:00:00+00:00,5.4474,66809.2554,5.453,752426.0
2024-09-27 03:00:00+00:00,5.5245,27938.2319,5.523,269831.0
2024-09-27 04:00:00+00:00,5.5868,54075.857,5.588,358516.0
2024-09-27 05:00:00+00:00,5.6938,58710.5588457,5.696,804437.0
2024-09-27 06:00:00+00:00,5.6348,112306.4081,5.636,1151390.0
2024-09-27 07:00:00+00:00,5.638,66604.8246,5.633,836931.0
2024-09-27 08:00:00+00:00,5.6617,43307.1741,5.661,447136.0
2024-09-27 09:00:00+00:00,5.5782,43013.5585,5.579,532295.0
2024-09-27 10:00:00+00:00,5.5012,48221.9124,5.499,648338.0
2024-09-27 11:00:00+00:00,5.5282,26280.1688,5.53,251532.0
2024-09-27 12:00:00+00:00,5.573,51112.1782,5.571,917400.0
2024-09-27 13:00:00+00:00,5.5203,53385.1208,5.519,738805.0
2024-09-27 14:00:00+00:00,5.5059,116638.724,5.507,1127072.0
2024-09-27 15:00:00+00:00,5.4768,154368.3482,5.481,2046859.0
2024-09-27 16:00:00+00:00,5.4843,44499.8864,5.483,558699.0
2024-09-27 17:00:00+00:00,5.4614,70548.032,5.459,591099.0
2024-09-27 18:00:00+00:00,5.4995,17536.023,5.5,262402.0
2024-09-27 19:00:00+00:00,5.3825,46307.8491,5.384,695033.0
2024-09-27 20:00:00+00:00,5.3787,26861.136,5.38,731218.0
2024-09-27 21:00:00+00:00,5.4057,15357.0215,5.406,302905.0
2024-09-27 22:00:00+00:00,5.4463,19601.4431,5.444,522815.0
2024-09-27 23:00:00+00:00,5.4559,32067.1329,5.455,393900.0
2024-09-28 00:00:00+00:00,5.4676,20386.4206,5.468,211817.0
2024-09-28 01:00:00+00:00,5.4619,22046.1882,5.462,247927.0
2024-09-28 02:00:00+00:00,5.493,33583.3249,5.496,361281.0
2024-09-28 03:00:00+00:00,5.5051,59374.7026,5.507,781586.0
2024-09-28 04:00:00+00:00,5.4946,20150.6309,5.491,150439.0
2024-09-28 05:00:00+00:00,5.4464,22391.7429,5.448,416539.0
2024-09-28 06:00:00+00:00,5.4103,55651.9168,5.413,398613.0
2024-09-28 07:00:00+00:00,5.3936,19408.6618,5.393,189183.0
2024-09-28 08:00:00+00:00,5.3869,41798.3434,5.389,302024.0
2024-09-28 09:00:00+00:00,5.4653,45121.771,5.467,540122.0
2024-09-28 10:00:00+00:00,5.4806,33435.3954,5.479,459241.0
2024-09-28 11:00:00+00:00,5.4422,18290.1698,5.442,220479.0
2024-09-28 12:00:00+00:00,5.421,17942.1842,5.421,325540.0
2024-09-28 13:00:00+00:00,5.4784,25237.4222,5.476,463020.0
2024-09-28 14:00:00+00:00,5.5153,54189.9069,5.514,615874.0
2024-09-28 15:00:00+00:00,5.5275,34818.1292,5.527,300938.0
2024-09-28 16:00:00+00:00,5.4672,38055.3757,5.467,272988.0
2024-09-28 17:00:00+00:00,5.4893,24724.3142,5.488,585492.0
2024-09-28 18:00:00+00:00,5.4715,17148.1583,5.472,186011.0
2024-09-28 19:00:00+00:00,5.501,44259.7726,5.497,175921.0
2024-09-28 20:00:00+00:00,5.4678,9021.7391,5.465,158788.0
2024-09-28 21:00:00+00:00,5.5022,29837.6043,5.502,317279.0
2024-09-28 22:00:00+00:00,5.5538,20796.8345,5.553,336836.0
2024-09-28 23:00:00+00:00,5.5607,23431.6809,5.562,459048.0
2024-09-29 00:00:00+00:00,5.4625,27158.2693,5.463,574433.0
2024-09-29 01:00:00+00:00,5.4701,22163.5274,5.467,246219.0
2024-09-29 02:00:00+00:00,5.4833,21639.8714,5.481,181449.0
2024-09-29 03:00:00+00:00,5.4877,15027.4737,5.49,353671.0
2024-09-29 04:00:00+00:00,5.4724,14291.4795,5.472,160393.0
2024-09-29 05:00:00+00:00,5.4324,25160.6322,5.433,143616.0
2024-09-29 06:00:00+00:00,5.4223,21362.046,5.419,223463.0
2024-09-29 07:00:00+00:00,5.3804,18199.5076,5.381,371697.0
2024-09-29 08:00:00+00:00,5.4368,19907.4167,5.441,297143.0
2024-09-29 09:00:00+00:00,5.4077,13352.1515,5.41,173350.0
2024-09-29 10:00:00+00:00,5.385,40310.2166,5.388,166020.0
2024-09-29 11:00:00+00:00,5.415,37151.4367,5.418,172722.0
2024-09-29 12:00:00+00:00,5.386,18325.4683,5.385,316428.0
2024-09-29 13:00:00+00:00,5.43,66855.29947396,5.432,665309.0
2024-09-29 14:00:00+00:00,5.49,48640.1979,5.491,979173.0
2024-09-29 15:00:00+00:00,5.4609,34501.3427,5.466,458636.0
2024-09-29 16:00:00+00:00,5.4892,39615.5433,5.49,707183.0
2024-09-29 17:00:00+00:00,5.5936,67630.2056,5.595,837331.0
2024-09-29 18:00:00+00:00,5.5804,38538.4613,5.576,505755.0
2024-09-29 19:00:00+00:00,5.5765,26202.1908,5.576,302872.0
2024-09-29 20:00:00+00:00,5.5193,21416.8585,5.519,616566.0
2024-09-29 21:00:00+00:00,5.5132,28450.8447,5.513,886543.0
2024-09-29 22:00:00+00:00,5.4778,14618.2852,5.478,662629.0
2024-09-29 23:00:00+00:00,5.5057,17352.5301,5.5,583811.0
2024-09-30 00:00:00+00:00,5.45,91062.731,5.449,1607899.0
2024-09-30 01:00:00+00:00,5.3759,73774.0391,5.378,1260307.0
2024-09-30 02:00:00+00:00,5.3523,72419.0861,5.353,664799.0
2024-09-30 03:00:00+00:00,5.3427,76346.4602,5.345,1092864.0
2024-09-30 04:00:00+00:00,5.2708,88207.9425,5.27,827852.0
2024-09-30 05:00:00+00:00,5.3169,46610.1894,5.319,348821.0
2024-09-30 06:00:00+00:00,5.3071,21864.8067,5.309,794416.0
2024-09-30 07:00:00+00:00,5.3543,17703.3633,5.356,325440.0
2024-09-30 08:00:00+00:00,5.3268,30303.0735,5.326,717295.0
2024-09-30 09:00:00+00:00,5.268,31284.5167,5.267,454584.0
2024-09-30 10:00:00+00:00,5.316,45360.0559,5.314,833851.0
2024-09-30 11:00:00+00:00,5.3255,24110.5771,5.326,321803.0
2024-09-30 12:00:00+00:00,5.3836,21388.699,5.383,189336.0
2024-09-30 13:00:00+00:00,5.34,32618.5341,5.34,341958.0
2024-09-30 14:00:00+00:00,5.3884,32180.6751,5.387,578767.0
2024-09-30 15:00:00+00:00,5.2977,29618.4011,5.298,521689.0
2024-09-30 16:00:00+00:00,5.3507,84652.1799,5.351,679787.0
2024-09-30 17:00:00+00:00,5.4498,31904.2495,5.448,577884.0
2024-09-30 18:00:00+00:00,5.4379,35731.1629,5.437,548892.0
2024-09-30 19:00:00+00:00,5.3645,26629.6274,5.366,580574.0
2024-09-30 20:00:00+00:00,5.3818,36958.4105,5.382,596490.0
2024-09-30 21:00:00+00:00,5.4085,15000.0834,5.413,272000.0
2024-09-30 22:00:00+00:00,5.3027,10739.4214,5.311,504316.0
2024-09-30 23:00:00+00:00,5.2873,54612.2451,5.287,1109358.0
2024-10-01 00:00:00+00:00,5.374,82396.1561,5.374,1127790.0
2024-10-01 01:00:00+00:00,5.3304,63789.2212,5.326,646015.0
2024-10-01 02:00:00+00:00,5.3239,18433.3389,5.32,298177.0
2024-10-01 03:00:00+00:00,5.3952,48648.822,5.397,391290.0
2024-10-01 04:00:00+00:00,5.4374,32802.8617,5.442,480817.0
2024-10-01 05:00:00+00:00,5.4157,32452.0934,5.42,341211.0
2024-10-01 06:00:00+00:00,5.5264,55768.9308,5.533,649289.0
2024-10-01 07:00:00+00:00,5.4784,162553.7672,5.481,818065.0
2024-10-01 08:00:00+00:00,5.4481,63833.8197,5.445,385984.0
2024-10-01 09:00:00+00:00,5.4466,76772.5176,5.448,256217.0
2024-10-01 10:00:00+00:00,5.5037,49828.0853,5.502,411435.0
2024-10-01 11:00:00+00:00,5.4624,31398.8652,5.462,344241.0
2024-10-01 12:00:00+00:00,5.4462,27874.2505,5.447,365581.0
2024-10-01 13:00:00+00:00,5.2518,120791.37628241,5.249,3274424.0
2024-10-01 14:00:00+00:00,5.0486,179445.9746,5.05,4832292.0
2024-10-01 15:00:00+00:00,5.0089,256679.7899,5.006,5990353.0
2024-10-01 16:00:00+00:00,4.9288,133080.685,4.931,3512596.0
2024-10-01 17:00:00+00:00,4.9378,229592.2186,4.931,7125475.0
2024-10-01 18:00:00+00:00,4.8644,112925.3864,4.863,1431033.0
2024-10-01 19:00:00+00:00,4.8565,69529.0406,4.855,1377071.0
2024-10-01 20:00:00+00:00,4.8787,66604.4676,4.876,3040783.0
2024-10-01 21:00:00+00:00,4.8886,58515.6123,4.888,501217.0
2024-10-01 22:00:00+00:00,4.8105,23515.5747,4.809,315364.0
2024-10-01 23:00:00+00:00,4.8395,23859.0717,4.842,238674.0
2024-10-02 00:00:00+00:00,4.7961,30215.8163,4.795,694914.0
2024-10-02 01:00:00+00:00,4.9065,26470.5041,4.907,556031.0
2024-10-02 02:00:00+00:00,4.942,49014.6531,4.942,289739.0
2024-10-02 03:00:00+00:00,4.9295,67949.2598,4.93,451716.0
2024-10-02 04:00:00+00:00,4.8612,105175.1533,4.861,936606.0
2024-10-02 05:00:00+00:00,4.889,51964.3625,4.889,367985.0
2024-10-02 06:00:00+00:00,4.9585,47819.6978,4.959,568623.0
2024-10-02 07:00:00+00:00,4.9606,59620.3921,4.961,467309.0
2024-10-02 08:00:00+00:00,4.9619,58271.9139,4.963,262620.0
2024-10-02 09:00:00+00:00,4.8175,101649.9711,4.817,985143.0
2024-10-02 10:00:00+00:00,4.7777,59321.3151,4.777,515368.0
2024-10-02 11:00:00+00:00,4.8036,43179.3906,4.802,1089958.0
2024-10-02 12:00:00+00:00,4.7534,41800.64,4.754,1057163.0
2024-10-02 13:00:00+00:00,4.7775,75183.1016,4.776,1527004.0
2024-10-02 14:00:00+00:00,4.755,68698.0189,4.755,1514155.0
2024-10-02 15:00:00+00:00,4.7783,34492.36,4.78,901291.0
2024-10-02 16:00:00+00:00,4.7565,48299.4443,4.756,1033169.0
2024-10-02 17:00:00+00:00,4.7296,39902.9259,4.728,1062109.0
2024-10-02 18:00:00+00:00,4.5709,47817.3268,4.57,2835358.0
2024-10-02 19:00:00+00:00,4.6035,74495.3419,4.6,1379898.0
2024-10-02 20:00:00+00:00,4.6552,40698.5513,4.656,498032.0
2024-10-02 21:00:00+00:00,4.6405,25390.4333,4.637,267777.0
2024-10-02 22:00:00+00:00,4.6707,20378.1575,4.669,235239.0
2024-10-02 23:00:00+00:00,4.6279,18067.6493,4.626,441223.0
2024-10-03 00:00:00+00:00,4.6299,35677.4012,4.631,741183.0
2024-10-03 01:00:00+00:00,4.699,98755.34339883,4.698,447190.0
2024-10-03 02:00:00+00:00,4.7253,93414.6118,4.722,342345.0
2024-10-03 03:00:00+00:00,4.7649,69297.0899,4.762,249287.0
2024-10-03 04:00:00+00:00,4.7399,72315.7284,4.735,192229.0
2024-10-03 05:00:00+00:00,4.6797,63165.5722,4.68,357717.0
2024-10-03 06:00:00+00:00,4.6844,46350.8501,4.686,365779.0
2024-10-03 07:00:00+00:00,4.6064,48671.5415,4.604,529437.0
2024-10-03 08:00:00+00:00,4.4707,118017.9176,4.474,758356.0
2024-10-03 09:00:00+00:00,4.5511,55634.4714,4.55,823179.0
2024-10-03 10:00:00+00:00,4.6246,42753.6392,4.624,716031.0
2024-10-03 11:00:00+00:00,4.533,22383.5695,4.532,550392.0
2024-10-03 12:00:00+00:00,4.5054,54154.1683,4.506,567489.0
2024-10-03 13:00:00+00:00,4.562,149259.415,4.56,916001.0
2024-10-03 14:00:00+00:00,4.5386,134559.5366,4.543,1030663.0
2024-10-03 15:00:00+00:00,4.5843,70685.0929,4.585,757134.0
2024-10-03 16:00:00+00:00,4.4894,60842.53,4.49,500413.0
2024-10-03 17:00:00+00:00,4.5626,31606.2222,4.563,549677.0
2024-10-03 18:00:00+00:00,4.5453,60303.2202,4.547,190895.0
2024-10-03 19:00:00+00:00,4.6423,80048.1171,4.643,404745.0
2024-10-03 20:00:00+00:00,4.5581,45339.9478,4.557,558262.0
2024-10-03 21:00:00+00:00,4.6074,21657.0865,4.613,546712.0
2024-10-03 22:00:00+00:00,4.6396,12595.05879868,4.639,306938.0
2024-10-03 23:00:00+00:00,4.6388,36693.0751,4.639,267684.0
2024-10-04 00:00:00+00:00,4.5951,70904.4527,4.594,491855.0
2024-10-04 01:00:00+00:00,4.7374,58753.5445,4.738,636671.0
2024-10-04 02:00:00+00:00,4.6711,56634.1429,4.67,592870.0
2024-10-04 03:00:00+00:00,4.6652,42004.5491,4.666,152209.0
2024-10-04 04:00:00+00:00,4.6536,50453.6819,4.655,241718.0
2024-10-04 05:00:00+00:00,4.697,33626.61032352,4.698,298317.0
2024-10-04 06:00:00+00:00,4.6582,38940.8931,4.659,325419.0
2024-10-04 07:00:00+00:00,4.6936,43769.6873,4.695,213167.0
2024-10-04 08:00:00+00:00,4.708,66053.3541,4.706,501247.0
2024-10-04 09:00:00+00:00,4.6844,60481.1397,4.687,751124.0
2024-10-04 10:00:00+00:00,4.6682,25301.6842,4.669,226649.0
2024-10-04 11:00:00+00:00,4.7203,18228.3931,4.72,338365.0
2024-10-04 12:00:00+00:00,4.7951,102333.7992,4.796,838028.0
2024-10-04 13:00:00+00:00,4.7303,63563.0062,4.734,979673.0
2024-10-04 14:00:00+00:00,4.683,86767.1524,4.683,1095919.0
2024-10-04 15:00:00+00:00,4.7685,87045.5627,4.768,1056891.0
2024-10-04 16:00:00+00:00,4.8322,82820.8688,4.831,956338.0
2024-10-04 17:00:00+00:00,4.8101,61594.4183627,4.808,545156.0
2024-10-04 18:00:00+00:00,4.8443,62981.256,4.841,457612.0
2024-10-04 19:00:00+00:00,4.8354,52493.1326,4.831,503364.0
2024-10-04 20:00:00+00:00,4.8446,11079.0301,4.845,231031.0
2024-10-04 21:00:00+00:00,4.8291,19782.8185,4.827,353869.0
2024-10-04 22:00:00+00:00,4.8313,26699.6653,4.832,328447.0
2024-10-04 23:00:00+00:00,4.8303,15892.0516,4.831,295007.0
2024-10-05 00:00:00+00:00,4.8509,32464.4942,4.854,259748.0
2024-10-05 01:00:00+00:00,4.8439,29797.01089941,4.844,486945.0
2024-10-05 02:00:00+00:00,4.7457,40911.9913,4.745,474614.0
2024-10-05 03:00:00+00:00,4.7258,55986.0721,4.728,337266.0
2024-10-05 04:00:00+00:00,4.7374,27193.8797,4.738,186692.0
2024-10-05 05:00:00+00:00,4.8038,36846.48978244,4.803,149244.0
2024-10-05 06:00:00+00:00,4.8007,25952.487,4.802,301592.0
2024-10-05 07:00:00+00:00,4.7637,86371.5308,4.765,149290.0
2024-10-05 08:00:00+00:00,4.7966,88937.1335,4.793,319706.0
2024-10-05 09:00:00+00:00,4.8272,108646.3552,4.83,290625.0
2024-10-05 10:00:00+00:00,4.7828,81152.0385,4.782,417034.0
2024-10-05 11:00:00+00:00,4.7925,58980.893,4.792,106175.0
2024-10-05 12:00:00+00:00,4.8012,56477.6628,4.801,50994.0
2024-10-05 13:00:00+00:00,4.7225,71045.4863,4.723,677799.0
2024-10-05 14:00:00+00:00,4.7088,106047.8586,4.712,330413.0
2024-10-05 15:00:00+00:00,4.7224,77692.5965,4.724,439721.0
2024-10-05 16:00:00+00:00,4.6683,82426.5997,4.668,334960.0
2024-10-05 17:00:00+00:00,4.6938,83646.725,4.692,303819.0
2024-10-05 18:00:00+00:00,4.6613,78671.659,4.66,334879.0
2024-10-05 19:00:00+00:00,4.7261,253127.6433,4.723,1960984.0
2024-10-05 20:00:00+00:00,4.6975,115476.2894,4.697,1500117.0
2024-10-05 21:00:00+00:00,4.7362,16914.3349,4.736,348396.0
2024-10-05 22:00:00+00:00,4.7785,33588.7733,4.779,238189.0
2024-10-05 23:00:00+00:00,4.7774,35764.5435,4.776,91060.0
2024-10-06 00:00:00+00:00,4.7507,47193.416,4.751,226738.0
2024-10-06 01:00:00+00:00,4.8095,66820.7562,4.807,186880.0
2024-10-06 02:00:00+00:00,4.7724,40426.7139,4.774,157095.0
2024-10-06 03:00:00+00:00,4.7446,25518.4778,4.744,143663.0
2024-10-06 04:00:00+00:00,4.7281,19693.5634,4.726,151613.0
2024-10-06 05:00:00+00:00,4.7316,15695.6269,4.733,100132.0
2024-10-06 06:00:00+00:00,4.7358,54859.1404,4.737,43136.0
2024-10-06 07:00:00+00:00,4.7325,158388.4673,4.732,94266.0
2024-10-06 08:00:00+00:00,4.7418,187749.8822,4.743,90121.0
2024-10-06 09:00:00+00:00,4.7497,197639.3327,4.752,159094.0
2024-10-06 10:00:00+00:00,4.7278,118495.7283,4.728,122939.0
2024-10-06 11:00:00+00:00,4.7706,31703.349,4.77,171323.0
2024-10-06 12:00:00+00:00,4.7895,45563.654,4.789,169608.0
2024-10-06 13:00:00+00:00,4.8101,72474.8636,4.81,524208.0
2024-10-06 14:00:00+00:00,4.9085,87559.5361,4.905,459444.0
2024-10-06 15:00:00+00:00,4.9046,70920.1196,4.9,589399.0
2024-10-06 16:00:00+00:00,4.8625,48496.9542,4.861,515345.0
2024-10-06 17:00:00+00:00,4.8452,13641.0287,4.843,310372.0
2024-10-06 18:00:00+00:00,4.8545,41206.798,4.854,230309.0
2024-10-06 19:00:00+00:00,4.8233,29361.47908237,4.823,313539.0
2024-10-06 20:00:00+00:00,4.8517,10501.953,4.851,213694.0
2024-10-06 21:00:00+00:00,4.8076,29945.97,4.805,253318.0
2024-10-06 22:00:00+00:00,4.8831,61435.6112,4.883,162170.0
2024-10-06 23:00:00+00:00,4.9505,36281.7024,4.952,533570.0
2024-10-07 00:00:00+00:00,5.0398,75571.4441,5.04,631143.0
2024-10-07 01:00:00+00:00,5.2703,178766.2099,5.268,1727553.0
2024-10-07 02:00:00+00:00,5.193,112412.4563,5.193,707711.0
2024-10-07 03:00:00+00:00,5.208,30101.2545,5.208,568183.0
2024-10-07 04:00:00+00:00,5.239,21733.2811,5.237,244043.0
2024-10-07 05:00:00+00:00,5.2066,52981.1979,5.207,346707.0
2024-10-07 06:00:00+00:00,5.2385,34610.0252,5.239,183240.0
2024-10-07 07:00:00+00:00,5.2106,41855.1843,5.208,513552.0
2024-10-07 08:00:00+00:00,5.2074,27262.0213,5.208,179546.0
2024-10-07 09:00:00+00:00,5.156,45853.3096,5.154,1021446.0
2024-10-07 10:00:00+00:00,5.0704,40579.99732571,5.071,516253.0
2024-10-07 11:00:00+00:00,5.1138,47060.569,5.113,589154.0
2024-10-07 12:00:00+00:00,5.0523,31666.1287,5.053,455075.0
2024-10-07 13:00:00+00:00,5.1606,35109.2099,5.162,620805.0
2024-10-07 14:00:00+00:00,5.2166,86541.2176,5.218,780040.0
2024-10-07 15:00:00+00:00,5.2403,76154.8394,5.239,719782.0
2024-10-07 16:00:00+00:00,5.3031,42964.5822,5.305,652923.0
2024-10-07 17:00:00+00:00,5.3092,33844.3545,5.309,361217.0
2024-10-07 18:00:00+00:00,5.1416,67526.4756,5.146,723923.0
2024-10-07 19:00:00+00:00,5.23,23167.9517,5.237,418479.0
2024-10-07 20:00:00+00:00,5.1678,20359.3683,5.167,255570.0
2024-10-07 21:00:00+00:00,5.2289,19876.9859,5.22,169415.0
2024-10-07 22:00:00+00:00,5.1163,28033.0481,5.116,255620.0
2024-10-07 23:00:00+00:00,5.0458,67123.4031,5.046,924039.0
2024-10-08 00:00:00+00:00,5.1119,40262.5201,5.112,237134.0
2024-10-08 01:00:00+00:00,5.1142,28147.8469,5.111,240242.0
2024-10-08 02:00:00+00:00,5.1544,30362.2497,5.155,226789.0
2024-10-08 03:00:00+00:00,5.1303,19662.2442,5.129,179069.0
2024-10-08 04:00:00+00:00,5.1033,19874.843,5.104,126612.0
2024-10-08 05:00:00+00:00,5.0257,110380.9299,5.025,425325.0
2024-10-08 06:00:00+00:00,5.0371,81260.1248,5.036,366583.0
2024-10-08 07:00:00+00:00,5.0124,50181.9037,5.013,470758.0
2024-10-08 08:00:00+00:00,5.0334,26204.3533,5.034,332022.0
2024-10-08 09:00:00+00:00,5.0029,47816.1279,5.003,299489.0
2024-10-08 10:00:00+00:00,5.0026,27176.3566,5.001,293866.0
2024-10-08 11:00:00+00:00,5.0099,13848.4323,5.013,153838.0
2024-10-08 12:00:00+00:00,4.949,27658.4111,4.948,309192.0
2024-10-08 13:00:00+00:00,5.0556,52920.7881,5.052,712668.0
2024-10-08 14:00:00+00:00,5.0097,78157.3509,5.013,534355.0
2024-10-08 15:00:00+00:00,4.9445,44027.8465,4.944,512190.0
2024-10-08 16:00:00+00:00,4.9986,50185.3631,4.999,314912.0
2024-10-08 17:00:00+00:00,4.9393,62471.8634,4.938,450630.0
2024-10-08 18:00:00+00:00,4.904,68772.0126,4.903,945756.0
2024-10-08 19:00:00+00:00,4.9145,29495.1101,4.915,446864.0
2024-10-08 20:00:00+00:00,4.9402,25849.5821,4.936,253964.0
2024-10-08 21:00:00+00:00,4.9588,13759.9827,4.957,160983.0
2024-10-08 22:00:00+00:00,4.8891,18619.5468,4.889,222959.0
2024-10-08 23:00:00+00:00,4.8939,14220.0349,4.893,494643.0
2024-10-09 00:00:00+00:00,4.9047,16142.4464,4.903,180772.0
2024-10-09 01:00:00+00:00,4.9568,24251.486,4.958,300544.0
2024-10-09 02:00:00+00:00,4.9012,15517.629,4.904,141700.0
2024-10-09 03:00:00+00:00,4.9263,17906.882,4.924,295690.0
2024-10-09 04:00:00+00:00,4.909,11867.8003,4.913,155624.0
2024-10-09 05:00:00+00:00,4.9702,21588.9329,4.97,190064.0
2024-10-09 06:00:00+00:00,4.9419,13291.4009,4.939,103431.0
2024-10-09 07:00:00+00:00,4.8838,47752.55225715,4.886,288391.0
2024-10-09 08:00:00+00:00,4.8795,21944.4155,4.876,209955.0
2024-10-09 09:00:00+00:00,4.9074,17646.1776,4.906,109249.0
2024-10-09 10:00:00+00:00,4.8766,15920.7984,4.88,123887.0
2024-10-09 11:00:00+00:00,4.89,17598.6237,4.89,259724.0
2024-10-09 12:00:00+00:00,4.7976,55693.2429,4.798,996727.0
2024-10-09 13:00:00+00:00,4.7379,53924.0517,4.74,746039.0
2024-10-09 14:00:00+00:00,4.7347,50281.551,4.736,400329.0
2024-10-09 15:00:00+00:00,4.7978,33118.6784,4.797,826839.0
2024-10-09 16:00:00+00:00,4.7104,83490.6814,4.714,491430.0
2024-10-09 17:00:00+00:00,4.69,76407.6495,4.689,521813.0
2024-10-09 18:00:00+00:00,4.6177,68675.3339,4.617,1028254.0
2024-10-09 19:00:00+00:00,4.6102,69499.6582,4.609,682655.0
2024-10-09 20:00:00+00:00,4.5653,52661.6746,4.563,952982.0
2024-10-09 21:00:00+00:00,4.6119,21207.4224,4.615,259934.0
2024-10-09 22:00:00+00:00,4.5989,23729.4426,4.6,209011.0
2024-10-09 23:00:00+00:00,4.6085,8406.1095,4.608,319079.0
2024-10-10 00:00:00+00:00,4.5836,33763.7825,4.579,338713.0
2024-10-10 01:00:00+00:00,4.6095,56373.7571,4.609,362820.0
2024-10-10 02:00:00+00:00,4.6415,30997.0004,4.645,144782.0
2024-10-10 03:00:00+00:00,4.6472,24180.1604,4.644,102727.0
2024-10-10 04:00:00+00:00,4.6479,23989.8399,4.647,118461.0
2024-10-10 05:00:00+00:00,4.6621,39442.7171,4.663,183592.0
2024-10-10 06:00:00+00:00,4.6563,19523.4765,4.657,133269.0
2024-10-10 07:00:00+00:00,4.5973,32424.742,4.598,306977.0
2024-10-10 08:00:00+00:00,4.5753,45176.0965,4.571,472136.0
2024-10-10 09:00:00+00:00,4.5463,65677.30331198,4.549,485690.0
2024-10-10 10:00:00+00:00,4.6044,43374.9233,4.603,272944.0
2024-10-10 11:00:00+00:00,4.6332,41794.9559,4.631,176599.0
2024-10-10 12:00:00+00:00,4.5527,51912.3657,4.551,527999.0
2024-10-10 13:00:00+00:00,4.5177,54309.6589,4.51,607534.0
2024-10-10 14:00:00+00:00,4.522,21229.0269,4.52,250515.0
2024-10-10 15:00:00+00:00,4.5288,18405.9321,4.528,410439.0
2024-10-10 16:00:00+00:00,4.4957,20694.1011,4.495,319318.0
2024-10-10 17:00:00+00:00,4.4545,17753.8739,4.454,393958.0
2024-10-10 18:00:00+00:00,4.5229,43342.5527,4.521,780580.0
2024-10-10 19:00:00+00:00,4.531,13460.8533,4.53,396713.0
2024-10-10 20:00:00+00:00,4.5285,34416.7649,4.528,233582.0
2024-10-10 21:00:00+00:00,4.576,17229.97,4.576,114017.0
2024-10-10 22:00:00+00:00,4.564,11949.91620028,4.567,99149.0
2024-10-10 23:00:00+00:00,4.593,37829.5057,4.594,149202.0
2024-10-11 00:00:00+00:00,4.576,87367.2283,4.578,202747.0
2024-10-11 01:00:00+00:00,4.6131,89622.2674,4.617,157850.0
2024-10-11 02:00:00+00:00,4.6193,57565.0211,4.618,143108.0
2024-10-11 03:00:00+00:00,4.6101,30014.0623,4.61,156331.0
2024-10-11 04:00:00+00:00,4.5933,14544.9772,4.591,112044.0
2024-10-11 05:00:00+00:00,4.5923,13172.1087,4.606,157921.0
2024-10-11 06:00:00+00:00,4.625,67392.721,4.626,639287.0
2024-10-11 07:00:00+00:00,4.6434,63981.3724,4.642,181962.0
2024-10-11 08:00:00+00:00,4.6686,27639.9465,4.663,169249.0
2024-10-11 09:00:00+00:00,4.7456,35003.5947,4.746,410756.0
2024-10-11 10:00:00+00:00,4.7298,30933.6126,4.731,322648.0
2024-10-11 11:00:00+00:00,4.7131,11536.8634,4.712,202176.0
2024-10-11 12:00:00+00:00,4.7691,27834.0729,4.767,351599.0
2024-10-11 13:00:00+00:00,4.7838,33468.797,4.782,468869.0
2024-10-11 14:00:00+00:00,4.7498,31441.3375,4.751,557757.0
2024-10-11 15:00:00+00:00,4.7965,54800.1818,4.792,568507.0
2024-10-11 16:00:00+00:00,4.7561,35504.6216,4.757,555399.0
2024-10-11 17:00:00+00:00,4.7736,32350.419,4.774,373656.0
2024-10-11 18:00:00+00:00,4.7462,56528.5803,4.744,387629.0
2024-10-11 19:00:00+00:00,4.7706,44423.3342,4.769,515852.0
2024-10-11 20:00:00+00:00,4.7743,15176.62,4.776,232494.0
2024-10-11 21:00:00+00:00,4.7864,33773.3618,4.786,107801.0
2024-10-11 22:00:00+00:00,4.7481,27611.3144,4.749,291365.0
2024-10-11 23:00:00+00:00,4.735,8456.2287,4.733,248580.0
2024-10-12 00:00:00+00:00,4.7529,20991.8036,4.756,176365.0
2024-10-12 01:00:00+00:00,4.7634,54971.6924,4.765,93547.0
2024-10-12 02:00:00+00:00,4.6978,17909.5801,4.692,195908.0
2024-10-12 03:00:00+00:00,4.7044,18069.6102,4.7,194865.0
2024-10-12 04:00:00+00:00,4.7257,9939.6862,4.72,98769.0
2024-10-12 05:00:00+00:00,4.7307,9506.9539,4.731,151888.0
2024-10-12 06:00:00+00:00,4.7487,10860.4007,4.753,136490.0
2024-10-12 07:00:00+00:00,4.7672,40754.2469,4.767,353148.0
2024-10-12 08:00:00+00:00,4.7909,46352.8445,4.792,403821.0
2024-10-12 09:00:00+00:00,4.7835,14098.9469,4.784,274768.0
2024-10-12 10:00:00+00:00,4.8409,34037.1428,4.833,432782.0
2024-10-12 11:00:00+00:00,4.8492,74273.63290272,4.848,1051907.0
2024-10-12 12:00:00+00:00,4.8434,71091.9695,4.844,620423.0
2024-10-12 13:00:00+00:00,4.8554,19180.8311,4.854,393147.0
2024-10-12 14:00:00+00:00,4.88,92837.695,4.884,556559.0
2024-10-12 15:00:00+00:00,4.859,98369.8536,4.861,567045.0
2024-10-12 16:00:00+00:00,4.8264,35409.4999,4.829,456263.0
2024-10-12 17:00:00+00:00,4.8509,32658.6676,4.851,275260.0
2024-10-12 18:00:00+00:00,4.8268,29038.0723,4.826,220695.0
2024-10-12 19:00:00+00:00,4.8097,77660.2197,4.813,322336.0
2024-10-12 20:00:00+00:00,4.8183,63187.8596,4.82,58821.0
2024-10-12 21:00:00+00:00,4.8515,25062.4768,4.854,274340.0
2024-10-12 22:00:00+00:00,4.8578,15781.7381,4.862,194745.0
2024-10-12 23:00:00+00:00,4.8449,24896.2318,4.846,426732.0
2024-10-13 00:00:00+00:00,4.8239,103812.1167,4.825,251811.0
2024-10-13 01:00:00+00:00,4.7847,53051.6513,4.785,412102.0
2024-10-13 02:00:00+00:00,4.7873,32799.653,4.788,242459.0
2024-10-13 03:00:00+00:00,4.7375,55324.5063,4.738,537629.0
2024-10-13 04:00:00+00:00,4.7613,29931.1943,4.761,72797.0
2024-10-13 05:00:00+00:00,4.7614,59012.4899,4.762,279500.0
2024-10-13 06:00:00+00:00,4.7507,28315.0456,4.751,95422.0
2024-10-13 07:00:00+00:00,4.7617,46653.3804,4.762,175411.0
2024-10-13 08:00:00+00:00,4.7357,17879.1364,4.737,95325.0
2024-10-13 09:00:00+00:00,4.7444,31311.1579,4.745,262923.0
2024-10-13 10:00:00+00:00,4.7082,7564.7252,4.712,141262.0
2024-10-13 11:00:00+00:00,4.6887,23812.9974,4.69,266233.0
2024-10-13 12:00:00+00:00,4.718,23193.0323,4.718,284560.0
2024-10-13 13:00:00+00:00,4.7254,7568.1964,4.726,76198.0
2024-10-13 14:00:00+00:00,4.6417,42124.1035,4.643,860871.0
2024-10-13 15:00:00+00:00,4.6113,23508.81,4.606,530294.0
2024-10-13 16:00:00+00:00,4.6281,34117.7382,4.628,226745.0
2024-10-13 17:00:00+00:00,4.6036,64066.539,4.604,402566.0
2024-10-13 18:00:00+00:00,4.5857,30197.9302,4.584,394389.0
2024-10-13 19:00:00+00:00,4.6141,11231.0702,4.613,173116.0
2024-10-13 20:00:00+00:00,4.6287,16324.6963,4.63,183088.0
2024-10-13 21:00:00+00:00,4.663,16758.1126,4.664,297648.0
2024-10-13 22:00:00+00:00,4.6677,18090.5414,4.666,286167.0
2024-10-13 23:00:00+00:00,4.7023,42971.9708,4.702,248591.0
2024-10-14 00:00:00+00:00,4.6369,20283.7565,4.642,161842.0
2024-10-14 01:00:00+00:00,4.6681,14654.5527,4.67,157177.0
2024-10-14 02:00:00+00:00,4.6504,13690.8353,4.65,137965.0
2024-10-14 03:00:00+00:00,4.8326,101579.7309,4.834,951779.0
2024-10-14 04:00:00+00:00,4.8232,45375.2583,4.824,385153.0
2024-10-14 05:00:00+00:00,4.7772,34147.0923,4.777,491890.0
2024-10-14 06:00:00+00:00,4.8034,54474.7331,4.805,2128604.0
2024-10-14 07:00:00+00:00,4.8404,36493.7163,4.845,391435.0
2024-10-14 08:00:00+00:00,4.809,49801.0977,4.809,441956.0
2024-10-14 09:00:00+00:00,4.8639,26647.9468,4.864,436093.0
2024-10-14 10:00:00+00:00,4.8835,31958.0409,4.883,770572.0
2024-10-14 11:00:00+00:00,4.8678,25566.9461,4.869,216057.0
2024-10-14 12:00:00+00:00,4.8801,27527.2342,4.882,364797.0
2024-10-14 13:00:00+00:00,4.9117,39568.5775,4.917,290163.0
2024-10-14 14:00:00+00:00,4.9692,102671.7367,4.965,2209733.0
2024-10-14 15:00:00+00:00,5.0104,67007.1675,5.011,1281399.0
2024-10-14 16:00:00+00:00,4.9822,29694.5085,4.986,494856.0
2024-10-14 17:00:00+00:00,5.0029,16765.2255,5.004,211485.0
2024-10-14 18:00:00+00:00,5.0075,23051.7057,5.008,395567.0
2024-10-14 19:00:00+00:00,5.0172,83509.6066,5.015,422070.0
2024-10-14 20:00:00+00:00,5.0238,40433.9337,5.024,742239.0
2024-10-14 21:00:00+00:00,5.0071,11396.4892,5.01,227384.0
2024-10-14 22:00:00+00:00,5.0733,45276.8629,5.076,418716.0
2024-10-14 23:00:00+00:00,5.0253,31404.2874,5.028,510857.0
2024-10-15 00:00:00+00:00,4.9776,35176.7951,4.98,356582.0
2024-10-15 01:00:00+00:00,4.9647,31437.5494,4.968,260335.0
2024-10-15 02:00:00+00:00,4.9804,22320.1967,4.983,165538.0
2024-10-15 03:00:00+00:00,4.9144,21227.9807,4.914,237135.0
2024-10-15 04:00:00+00:00,4.9505,71720.8333,4.949,551409.0
2024-10-15 05:00:00+00:00,4.9037,36150.4805,4.905,1835077.0
2024-10-15 06:00:00+00:00,4.9522,28911.4018,4.956,287398.0
2024-10-15 07:00:00+00:00,4.9582,28556.6939,4.96,786939.0
2024-10-15 08:00:00+00:00,5.0818,38020.48224318,5.082,763778.0
2024-10-15 09:00:00+00:00,5.0896,50855.6334,5.09,568051.0
2024-10-15 10:00:00+00:00,5.1075,48324.4616,5.106,520966.0
2024-10-15 11:00:00+00:00,4.9485,158628.548,4.948,1316683.0
2024-10-15 12:00:00+00:00,5.0755,84651.4128,5.078,1048686.0
2024-10-15 13:00:00+00:00,5.1714,144414.3373,5.169,1972921.0
2024-10-15 14:00:00+00:00,4.975,195531.76609643,4.977,3273006.0
2024-10-15 15:00:00+00:00,5.0111,121611.0503,5.012,2365188.0
2024-10-15 16:00:00+00:00,5.1497,50952.99138515,5.147,933852.0
2024-10-15 17:00:00+00:00,5.0923,43562.9307,5.092,937853.0
2024-10-15 18:00:00+00:00,5.0689,32385.7587,5.073,429787.0
2024-10-15 19:00:00+00:00,5.0278,20712.9602,5.03,380166.0
2024-10-15 20:00:00+00:00,4.9403,43578.0312,4.931,792357.0
2024-10-15 21:00:00+00:00,4.9899,14647.5899,4.981,248474.0
2024-10-15 22:00:00+00:00,5.0054,9379.5974,5.009,247930.0
2024-10-15 23:00:00+00:00,5.0647,7996.1155,5.067,139777.0
2024-10-16 00:00:00+00:00,4.9788,15187.7313,4.974,182899.0
2024-10-16 01:00:00+00:00,5.0267,34613.9187,5.027,414749.0
2024-10-16 02:00:00+00:00,5.0333,22687.4006,5.036,285696.0
2024-10-16 03:00:00+00:00,5.0047,21175.5589,5.008,362389.0
2024-10-16 04:00:00+00:00,5.0093,23065.9843,5.009,496638.0
2024-10-16 05:00:00+00:00,5.0396,25538.3266,5.04,412765.0
2024-10-16 06:00:00+00:00,4.9928,31214.5625,4.994,474896.0
2024-10-16 07:00:00+00:00,4.9398,20688.8818,4.941,231778.0
2024-10-16 08:00:00+00:00,4.9314,14119.3095,4.932,211471.0
2024-10-16 09:00:00+00:00,5.0174,18167.5154,5.018,194712.0
2024-10-16 10:00:00+00:00,4.9744,33659.3142,4.973,397435.0
2024-10-16 11:00:00+00:00,4.99,30192.531,4.99,653245.0
2024-10-16 12:00:00+00:00,4.9574,48415.022,4.957,599586.0
2024-10-16 13:00:00+00:00,4.9098,32167.8651,4.91,756930.0
2024-10-16 14:00:00+00:00,4.9246,37271.6758,4.925,748519.0
2024-10-16 15:00:00+00:00,4.9175,21409.0271,4.919,366143.0
2024-10-16 16:00:00+00:00,4.93,55695.2253,4.93,356122.0
2024-10-16 17:00:00+00:00,4.9179,22085.6443,4.922,577597.0
2024-10-16 18:00:00+00:00,4.9079,14743.0251,4.911,525616.0
2024-10-16 19:00:00+00:00,4.9143,7270.3302,4.917,223376.0
2024-10-16 20:00:00+00:00,4.9769,27456.8206,4.979,656568.0
2024-10-16 21:00:00+00:00,4.9703,7342.5446,4.98,220402.0
2024-10-16 22:00:00+00:00,5.0116,7094.7847,5.013,262736.0
2024-10-16 23:00:00+00:00,4.9501,15193.6063,4.945,515677.0
2024-10-17 00:00:00+00:00,4.9952,20276.9963,5.002,139315.0
2024-10-17 01:00:00+00:00,5.0215,27590.7011,5.025,159573.0
2024-10-17 02:00:00+00:00,4.9658,14822.5354,4.971,132475.0
2024-10-17 03:00:00+00:00,4.988,9502.7608,4.988,89024.0
2024-10-17 04:00:00+00:00,4.93,12110.0654,4.932,146911.0
2024-10-17 05:00:00+00:00,4.9014,28163.9278,4.9,304219.0
2024-10-17 06:00:00+00:00,4.8862,21585.9871,4.886,443303.0
2024-10-17 07:00:00+00:00,4.8475,44299.6913,4.846,850641.0
2024-10-17 08:00:00+00:00,4.8566,20971.2907,4.858,320088.0
2024-10-17 09:00:00+00:00,4.8147,24279.4739,4.815,271961.0
2024-10-17 10:00:00+00:00,4.7798,91948.4405,4.783,1008740.0
2024-10-17 11:00:00+00:00,4.7158,57542.509,4.715,479313.0
2024-10-17 12:00:00+00:00,4.7516,23996.8734,4.753,233381.0
2024-10-17 13:00:00+00:00,4.7433,24942.9564,4.744,297302.0
2024-10-17 14:00:00+00:00,4.7355,35240.0437,4.738,426993.0
2024-10-17 15:00:00+00:00,4.8067,21583.5678,4.811,763039.0
2024-10-17 16:00:00+00:00,4.7417,28912.9942,4.754,456034.0
2024-10-17 17:00:00+00:00,4.7045,19201.9111,4.703,551995.0
2024-10-17 18:00:00+00:00,4.687,48339.8002,4.689,965310.0
2024-10-17 19:00:00+00:00,4.7334,8405.1096,4.733,232853.0
2024-10-17 20:00:00+00:00,4.7262,5659.5896,4.729,142135.0
2024-10-17 21:00:00+00:00,4.7375,5077.4195,4.744,100794.0
2024-10-17 22:00:00+00:00,4.7618,5782.9751,4.758,90440.0
2024-10-17 23:00:00+00:00,4.7691,10504.9105,4.769,204184.0
2024-10-18 00:00:00+00:00,4.7346,11766.941,4.74,83454.0
2024-10-18 01:00:00+00:00,4.8245,32558.0051,4.825,272947.0
2024-10-18 02:00:00+00:00,4.8546,22688.365,4.852,94269.0
2024-10-18 03:00:00+00:00,4.7856,10452.9156,4.788,127494.0
2024-10-18 04:00:00+00:00,4.7795,8845.5091,4.785,111217.0
2024-10-18 05:00:00+00:00,4.8178,17796.4674,4.819,153594.0
2024-10-18 06:00:00+00:00,4.8339,12402.1917,4.837,177819.0
2024-10-18 07:00:00+00:00,4.8223,9787.9898,4.821,343182.0
2024-10-18 08:00:00+00:00,4.8086,14838.8872,4.812,87282.0
2024-10-18 09:00:00+00:00,4.7723,17665.0032,4.776,196752.0
2024-10-18 10:00:00+00:00,4.794,10721.2756,4.796,296977.0
2024-10-18 11:00:00+00:00,4.7777,9340.3025,4.78,192616.0
2024-10-18 12:00:00+00:00,4.7412,14494.0506,4.744,616651.0
2024-10-18 13:00:00+00:00,4.8061,26959.6073,4.809,530329.0
2024-10-18 14:00:00+00:00,4.8265,56036.1767,4.83,728204.0
2024-10-18 15:00:00+00:00,4.8796,38604.9887,4.879,967547.0
2024-10-18 16:00:00+00:00,4.9106,48484.0594,4.912,975516.0
2024-10-18 17:00:00+00:00,4.9183,18835.6093,4.919,530998.0
2024-10-18 18:00:00+00:00,4.9076,13107.9382,4.909,219430.0
2024-10-18 19:00:00+00:00,4.8545,8753.0777,4.853,414865.0
2024-10-18 20:00:00+00:00,4.8623,13911.476,4.863,309135.0
2024-10-18 21:00:00+00:00,4.8502,9012.9584,4.856,289255.0
2024-10-18 22:00:00+00:00,4.8431,7598.2217,4.842,146422.0
2024-10-18 23:00:00+00:00,4.8936,14037.8418,4.896,377142.0
2024-10-19 00:00:00+00:00,4.877,14636.0582,4.877,241809.0
2024-10-19 01:00:00+00:00,4.8692,15836.8296,4.874,174317.0
2024-10-19 02:00:00+00:00,4.896,11388.5212,4.895,106348.0
2024-10-19 03:00:00+00:00,4.9039,22101.8976,4.906,318711.0
2024-10-19 04:00:00+00:00,4.8801,6307.5809,4.879,295384.0
2024-10-19 05:00:00+00:00,4.912,8423.6848,4.906,85511.0
2024-10-19 06:00:00+00:00,4.8921,24097.3326,4.896,224821.0
2024-10-19 07:00:00+00:00,4.876,99535.6349,4.877,647244.0
2024-10-19 08:00:00+00:00,4.9033,15876.3688,4.911,199967.0
2024-10-19 09:00:00+00:00,4.8895,20202.409,4.889,157843.0
2024-10-19 10:00:00+00:00,4.8505,8924.6671,4.852,221452.0
2024-10-19 11:00:00+00:00,4.8125,21380.4557,4.811,405454.0
2024-10-19 12:00:00+00:00,4.8262,12130.9968,4.827,126889.0
2024-10-19 13:00:00+00:00,4.8095,10546.8994,4.81,553282.0
2024-10-19 14:00:00+00:00,4.8536,8932.4121,4.854,541017.0
2024-10-19 15:00:00+00:00,4.8371,23299.203,4.834,134499.0
2024-10-19 16:00:00+00:00,4.7746,18718.7383,4.772,602986.0
2024-10-19 17:00:00+00:00,4.7657,27819.2908,4.765,179249.0
2024-10-19 18:00:00+00:00,4.7757,9465.819,4.779,125441.0
2024-10-19 19:00:00+00:00,4.7766,6046.1843,4.778,69893.0
2024-10-19 20:00:00+00:00,4.7999,20696.8689,4.802,147053.0
2024-10-19 21:00:00+00:00,4.7905,7135.7333,4.791,103739.0
2024-10-19 22:00:00+00:00,4.8305,3415.2502,4.827,95307.0
2024-10-19 23:00:00+00:00,4.822,19381.1224,4.818,384474.0
2024-10-20 00:00:00+00:00,4.7754,16775.0624,4.78,424073.0
2024-10-20 01:00:00+00:00,4.7658,9315.2525,4.765,353718.0
2024-10-20 02:00:00+00:00,4.7537,10279.4188,4.754,164580.0
2024-10-20 03:00:00+00:00,4.7388,16954.003,4.741,274577.0
2024-10-20 04:00:00+00:00,4.724,7546.7839,4.722,58564.0
2024-10-20 05:00:00+00:00,4.7229,14858.1632,4.723,129558.0
2024-10-20 06:00:00+00:00,4.7596,6910.893,4.761,148708.0
2024-10-20 07:00:00+00:00,4.7583,11424.2311,4.759,138247.0
2024-10-20 08:00:00+00:00,4.7607,8785.9844,4.761,183560.0
2024-10-20 09:00:00+00:00,4.7716,5856.9491,4.775,201586.0
2024-10-20 10:00:00+00:00,4.7678,16676.0067,4.764,104417.0
2024-10-20 11:00:00+00:00,4.7876,6622.8673,4.789,108583.0
2024-10-20 12:00:00+00:00,4.7579,18596.5174,4.759,434045.0
2024-10-20 13:00:00+00:00,4.8423,23531.2076,4.844,647768.0
2024-10-20 14:00:00+00:00,4.9174,25284.6449,4.918,799639.0
2024-10-20 15:00:00+00:00,4.9136,52574.1067,4.916,697528.0
2024-10-20 16:00:00+00:00,4.8827,11675.8531,4.885,260853.0
2024-10-20 17:00:00+00:00,4.8804,7585.3782,4.88,140418.0
2024-10-20 18:00:00+00:00,4.9038,60115.6155,4.901,121986.0
2024-10-20 19:00:00+00:00,4.8875,37444.6385,4.887,104089.0
2024-10-20 20:00:00+00:00,4.9275,26670.3693,4.927,411497.0
2024-10-20 21:00:00+00:00,4.9187,31227.8842,4.917,109852.0
2024-10-20 22:00:00+00:00,4.9995,47541.6289,4.995,722550.0
2024-10-20 23:00:00+00:00,4.9814,50710.482,4.984,877615.0
2024-10-21 00:00:00+00:00,5.0118,41365.876,5.012,537661.0
2024-10-21 01:00:00+00:00,5.0279,18798.6776,5.02,120805.0
2024-10-21 02:00:00+00:00,4.9606,20174.22,4.974,124974.0
2024-10-21 03:00:00+00:00,4.9627,19087.8365,4.963,270510.0
2024-10-21 04:00:00+00:00,5.018,35306.0476,5.021,198448.0
2024-10-21 05:00:00+00:00,5.0072,31942.0074,5.013,262308.0
2024-10-21 06:00:00+00:00,4.9913,24155.0621,4.989,296221.0
2024-10-21 07:00:00+00:00,4.9847,44775.0366,4.987,427817.0
2024-10-21 08:00:00+00:00,4.9648,32570.1677,4.962,190116.0
2024-10-21 09:00:00+00:00,4.9594,37765.7132,4.958,313330.0
2024-10-21 10:00:00+00:00,4.9166,17709.6311,4.916,297028.0
2024-10-21 11:00:00+00:00,4.9018,30879.8464,4.906,248150.0
2024-10-21 12:00:00+00:00,4.8955,37700.5703,4.898,427102.0
2024-10-21 13:00:00+00:00,4.7876,75299.8728,4.786,1760598.0
2024-10-21 14:00:00+00:00,4.8059,25381.3989,4.805,463283.0
2024-10-21 15:00:00+00:00,4.8144,14401.7933,4.815,233250.0
2024-10-21 16:00:00+00:00,4.7963,6729.1993,4.795,318999.0
2024-10-21 17:00:00+00:00,4.8203,16710.4871,4.83,177676.0
2024-10-21 18:00:00+00:00,4.7921,8431.4701,4.794,90425.0
2024-10-21 19:00:00+00:00,4.8415,21106.5059,4.839,348397.0
2024-10-21 20:00:00+00:00,4.8286,10032.0535,4.828,147265.0
2024-10-21 21:00:00+00:00,4.8352,14143.7751,4.829,82559.0
2024-10-21 22:00:00+00:00,4.8296,2604.7516,4.826,85040.0
2024-10-21 23:00:00+00:00,4.7852,12083.2978,4.78,397235.0
2024-10-22 00:00:00+00:00,4.767,75653.3374,4.766,509524.0
2024-10-22 01:00:00+00:00,4.8214,69713.8436,4.821,237897.0
2024-10-22 02:00:00+00:00,4.7662,9062.0349,4.769,86940.0
2024-10-22 03:00:00+00:00,4.791,25810.0369,4.792,140558.0
2024-10-22 04:00:00+00:00,4.7803,10850.366,4.784,149921.0
2024-10-22 05:00:00+00:00,4.799,7197.8602,4.801,113793.0
2024-10-22 06:00:00+00:00,4.8029,11449.9477,4.807,256969.0
2024-10-22 07:00:00+00:00,4.7862,14880.6235,4.785,153148.0
2024-10-22 08:00:00+00:00,4.7321,30773.5487,4.732,446856.0
2024-10-22 09:00:00+00:00,4.6713,95929.8989,4.67,804585.0
2024-10-22 10:00:00+00:00,4.6872,64201.5537,4.686,412907.0
2024-10-22 11:00:00+00:00,4.6867,19476.8026,4.688,417066.0
2024-10-22 12:00:00+00:00,4.6599,17187.7945,4.668,319552.0
2024-10-22 13:00:00+00:00,4.6611,40388.7796,4.657,348473.0
2024-10-22 14:00:00+00:00,4.7061,50091.0929,4.705,404575.0
2024-10-22 15:00:00+00:00,4.6862,14261.7457,4.685,253685.0
2024-10-22 16:00:00+00:00,4.6266,22983.6278,4.632,281198.0
2024-10-22 17:00:00+00:00,4.677,18856.5229,4.678,178243.0
2024-10-22 18:00:00+00:00,4.65,16450.62787956,4.652,189730.0
2024-10-22 19:00:00+00:00,4.6716,15689.6249,4.674,367746.0
2024-10-22 20:00:00+00:00,4.6809,9489.8631,4.685,183390.0
2024-10-22 21:00:00+00:00,4.6877,3511.9708,4.692,113700.0
2024-10-22 22:00:00+00:00,4.7204,11444.3761,4.725,363820.0
2024-10-22 23:00:00+00:00,4.6798,6570.2541,4.683,359855.0
2024-10-23 00:00:00+00:00,4.6351,12421.1708,4.64,242440.0
2024-10-23 01:00:00+00:00,4.6586,10572.272,4.66,196044.0
2024-10-23 02:00:00+00:00,4.6335,13683.1662,4.637,139645.0
2024-10-23 03:00:00+00:00,4.6303,21566.7784,4.632,551320.0
2024-10-23 04:00:00+00:00,4.6438,7113.8101,4.645,86063.0
2024-10-23 05:00:00+00:00,4.6204,7608.309,4.62,301309.0
2024-10-23 06:00:00+00:00,4.6317,15199.5746,4.632,135930.0
2024-10-23 07:00:00+00:00,4.6069,12611.9902,4.609,148967.0
2024-10-23 08:00:00+00:00,4.5638,21693.1175,4.566,328810.0
2024-10-23 09:00:00+00:00,4.6005,8970.5703,4.599,372124.0
2024-10-23 10:00:00+00:00,4.5899,8080.4224,4.591,313944.0
2024-10-23 11:00:00+00:00,4.5811,9182.1931,4.579,159085.0
2024-10-23 12:00:00+00:00,4.5875,17375.7076,4.586,181189.0
2024-10-23 13:00:00+00:00,4.624,8675.827,4.62,209268.0
2024-10-23 14:00:00+00:00,4.5842,16739.4972,4.583,672759.0
2024-10-23 15:00:00+00:00,4.5564,45187.3339,4.559,822320.0
2024-10-23 16:00:00+00:00,4.5138,87766.0995,4.516,325187.0
2024-10-23 17:00:00+00:00,4.5052,25836.035,4.507,213398.0
2024-10-23 18:00:00+00:00,4.5334,34672.1571,4.536,740365.0
2024-10-23 19:00:00+00:00,4.5862,21763.701,4.593,964371.0
2024-10-23 20:00:00+00:00,4.6325,15825.9606,4.63,323600.0
2024-10-23 21:00:00+00:00,4.6168,15145.5199,4.617,214078.0
2024-10-23 22:00:00+00:00,4.628,10908.0205,4.628,170009.0
2024-10-23 23:00:00+00:00,4.6563,5076.9989,4.653,308097.0
2024-10-24 00:00:00+00:00,4.7387,73479.5093,4.738,1011544.0
2024-10-24 01:00:00+00:00,4.6822,55450.1882,4.684,368421.0
2024-10-24 02:00:00+00:00,4.6937,53638.7597,4.695,331901.0
2024-10-24 03:00:00+00:00,4.6729,18675.6646,4.672,69592.0
2024-10-24 04:00:00+00:00,4.6995,22698.8601,4.698,129140.0
2024-10-24 05:00:00+00:00,4.6858,26488.9199,4.683,107882.0
2024-10-24 06:00:00+00:00,4.658,19726.3147,4.657,210087.0
2024-10-24 07:00:00+00:00,4.6346,9224.5661,4.637,395386.0
2024-10-24 08:00:00+00:00,4.5683,15235.4901,4.568,591461.0
2024-10-24 09:00:00+00:00,4.577,21770.2838,4.576,673280.0
2024-10-24 10:00:00+00:00,4.6045,10339.8963,4.608,330664.0
2024-10-24 11:00:00+00:00,4.609,16821.6741,4.61,254216.0
2024-10-24 12:00:00+00:00,4.6456,11657.1474,4.648,131516.0
2024-10-24 13:00:00+00:00,4.6599,39596.957,4.658,648906.0
2024-10-24 14:00:00+00:00,4.6353,19374.6027,4.636,419800.0
2024-10-24 15:00:00+00:00,4.6325,13291.4921,4.637,306249.0
2024-10-24 16:00:00+00:00,4.6365,10808.6309,4.641,348825.0
2024-10-24 17:00:00+00:00,4.6395,6304.8358,4.64,75936.0
2024-10-24 18:00:00+00:00,4.6577,14492.5274,4.655,263986.0
2024-10-24 19:00:00+00:00,4.6988,11174.0672,4.694,270190.0
2024-10-24 20:00:00+00:00,4.6991,13488.5751,4.699,255836.0
2024-10-24 21:00:00+00:00,4.7326,38885.006,4.734,566389.0
2024-10-24 22:00:00+00:00,4.7187,28266.5074,4.72,152875.0
2024-10-24 23:00:00+00:00,4.719,8668.984,4.719,99484.0
2024-10-25 00:00:00+00:00,4.6808,58321.7016133,4.678,262536.0
2024-10-25 01:00:00+00:00,4.6561,13666.5291,4.659,85454.0
2024-10-25 02:00:00+00:00,4.6487,10136.1793,4.652,198806.0
2024-10-25 03:00:00+00:00,4.6511,11774.7474,4.653,148851.0
2024-10-25 04:00:00+00:00,4.5554,99614.0453,4.557,1244468.0
2024-10-25 05:00:00+00:00,4.5685,16984.7279,4.569,192290.0
2024-10-25 06:00:00+00:00,4.5505,19434.5291,4.548,159960.0
2024-10-25 07:00:00+00:00,4.5487,27080.0877,4.547,172287.0
2024-10-25 08:00:00+00:00,4.5765,31629.8094,4.579,518974.0
2024-10-25 09:00:00+00:00,4.6022,19213.0164,4.605,411112.0
2024-10-25 10:00:00+00:00,4.5834,25264.1938,4.584,493955.0
2024-10-25 11:00:00+00:00,4.5955,27938.4766,4.596,265816.0
2024-10-25 12:00:00+00:00,4.567,22871.6217,4.569,86027.0
2024-10-25 13:00:00+00:00,4.6041,16443.1144,4.605,330127.0
2024-10-25 14:00:00+00:00,4.5766,25451.3894,4.574,436095.0
2024-10-25 15:00:00+00:00,4.502,46086.8325,4.502,823170.0
2024-10-25 16:00:00+00:00,4.521,18009.7193,4.522,787242.0
2024-10-25 17:00:00+00:00,4.4369,29656.6127,4.435,1090589.0
2024-10-25 18:00:00+00:00,4.4346,80364.8427,4.429,2651877.0
2024-10-25 19:00:00+00:00,4.4452,43610.1231,4.445,521636.0
2024-10-25 20:00:00+00:00,4.4136,16691.9624,4.415,239790.0
2024-10-25 21:00:00+00:00,4.4392,12307.05795575,4.444,225864.0
2024-10-25 22:00:00+00:00,4.367,13148.3552,4.366,338984.0
2024-10-25 23:00:00+00:00,4.173,309626.2339,4.168,8714553.0
2024-10-26 00:00:00+00:00,4.1875,33555.3915,4.185,905858.0
2024-10-26 01:00:00+00:00,4.1989,13945.0581,4.197,562479.0
2024-10-26 02:00:00+00:00,4.21,10074.2504,4.21,234728.0
2024-10-26 03:00:00+00:00,4.2144,7298.3178,4.214,122046.0
2024-10-26 04:00:00+00:00,4.2106,4720.577,4.207,93179.0
2024-10-26 05:00:00+00:00,4.2364,24155.1241,4.237,849145.0
2024-10-26 06:00:00+00:00,4.24,33816.6857,4.238,226749.0
2024-10-26 07:00:00+00:00,4.2208,27423.2418,4.227,336719.0
2024-10-26 08:00:00+00:00,4.2264,27284.7677,4.224,110396.0
2024-10-26 09:00:00+00:00,4.2366,40962.4444,4.237,140205.0
2024-10-26 10:00:00+00:00,4.2449,32345.4996,4.246,194220.0
2024-10-26 11:00:00+00:00,4.2632,24926.4592,4.263,230717.0
2024-10-26 12:00:00+00:00,4.2566,20014.8054,4.257,88073.0
2024-10-26 13:00:00+00:00,4.2133,25014.2475,4.213,229832.0
2024-10-26 14:00:00+00:00,4.1376,34166.0224,4.137,600296.0
2024-10-26 15:00:00+00:00,4.1633,29210.6707,4.163,333940.0
2024-10-26 16:00:00+00:00,4.1955,26273.2661,4.196,161656.0
2024-10-26 17:00:00+00:00,4.2159,24394.2705,4.213,390500.0
2024-10-26 18:00:00+00:00,4.2191,19571.5127,4.219,49523.0
2024-10-26 19:00:00+00:00,4.2383,34946.6053,4.233,94997.0
2024-10-26 20:00:00+00:00,4.2414,63240.7373,4.241,203552.0
2024-10-26 21:00:00+00:00,4.2244,41311.2104,4.222,155545.0
2024-10-26 22:00:00+00:00,4.2311,17561.0536,4.232,128697.0
2024-10-26 23:00:00+00:00,4.2358,8897.0114,4.236,391099.0
2024-10-27 00:00:00+00:00,4.2196,11853.3312,4.221,81495.0
2024-10-27 01:00:00+00:00,4.2351,7293.7655,4.236,179934.0
2024-10-27 02:00:00+00:00,4.2161,4334.653,4.214,131440.0
2024-10-27 03:00:00+00:00,4.2582,7183.512,4.257,119834.0
2024-10-27 04:00:00+00:00,4.2527,3185.858,4.25,46347.0
2024-10-27 06:00:00+00:00,4.2417,2612.2662,4.241,85521.0
2024-10-27 07:00:00+00:00,4.2424,2332.3647,4.242,54280.0
2024-10-27 08:00:00+00:00,4.2419,3676.8986,4.238,204517.0
2024-10-27 09:00:00+00:00,4.2084,44500.5302,4.207,1034561.0
2024-10-27 10:00:00+00:00,4.195,28198.122,4.196,107910.0
2024-10-27 11:00:00+00:00,4.1944,12380.4048,4.196,69318.0
2024-10-27 12:00:00+00:00,4.2187,17869.7596,4.22,239676.0
2024-10-27 13:00:00+00:00,4.2336,24550.5663,4.233,130382.0
2024-10-27 14:00:00+00:00,4.2498,18586.1765,4.251,157075.0
2024-10-27 15:00:00+00:00,4.2864,24469.9825,4.287,186980.0
2024-10-27 16:00:00+00:00,4.3244,26953.2043,4.324,286070.0
2024-10-27 17:00:00+00:00,4.317,8228.0675,4.316,109419.0
2024-10-27 18:00:00+00:00,4.2804,8897.3968,4.283,233729.0
2024-10-27 19:00:00+00:00,4.2959,9130.2517,4.295,204249.0
2024-10-27 20:00:00+00:00,4.3015,7353.8782,4.302,80375.0
2024-10-27 21:00:00+00:00,4.3445,15488.9542,4.343,247888.0
2024-10-27 22:00:00+00:00,4.3316,18900.6065,4.332,826690.0
2024-10-27 23:00:00+00:00,4.3073,5982.6656,4.307,301066.0
2024-10-28 00:00:00+00:00,4.2968,18106.4398,4.302,270766.0
2024-10-28 01:00:00+00:00,4.2727,27544.6566,4.274,123654.0
2024-10-28 02:00:00+00:00,4.2678,20242.72,4.273,42699.0
2024-10-28 03:00:00+00:00,4.186,38304.6589,4.187,319876.0
2024-10-28 04:00:00+00:00,4.1951,32550.7195,4.195,234562.0
2024-10-28 05:00:00+00:00,4.1728,28147.15508755,4.172,249089.0
2024-10-28 06:00:00+00:00,4.1778,25907.3855,4.181,172320.0
2024-10-28 07:00:00+00:00,4.2366,32289.3637,4.236,264460.0
2024-10-28 08:00:00+00:00,4.2219,19507.3312,4.224,113946.0
2024-10-28 09:00:00+00:00,4.2573,31927.1076,4.257,230103.0
2024-10-28 10:00:00+00:00,4.2511,33653.1428,4.253,285842.0
2024-10-28 11:00:00+00:00,4.2523,35544.3792,4.248,188065.0
2024-10-28 12:00:00+00:00,4.234,41152.5785,4.234,380766.0
2024-10-28 13:00:00+00:00,4.197,68855.7399,4.197,331443.0
2024-10-28 14:00:00+00:00,4.1853,44336.2126,4.186,694748.0
2024-10-28 15:00:00+00:00,4.1408,26538.72959682,4.14,551150.0
2024-10-28 16:00:00+00:00,4.1255,21425.3751,4.123,417116.0
2024-10-28 17:00:00+00:00,4.144,37807.2225,4.14,704496.0
2024-10-28 18:00:00+00:00,4.1791,7200.32,4.179,295385.0
2024-10-28 19:00:00+00:00,4.2251,25852.9403,4.226,396014.0
2024-10-28 20:00:00+00:00,4.2411,25391.9772,4.245,180754.0
2024-10-28 21:00:00+00:00,4.3086,14975.9245,4.309,283209.0
2024-10-28 22:00:00+00:00,4.3263,26963.6201,4.325,696302.0
2024-10-28 23:00:00+00:00,4.2989,28038.2083,4.298,217319.0
2024-10-29 00:00:00+00:00,4.3462,33233.7465,4.346,270941.0
2024-10-29 01:00:00+00:00,4.376,38817.2986,4.375,198764.0
2024-10-29 02:00:00+00:00,4.4494,76183.25196762,4.442,998905.0
2024-10-29 03:00:00+00:00,4.4106,57580.3581,4.411,492718.0
2024-10-29 04:00:00+00:00,4.4572,66592.012,4.454,247001.0
2024-10-29 05:00:00+00:00,4.4431,29135.8647,4.442,501489.0
2024-10-29 06:00:00+00:00,4.4235,47078.6437,4.426,95125.0
2024-10-29 07:00:00+00:00,4.4343,25194.3777,4.436,352085.0
2024-10-29 08:00:00+00:00,4.4539,24175.2909,4.456,153105.0
2024-10-29 09:00:00+00:00,4.4785,30010.2,4.481,173100.0
2024-10-29 10:00:00+00:00,4.4676,27478.97,4.468,235529.0
2024-10-29 11:00:00+00:00,4.4781,32348.9768,4.481,171588.0
2024-10-29 12:00:00+00:00,4.4542,33729.76469066,4.453,213381.0
2024-10-29 13:00:00+00:00,4.4683,40735.3133,4.47,476927.0
2024-10-29 14:00:00+00:00,4.4591,46352.419,4.46,638158.0
2024-10-29 15:00:00+00:00,4.4674,32647.8387,4.468,425464.0
2024-10-29 16:00:00+00:00,4.5009,39552.3455,4.505,1644024.0
2024-10-29 17:00:00+00:00,4.4448,34619.8351,4.448,592611.0
2024-10-29 18:00:00+00:00,4.4632,43585.4706,4.462,361899.0
2024-10-29 19:00:00+00:00,4.3772,74825.6605,4.376,3309627.0
2024-10-29 20:00:00+00:00,4.371,20402.8393,4.369,509439.0
2024-10-29 21:00:00+00:00,4.3953,8711.4719,4.395,125650.0
2024-10-29 22:00:00+00:00,4.4187,17771.6938,4.418,274859.0
2024-10-29 23:00:00+00:00,4.4386,6201.0919,4.439,353677.0
2024-10-30 00:00:00+00:00,4.384,23438.5803,4.383,403499.0
2024-10-30 01:00:00+00:00,4.3756,24090.7512,4.374,145568.0
2024-10-30 02:00:00+00:00,4.3843,14806.9864,4.387,77376.0
2024-10-30 03:00:00+00:00,4.4053,23776.829,4.408,221537.0
2024-10-30 04:00:00+00:00,4.3936,15929.1108,4.398,35616.0
2024-10-30 05:00:00+00:00,4.3807,19134.7668,4.383,85694.0
2024-10-30 06:00:00+00:00,4.3996,95885.4148,4.404,4251484.0
2024-10-30 07:00:00+00:00,4.3723,44843.4755,4.374,1570867.0
2024-10-30 08:00:00+00:00,4.3154,19091.9218,4.319,528435.0
2024-10-30 09:00:00+00:00,4.352,14896.4415,4.358,455696.0
2024-10-30 10:00:00+00:00,4.3433,15108.2668,4.348,144108.0
2024-10-30 11:00:00+00:00,4.297,33622.3138,4.297,892590.0
2024-10-30 12:00:00+00:00,4.3073,22967.3032,4.307,723757.0
2024-10-30 13:00:00+00:00,4.3339,26762.3144,4.338,386262.0
2024-10-30 14:00:00+00:00,4.3856,39646.0419,4.387,531982.0
2024-10-30 15:00:00+00:00,4.3288,35508.6643,4.327,530592.0
2024-10-30 16:00:00+00:00,4.3413,25978.8508,4.346,188356.0
2024-10-30 17:00:00+00:00,4.3334,14393.3239,4.334,153196.0
2024-10-30 18:00:00+00:00,4.3425,18628.9137,4.342,151846.0
2024-10-30 19:00:00+00:00,4.3107,14021.7443,4.311,109414.0
2024-10-30 20:00:00+00:00,4.3607,20105.865,4.362,559737.0
2024-10-30 21:00:00+00:00,4.3211,45330.2588,4.32,815184.0
2024-10-30 22:00:00+00:00,4.3217,3945.631,4.33,152949.0
2024-10-30 23:00:00+00:00,4.3118,10959.8397,4.312,207025.0
2024-10-31 00:00:00+00:00,4.2958,36961.8801,4.297,203156.0
2024-10-31 01:00:00+00:00,4.291,41607.6003,4.288,661962.0
2024-10-31 02:00:00+00:00,4.2762,34724.602,4.277,96286.0
2024-10-31 03:00:00+00:00,4.2605,45234.73895639,4.261,84579.0
2024-10-31 04:00:00+00:00,4.2688,42109.4168,4.269,138863.0
2024-10-31 05:00:00+00:00,4.2865,26103.9695,4.287,61956.0
2024-10-31 06:00:00+00:00,4.2574,39461.8417,4.259,269789.0
2024-10-31 07:00:00+00:00,4.2552,37946.9356,4.258,342651.0
2024-10-31 08:00:00+00:00,4.2206,127424.3843,4.22,4686674.0
2024-10-31 09:00:00+00:00,4.2374,31730.7171,4.24,202931.0
2024-10-31 10:00:00+00:00,4.2553,44608.2796,4.253,269237.0
2024-10-31 11:00:00+00:00,4.2244,55206.4201,4.223,289100.0
2024-10-31 12:00:00+00:00,4.2015,46880.7795,4.198,175490.0
2024-10-31 13:00:00+00:00,4.1773,61238.3613,4.174,485749.0
2024-10-31 14:00:00+00:00,4.1707,81532.5139,4.168,1253991.0
2024-10-31 15:00:00+00:00,4.1253,46009.5876,4.126,473394.0
2024-10-31 16:00:00+00:00,4.0892,38735.6173,4.089,549672.0
2024-10-31 17:00:00+00:00,4.0806,20375.74,4.079,593850.0
2024-10-31 18:00:00+00:00,4.0568,39260.2555,4.056,932265.0
2024-10-31 19:00:00+00:00,4.0236,6767.3027,4.025,737479.0
2024-10-31 20:00:00+00:00,4.0759,29636.2295,4.077,753389.0
2024-10-31 21:00:00+00:00,4.0831,19416.8981,4.086,563569.0
2024-10-31 22:00:00+00:00,4.0698,7616.2342,4.07,252272.0
2024-10-31 23:00:00+00:00,4.0525,10032.5044,4.053,302698.0
2024-11-01 00:00:00+00:00,4.0475,20399.1284,4.046,292461.0
2024-11-01 01:00:00+00:00,4.0079,70017.7441,4.012,1009958.0
2024-11-01 02:00:00+00:00,4.0066,54026.4335,4.006,768103.0
2024-11-01 03:00:00+00:00,4.0173,23956.1903,4.015,131571.0
2024-11-01 04:00:00+00:00,4.0295,65802.1264,4.03,289414.0
2024-11-01 05:00:00+00:00,4.0092,21956.6588,4.011,102299.0
2024-11-01 06:00:00+00:00,3.9539,34124.2833,3.956,486869.0
2024-11-01 07:00:00+00:00,3.9368,116264.5736,3.935,1213863.0
2024-11-01 08:00:00+00:00,3.9421,63029.2505,3.942,491158.0
2024-11-01 09:00:00+00:00,3.9863,73314.824,3.987,216853.0
2024-11-01 10:00:00+00:00,4.0026,62504.8355,4.002,363592.0
2024-11-01 11:00:00+00:00,4.0004,41910.1716,4.003,178903.0
2024-11-01 12:00:00+00:00,4.0353,39360.1695,4.029,414905.0
2024-11-01 13:00:00+00:00,4.1037,51552.2391,4.1,385481.0
2024-11-01 14:00:00+00:00,4.093,111951.0754,4.09,1765214.0
2024-11-01 15:00:00+00:00,3.9619,72407.3662,3.961,2230835.0
2024-11-01 16:00:00+00:00,4.02,54105.9673,4.016,904042.0
2024-11-01 17:00:00+00:00,4.0045,45230.4037,4.004,448457.0
2024-11-01 18:00:00+00:00,3.9823,25951.0631,3.982,340445.0
2024-11-01 19:00:00+00:00,3.9724,59046.1673,3.974,423471.0
2024-11-01 20:00:00+00:00,3.9595,22558.7717,3.958,160081.0
2024-11-01 21:00:00+00:00,3.9195,65788.1546,3.921,784136.0
2024-11-01 22:00:00+00:00,3.9049,30533.6258,3.902,247268.0
2024-11-01 23:00:00+00:00,3.9295,17516.5851,3.93,284574.0
2024-11-02 00:00:00+00:00,3.9535,35336.4967,3.951,327873.0
2024-11-02 01:00:00+00:00,3.9607,6889.6302,3.961,178967.0
2024-11-02 02:00:00+00:00,3.963,18086.4323,3.962,337540.0
2024-11-02 03:00:00+00:00,3.948,15484.2807,3.948,155107.0
2024-11-02 04:00:00+00:00,3.9736,19599.291,3.973,237923.0
2024-11-02 05:00:00+00:00,3.9609,10866.4786,3.958,341688.0
2024-11-02 06:00:00+00:00,3.9599,8943.5622,3.959,37632.0
2024-11-02 07:00:00+00:00,3.9734,14737.3557,3.973,314010.0
2024-11-02 08:00:00+00:00,3.9497,4384.8495,3.947,77284.0
2024-11-02 09:00:00+00:00,3.9488,4910.0217,3.947,287165.0
2024-11-02 10:00:00+00:00,3.925,13308.1634,3.924,335285.0
2024-11-02 11:00:00+00:00,3.9164,33456.0434,3.915,325225.0
2024-11-02 12:00:00+00:00,3.8656,24965.6762,3.865,770470.0
2024-11-02 13:00:00+00:00,3.8529,15054.19,3.852,476367.0
2024-11-02 14:00:00+00:00,3.8763,29272.521,3.877,367845.0
2024-11-02 15:00:00+00:00,3.8783,11807.0721,3.882,274697.0
2024-11-02 16:00:00+00:00,3.918,46616.2465,3.916,298086.0
2024-11-02 17:00:00+00:00,3.8862,11676.323,3.887,172728.0
2024-11-02 18:00:00+00:00,3.8712,10844.4688,3.873,109993.0
2024-11-02 19:00:00+00:00,3.8482,26026.4696,3.848,137902.0
2024-11-02 20:00:00+00:00,3.8159,62304.2024,3.818,1799670.0
2024-11-02 21:00:00+00:00,3.7956,14383.4189,3.798,481180.0
2024-11-02 22:00:00+00:00,3.7857,16812.1322,3.787,196872.0
2024-11-02 23:00:00+00:00,3.8086,23042.3203,3.809,343987.0
2024-11-03 00:00:00+00:00,3.816,15988.5952,3.815,299817.0
2024-11-03 01:00:00+00:00,3.788,15706.6456,3.789,419318.0
2024-11-03 02:00:00+00:00,3.6995,71856.5546,3.7,2436289.0
2024-11-03 03:00:00+00:00,3.7341,20521.6251,3.735,228159.0
2024-11-03 04:00:00+00:00,3.7749,14855.1784,3.771,144008.0
2024-11-03 05:00:00+00:00,3.7412,16296.181,3.739,103586.0
2024-11-03 06:00:00+00:00,3.7651,17536.653,3.764,140429.0
2024-11-03 07:00:00+00:00,3.7511,20507.0333,3.752,177787.0
2024-11-03 08:00:00+00:00,3.7444,17916.4873,3.745,127330.0
2024-11-03 09:00:00+00:00,3.702,22791.0698,3.7,337808.0
2024-11-03 10:00:00+00:00,3.7166,21653.9314,3.715,225920.0
2024-11-03 11:00:00+00:00,3.682,18967.3839,3.681,270942.0
2024-11-03 12:00:00+00:00,3.6623,24129.3638,3.663,213119.0
2024-11-03 13:00:00+00:00,3.5795,106667.676,3.579,1825103.0
2024-11-03 14:00:00+00:00,3.5882,51152.9083,3.58,884718.0
2024-11-03 15:00:00+00:00,3.636,63038.1197,3.635,3001664.0
2024-11-03 16:00:00+00:00,3.6276,30075.6271,3.629,826557.0
2024-11-03 17:00:00+00:00,3.6354,21886.1666,3.629,403756.0
2024-11-03 18:00:00+00:00,3.5635,74789.0862,3.564,1238932.0
2024-11-03 19:00:00+00:00,3.6417,33687.18,3.641,527543.0
2024-11-03 20:00:00+00:00,3.68,25603.0862,3.679,391411.0
2024-11-03 21:00:00+00:00,3.6843,34457.0552,3.686,526954.0
2024-11-03 22:00:00+00:00,3.6925,6097.9648,3.693,229238.0
2024-11-03 23:00:00+00:00,3.6932,9651.7106,3.686,216284.0
2024-11-04 00:00:00+00:00,3.6779,8940.1163,3.677,202873.0
2024-11-04 01:00:00+00:00,3.7111,18375.7418,3.707,1123688.0
2024-11-04 02:00:00+00:00,3.7404,26058.4007,3.738,256789.0
2024-11-04 03:00:00+00:00,3.6973,23865.0733,3.697,570089.0
2024-11-04 04:00:00+00:00,3.6934,14839.1545,3.692,160559.0
2024-11-04 05:00:00+00:00,3.6499,24737.2853,3.646,174108.0
2024-11-04 06:00:00+00:00,3.6783,14065.7571,3.675,130148.0
2024-11-04 07:00:00+00:00,3.6262,27453.5722,3.625,162579.0
2024-11-04 08:00:00+00:00,3.607,27065.5843,3.608,311232.0
2024-11-04 09:00:00+00:00,3.6326,26450.7376,3.632,340465.0
2024-11-04 10:00:00+00:00,3.656,91954.5818,3.656,511318.0
2024-11-04 11:00:00+00:00,3.6781,67702.5173,3.678,353310.0
2024-11-04 12:00:00+00:00,3.6786,79050.6793,3.678,241011.0
2024-11-04 13:00:00+00:00,3.6587,98049.7805,3.656,570840.0
2024-11-04 14:00:00+00:00,3.6849,57365.4259,3.684,446934.0
2024-11-04 15:00:00+00:00,3.6813,31945.974,3.682,351613.0
2024-11-04 16:00:00+00:00,3.5991,37422.046,3.599,491915.0
2024-11-04 17:00:00+00:00,3.6123,17752.6638,3.61,490287.0
2024-11-04 18:00:00+00:00,3.6107,7192.2321,3.612,290304.0
2024-11-04 19:00:00+00:00,3.6195,34382.3439,3.621,491717.0
2024-11-04 20:00:00+00:00,3.5915,31055.5939,3.593,433624.0
2024-11-04 21:00:00+00:00,3.5182,106307.9795,3.519,1034768.0
2024-11-04 22:00:00+00:00,3.6066,32324.4597,3.607,780068.0
2024-11-04 23:00:00+00:00,3.6197,12802.9356,3.618,365741.0
2024-11-05 00:00:00+00:00,3.6567,43353.9763,3.654,596787.0
2024-11-05 01:00:00+00:00,3.6536,48243.7265,3.658,344292.0
2024-11-05 02:00:00+00:00,3.632,29190.3138,3.63,143613.0
2024-11-05 03:00:00+00:00,3.6593,23823.5407,3.659,133837.0
2024-11-05 04:00:00+00:00,3.666,24396.1955,3.666,249027.0
2024-11-05 05:00:00+00:00,3.6785,22715.7209,3.68,101303.0
2024-11-05 06:00:00+00:00,3.6846,31889.3187,3.684,126693.0
2024-11-05 07:00:00+00:00,3.6987,24842.7189,3.697,232390.0
2024-11-05 08:00:00+00:00,3.7091,42686.3747,3.709,1953182.0
2024-11-05 09:00:00+00:00,3.7144,50776.3476,3.716,406638.0
2024-11-05 10:00:00+00:00,3.7012,26965.6747,3.701,196080.0
2024-11-05 11:00:00+00:00,3.7414,34245.914,3.74,448370.0
2024-11-05 12:00:00+00:00,3.7629,32893.3153,3.76,227679.0
2024-11-05 13:00:00+00:00,3.7851,59429.2635,3.784,941232.0
2024-11-05 14:00:00+00:00,3.9264,98438.6692,3.925,2025672.0
2024-11-05 15:00:00+00:00,3.8623,91935.1384,3.862,1809109.0
2024-11-05 16:00:00+00:00,3.9053,40727.8401,3.904,855092.0
2024-11-05 17:00:00+00:00,3.8612,63636.491,3.86,1508977.0
2024-11-05 18:00:00+00:00,3.8378,65618.5238,3.838,429113.0
2024-11-05 19:00:00+00:00,3.7595,54835.1229,3.758,1200713.0
2024-11-05 20:00:00+00:00,3.8227,37623.9461,3.819,587931.0
2024-11-05 21:00:00+00:00,3.7887,35842.8235,3.795,3417327.0
2024-11-05 22:00:00+00:00,3.8279,14085.965,3.828,239040.0
2024-11-05 23:00:00+00:00,3.8096,6943.8148,3.815,283032.0
2024-11-06 00:00:00+00:00,3.9148,95090.7297,3.914,984452.0
2024-11-06 01:00:00+00:00,3.91,52941.2818,3.911,685478.0
2024-11-06 02:00:00+00:00,4.0876,108326.5141,4.088,2963263.0
2024-11-06 03:00:00+00:00,4.1766,182972.4461,4.179,3026627.0
2024-11-06 04:00:00+00:00,4.1746,76413.8005,4.172,1936654.0
2024-11-06 05:00:00+00:00,4.1743,136028.35126008,4.171,4393171.0
2024-11-06 06:00:00+00:00,4.1644,58823.1719,4.165,1201897.0
2024-11-06 07:00:00+00:00,4.1396,88682.97820006,4.143,899244.0
2024-11-06 08:00:00+00:00,4.093,82225.1462,4.092,1764697.0
2024-11-06 09:00:00+00:00,4.1374,59633.2467,4.136,788509.0
2024-11-06 10:00:00+00:00,4.141,42568.6233,4.142,408685.0
2024-11-06 11:00:00+00:00,4.1509,52413.8138,4.151,363967.0
2024-11-06 12:00:00+00:00,4.1245,38328.0304,4.124,351464.0
2024-11-06 13:00:00+00:00,4.1283,65522.7635,4.129,528146.0
2024-11-06 14:00:00+00:00,4.0467,45785.6268,4.047,994317.0
2024-11-06 15:00:00+00:00,4.0682,51821.8455,4.067,609322.0
2024-11-06 16:00:00+00:00,4.1029,55224.5763,4.103,591085.0
2024-11-06 17:00:00+00:00,4.1108,94792.4436,4.117,7028721.0
2024-11-06 18:00:00+00:00,4.1351,41339.8725,4.14,1686175.0
2024-11-06 19:00:00+00:00,4.1618,35974.8211,4.165,564517.0
2024-11-06 20:00:00+00:00,4.1896,62380.9062,4.194,954686.0
2024-11-06 21:00:00+00:00,4.2137,55381.082,4.217,399523.0
2024-11-06 22:00:00+00:00,4.2797,72926.0369,4.282,508443.0
2024-11-06 23:00:00+00:00,4.2336,39884.0701,4.236,1237143.0
2024-11-07 00:00:00+00:00,4.2103,34868.521,4.213,447291.0
2024-11-07 01:00:00+00:00,4.2905,109469.5141,4.293,730913.0
2024-11-07 02:00:00+00:00,4.3155,46808.916,4.319,653783.0
2024-11-07 03:00:00+00:00,4.2735,68695.1184,4.275,696929.0
2024-11-07 04:00:00+00:00,4.2317,51882.2116,4.234,551439.0
2024-11-07 05:00:00+00:00,4.2079,129262.1047,4.21,256512.0
2024-11-07 06:00:00+00:00,4.1504,60302.4456,4.15,531210.0
2024-11-07 07:00:00+00:00,4.1458,68085.951,4.146,7455538.0
2024-11-07 08:00:00+00:00,4.1871,33613.7736,4.186,307737.0
2024-11-07 09:00:00+00:00,4.1632,24553.1763,4.161,285388.0
2024-11-07 10:00:00+00:00,4.1624,22851.4129,4.16,254808.0
2024-11-07 11:00:00+00:00,4.1166,62715.4041,4.113,369785.0
2024-11-07 12:00:00+00:00,4.1797,118525.1294,4.179,779486.0
2024-11-07 13:00:00+00:00,4.1106,60717.8425,4.108,748862.0
2024-11-07 14:00:00+00:00,4.1316,47081.6101,4.133,1139699.0
2024-11-07 15:00:00+00:00,4.2308,41010.9997,4.232,806448.0
2024-11-07 16:00:00+00:00,4.2265,132413.0551,4.226,1231252.0
2024-11-07 17:00:00+00:00,4.2226,98762.4726,4.229,763072.0
2024-11-07 18:00:00+00:00,4.2461,116497.0585,4.252,422532.0
2024-11-07 19:00:00+00:00,4.2323,53500.6457,4.233,611867.0
2024-11-07 20:00:00+00:00,4.2422,51323.4822,4.245,433356.0
2024-11-07 21:00:00+00:00,4.265,57928.0244,4.266,585768.0
2024-11-07 22:00:00+00:00,4.2118,38803.0218,4.214,593020.0
2024-11-07 23:00:00+00:00,4.2277,15487.4285,4.231,272885.0
2024-11-08 00:00:00+00:00,4.2809,67142.4665,4.28,757104.0
2024-11-08 01:00:00+00:00,4.2702,99494.6377,4.271,1073168.0
2024-11-08 02:00:00+00:00,4.1741,64471.29184804,4.174,748043.0
2024-11-08 03:00:00+00:00,4.2105,33687.8615,4.212,226943.0
2024-11-08 04:00:00+00:00,4.1844,42502.0656,4.183,217954.0
2024-11-08 05:00:00+00:00,4.2332,36967.5021,4.236,324139.0
2024-11-08 06:00:00+00:00,4.1939,61182.2758,4.196,406716.0
2024-11-08 07:00:00+00:00,4.1962,57130.2112,4.199,316160.0
2024-11-08 08:00:00+00:00,4.165,36007.2816,4.167,438979.0
2024-11-08 09:00:00+00:00,4.2178,37645.9942,4.218,490943.0
2024-11-08 10:00:00+00:00,4.2491,38307.1973,4.252,203832.0
2024-11-08 11:00:00+00:00,4.2322,45519.2393,4.234,486149.0
2024-11-08 12:00:00+00:00,4.3122,48129.0589,4.314,633793.0
2024-11-08 13:00:00+00:00,4.3375,123309.5228,4.339,511700.0
2024-11-08 14:00:00+00:00,4.2862,126745.2114,4.286,990702.0
2024-11-08 15:00:00+00:00,4.2908,96909.491778,4.291,1034373.0
2024-11-08 16:00:00+00:00,4.1976,80639.0538,4.197,1819674.0
2024-11-08 17:00:00+00:00,4.2433,149501.1554,4.243,2164805.0
2024-11-08 18:00:00+00:00,4.2774,109970.4251,4.279,846778.0
2024-11-08 19:00:00+00:00,4.2946,70372.2112,4.295,517078.0
2024-11-08 20:00:00+00:00,4.2562,109150.9245,4.256,376078.0
2024-11-08 21:00:00+00:00,4.2794,93101.9258,4.282,312804.0
2024-11-08 22:00:00+00:00,4.3188,72975.3046,4.322,322240.0
2024-11-08 23:00:00+00:00,4.3306,32784.0606,4.335,413727.0
2024-11-09 00:00:00+00:00,4.297,45443.9179,4.301,240577.0
2024-11-09 01:00:00+00:00,4.2705,37328.9625,4.272,441662.0
2024-11-09 02:00:00+00:00,4.2838,31276.7848,4.284,209158.0
2024-11-09 03:00:00+00:00,4.2475,22307.0407,4.25,239699.0
2024-11-09 04:00:00+00:00,4.3051,30181.8999,4.307,332145.0
2024-11-09 05:00:00+00:00,4.4198,58795.6409,4.423,532451.0
2024-11-09 06:00:00+00:00,4.4141,80164.6116,4.417,888988.0
2024-11-09 07:00:00+00:00,4.3847,36428.7771,4.388,287247.0
2024-11-09 08:00:00+00:00,4.4084,58133.06626827,4.408,758000.0
2024-11-09 09:00:00+00:00,4.3871,35438.7609,4.389,922722.0
2024-11-09 10:00:00+00:00,4.4274,50704.0294,4.428,345218.0
2024-11-09 11:00:00+00:00,4.4321,37514.6176,4.434,715499.0
2024-11-09 12:00:00+00:00,4.3571,41585.622,4.36,944369.0
2024-11-09 13:00:00+00:00,4.3564,83476.6012,4.36,232961.0
2024-11-09 14:00:00+00:00,4.3352,38912.3025,4.338,489981.0
2024-11-09 15:00:00+00:00,4.3388,29801.1573,4.34,422373.0
2024-11-09 16:00:00+00:00,4.3039,21455.835,4.306,586235.0
2024-11-09 17:00:00+00:00,4.3253,58230.7904,4.326,645609.0
2024-11-09 18:00:00+00:00,4.3359,10872.1227,4.335,180372.0
2024-11-09 19:00:00+00:00,4.3262,60244.1526,4.328,986125.0
2024-11-09 20:00:00+00:00,4.54,83607.1435,4.548,3684345.0
2024-11-09 21:00:00+00:00,4.5654,208024.2403,4.563,4748975.0
2024-11-09 22:00:00+00:00,4.6534,73451.9052,4.656,817350.0
2024-11-09 23:00:00+00:00,4.6358,100076.9117,4.643,1585635.0
2024-11-10 00:00:00+00:00,4.5796,68578.743,4.586,2896662.0
2024-11-10 01:00:00+00:00,4.547,54220.8149,4.547,1205551.0
2024-11-10 02:00:00+00:00,4.597,42305.3984,4.602,714690.0
2024-11-10 03:00:00+00:00,4.6515,44144.6079,4.652,843676.0
2024-11-10 04:00:00+00:00,4.7767,67484.6126,4.775,1214911.0
2024-11-10 05:00:00+00:00,4.7341,67855.0601,4.744,1285812.0
2024-11-10 06:00:00+00:00,4.7193,171084.54119766,4.723,882003.0
2024-11-10 07:00:00+00:00,4.752,49054.0747,4.753,321034.0
2024-11-10 08:00:00+00:00,4.7928,53495.4185,4.794,802995.0
2024-11-10 09:00:00+00:00,4.7838,40755.5852,4.788,640902.0
2024-11-10 10:00:00+00:00,4.7819,41686.1804,4.78,657941.0
2024-11-10 11:00:00+00:00,4.7501,68091.8822,4.755,653013.0
2024-11-10 12:00:00+00:00,4.9371,118703.0189,4.937,2738719.0
2024-11-10 13:00:00+00:00,4.8608,118926.4727,4.865,1982447.0
2024-11-10 14:00:00+00:00,4.8092,100254.5615,4.813,2028203.0
2024-11-10 15:00:00+00:00,4.8395,38385.0204,4.844,821718.0
2024-11-10 16:00:00+00:00,4.8542,40275.6038,4.86,839059.0
2024-11-10 17:00:00+00:00,4.86,45729.2168,4.868,629127.0
2024-11-10 18:00:00+00:00,4.8314,82386.5749,4.826,1365532.0
2024-11-10 19:00:00+00:00,4.7339,81024.7625,4.736,1714792.0
2024-11-10 20:00:00+00:00,4.5695,74406.4415,4.571,1457673.0
2024-11-10 21:00:00+00:00,4.6488,122058.8086,4.65,2377107.0
2024-11-10 22:00:00+00:00,4.6876,69837.5407603,4.69,1206690.0
2024-11-10 23:00:00+00:00,4.7245,73947.905,4.726,594855.0
2024-11-11 00:00:00+00:00,4.8199,44353.3496,4.823,2496981.0
2024-11-11 01:00:00+00:00,4.9126,56003.179,4.913,848290.0
2024-11-11 02:00:00+00:00,5.12,131367.065,5.127,2110196.0
2024-11-11 03:00:00+00:00,5.1186,66647.37744631,5.118,720825.0
2024-11-11 04:00:00+00:00,5.3863,112559.202,5.393,3329709.0
2024-11-11 05:00:00+00:00,5.1438,172151.8597,5.148,3581704.0
2024-11-11 06:00:00+00:00,5.1307,71185.5567,5.134,2038751.0
2024-11-11 07:00:00+00:00,5.1906,34827.4337,5.193,907984.0
2024-11-11 08:00:00+00:00,5.2411,57337.5501,5.243,1369554.0
2024-11-11 09:00:00+00:00,5.2038,76390.0634,5.207,1608457.0
2024-11-11 10:00:00+00:00,5.3444,143828.0879,5.346,2476865.0
2024-11-11 11:00:00+00:00,5.3799,172914.83468073,5.383,3115949.0
2024-11-11 12:00:00+00:00,5.3264,157318.9811,5.327,3528701.0
2024-11-11 13:00:00+00:00,5.2221,74882.0165,5.227,1508197.0
2024-11-11 14:00:00+00:00,5.2441,73019.8974,5.24,1628878.0
2024-11-11 15:00:00+00:00,5.2164,289012.2228,5.216,2121711.0
2024-11-11 16:00:00+00:00,5.3181,139335.0455,5.324,2125485.0
2024-11-11 17:00:00+00:00,5.4604,198992.11032527,5.47,3850762.0
2024-11-11 18:00:00+00:00,5.534,101966.45044934,5.534,2032879.0
2024-11-11 19:00:00+00:00,5.3756,100724.28247807,5.379,1679136.0
2024-11-11 20:00:00+00:00,5.4098,57926.3735,5.417,1492712.0
2024-11-11 21:00:00+00:00,5.3438,220979.5181,5.346,4254423.0
2024-11-11 22:00:00+00:00,5.421,55158.3999,5.426,1498996.0
2024-11-11 23:00:00+00:00,5.5623,150972.1907,5.569,2707734.0
2024-11-12 00:00:00+00:00,5.5685,218966.12874377,5.572,3222225.0
2024-11-12 01:00:00+00:00,5.5134,193527.3216,5.511,1551778.0
2024-11-12 02:00:00+00:00,5.5389,196501.3784,5.537,1761692.0
2024-11-12 03:00:00+00:00,5.7274,204804.6735,5.732,1988665.0
2024-11-12 04:00:00+00:00,5.5596,154163.1967,5.565,1972929.0
2024-11-12 05:00:00+00:00,5.5739,121408.49,5.577,1589913.0
2024-11-12 06:00:00+00:00,5.6148,145504.3493,5.616,1341862.0
2024-11-12 07:00:00+00:00,5.5524,156840.2796,5.557,1399626.0
2024-11-12 08:00:00+00:00,5.6831,157052.8705,5.692,1610585.0
2024-11-12 09:00:00+00:00,5.3593,211746.13553578,5.365,3056499.0
2024-11-12 10:00:00+00:00,5.2028,228593.3379,5.206,6648792.0
2024-11-12 11:00:00+00:00,5.1958,147736.7345,5.197,2428643.0
2024-11-12 12:00:00+00:00,5.1075,109999.9926,5.109,1930666.0
2024-11-12 13:00:00+00:00,5.1618,81622.4336,5.172,2184930.0
2024-11-12 14:00:00+00:00,5.186,162315.4568,5.193,2172343.0
2024-11-12 15:00:00+00:00,5.0578,168400.6136,5.066,1354145.0
2024-11-12 16:00:00+00:00,5.0638,151049.7518,5.068,2141083.0
2024-11-12 17:00:00+00:00,5.0714,85252.3616,5.073,489818.0
2024-11-12 18:00:00+00:00,5.2129,175159.3992,5.21,719724.0
2024-11-12 19:00:00+00:00,5.2792,139916.7989,5.279,908671.0
2024-11-12 20:00:00+00:00,5.2346,72001.0176,5.235,663923.0
2024-11-12 21:00:00+00:00,5.2603,84750.6403,5.264,1174464.0
2024-11-12 22:00:00+00:00,5.3806,88375.0522,5.381,920095.0
2024-11-12 23:00:00+00:00,5.339,138802.7691,5.343,2138272.0
2024-11-13 00:00:00+00:00,5.3748,121491.5246,5.373,2298246.0
2024-11-13 01:00:00+00:00,5.4138,174431.8999,5.407,1884555.0
2024-11-13 02:00:00+00:00,5.2734,103026.2626,5.276,2312689.0
2024-11-13 03:00:00+00:00,5.1492,70911.6248,5.145,1272131.0
2024-11-13 04:00:00+00:00,5.1154,139166.11681906,5.117,3841892.0
2024-11-13 05:00:00+00:00,5.0563,81129.3494,5.056,1217759.0
2024-11-13 06:00:00+00:00,5.0619,87641.9029,5.061,880893.0
2024-11-13 07:00:00+00:00,5.1678,90522.627,5.168,1124306.0
2024-11-13 08:00:00+00:00,5.1441,46053.9196,5.142,575778.0
2024-11-13 09:00:00+00:00,5.1222,39539.3642,5.127,842063.0
2024-11-13 10:00:00+00:00,5.1954,29777.2269,5.197,909951.0
2024-11-13 11:00:00+00:00,5.2467,47221.26780123,5.25,1973393.0
2024-11-13 12:00:00+00:00,5.2144,30440.1029,5.212,871998.0
2024-11-13 13:00:00+00:00,5.3882,124923.0735,5.392,3626192.0
2024-11-13 14:00:00+00:00,5.5085,103591.6244,5.514,2819906.0
2024-11-13 15:00:00+00:00,5.502,102607.6884,5.507,1864476.0
2024-11-13 16:00:00+00:00,5.3833,75932.43288344,5.393,1358023.0
2024-11-13 17:00:00+00:00,5.3806,74277.2349,5.382,643147.0
2024-11-13 18:00:00+00:00,5.353,76156.9452,5.36,564621.0
2024-11-13 19:00:00+00:00,5.1085,215439.0956,5.108,3029022.0
2024-11-13 20:00:00+00:00,5.0998,93747.9372,5.101,1888867.0
2024-11-13 21:00:00+00:00,5.0564,92857.14266073,5.05,2261152.0
2024-11-13 22:00:00+00:00,5.1539,36335.6993,5.156,839563.0
2024-11-13 23:00:00+00:00,5.171,20243.7259,5.164,1181794.0
2024-11-14 00:00:00+00:00,5.0803,113657.1258,5.083,774159.0
2024-11-14 01:00:00+00:00,5.1206,68531.5057,5.125,931259.0
2024-11-14 02:00:00+00:00,5.1063,66665.0025,5.105,918793.0
2024-11-14 03:00:00+00:00,5.1177,70750.3113,5.118,507415.0
2024-11-14 04:00:00+00:00,5.1988,71047.8899,5.202,738024.0
2024-11-14 05:00:00+00:00,5.2678,121052.9776,5.27,1009697.0
2024-11-14 06:00:00+00:00,5.2926,95428.1503,5.296,1428243.0
2024-11-14 07:00:00+00:00,5.3632,67673.3335,5.374,1295757.0
2024-11-14 08:00:00+00:00,5.3065,72494.1736,5.31,829433.0
2024-11-14 09:00:00+00:00,5.3853,79320.9687,5.389,1407394.0
2024-11-14 10:00:00+00:00,5.2209,77353.8672,5.222,1429301.0
2024-11-14 11:00:00+00:00,5.2568,64438.3733,5.258,1446795.0
2024-11-14 12:00:00+00:00,5.2919,25041.3588,5.293,653884.0
2024-11-14 13:00:00+00:00,5.2631,46506.2052,5.266,1230025.0
2024-11-14 14:00:00+00:00,5.132,50011.6445,5.13,1775489.0
2024-11-14 15:00:00+00:00,5.1956,48440.2627,5.194,1902598.0
2024-11-14 16:00:00+00:00,5.3995,106178.0977,5.402,1922323.0
2024-11-14 17:00:00+00:00,5.4272,50231.0639,5.427,1061837.0
2024-11-14 18:00:00+00:00,5.4839,53504.5474,5.482,1028343.0
2024-11-14 19:00:00+00:00,5.4592,147317.3786,5.448,1224926.0
2024-11-14 20:00:00+00:00,5.3846,33507.1156,5.386,1487042.0
2024-11-14 21:00:00+00:00,5.6145,91137.4265,5.618,2228631.0
2024-11-14 22:00:00+00:00,5.4465,145005.52503684,5.454,3147828.0
2024-11-14 23:00:00+00:00,5.4177,94224.5061,5.414,2568617.0
2024-11-15 00:00:00+00:00,5.3781,60056.9248,5.378,1145474.0
2024-11-15 01:00:00+00:00,5.4476,66076.2332,5.45,1091189.0
2024-11-15 02:00:00+00:00,5.4732,67325.5598,5.469,875259.0
2024-11-15 03:00:00+00:00,5.4463,44143.6577,5.44,298278.0
2024-11-15 04:00:00+00:00,5.2301,78921.9494,5.231,1199058.0
2024-11-15 05:00:00+00:00,5.3547,81399.1466,5.352,959855.0
2024-11-15 06:00:00+00:00,5.4846,98636.0168,5.486,1486365.0
2024-11-15 07:00:00+00:00,5.4277,52563.8344,5.429,759166.0
2024-11-15 08:00:00+00:00,5.4671,59302.2038,5.468,702342.0
2024-11-15 09:00:00+00:00,5.5629,139545.6992,5.565,2082557.0
2024-11-15 10:00:00+00:00,5.5433,46079.2165,5.54,1234791.0
2024-11-15 11:00:00+00:00,5.5391,24826.4941,5.539,625564.0
2024-11-15 12:00:00+00:00,5.4465,60179.4284,5.445,1370448.0
2024-11-15 13:00:00+00:00,5.5656,65721.3486,5.566,1338887.0
2024-11-15 14:00:00+00:00,5.45,74895.29623658,5.439,1277354.0
2024-11-15 15:00:00+00:00,5.3525,49967.9308,5.352,1428879.0
2024-11-15 16:00:00+00:00,5.3661,74062.3418,5.364,1560145.0
2024-11-15 17:00:00+00:00,5.3496,21906.658,5.35,452958.0
2024-11-15 18:00:00+00:00,5.3436,125350.6251,5.346,571329.0
2024-11-15 19:00:00+00:00,5.3593,36514.81138089,5.366,1002760.0
2024-11-15 20:00:00+00:00,5.5371,68835.1685,5.537,1601879.0
2024-11-15 21:00:00+00:00,5.5787,132216.083,5.582,2465503.0
2024-11-15 22:00:00+00:00,5.6365,38516.5145,5.644,649219.0
2024-11-15 23:00:00+00:00,5.5555,23124.5587,5.562,494420.0
2024-11-16 00:00:00+00:00,5.4644,49433.3719,5.47,537480.0
2024-11-16 01:00:00+00:00,5.5768,61456.8848,5.578,432805.0
2024-11-16 02:00:00+00:00,5.8547,99593.1014,5.859,1002063.0
2024-11-16 03:00:00+00:00,6.1298,282252.53788363,6.133,3308676.0
2024-11-16 04:00:00+00:00,6.0828,142055.7137,6.086,1485252.0
2024-11-16 05:00:00+00:00,6.097,100765.0618,6.105,910809.0
2024-11-16 06:00:00+00:00,6.1774,98053.539,6.182,1154490.0
2024-11-16 07:00:00+00:00,6.1777,106615.156,6.182,753200.0
2024-11-16 08:00:00+00:00,6.2063,74630.9825,6.21,1250582.0
2024-11-16 09:00:00+00:00,6.2592,68724.1252,6.26,933158.0
2024-11-16 10:00:00+00:00,6.2724,79154.0643,6.276,1110797.0
2024-11-16 11:00:00+00:00,6.147,103679.14920061,6.147,1410801.0
2024-11-16 12:00:00+00:00,6.075,52696.74786025,6.081,950492.0
2024-11-16 13:00:00+00:00,5.9981,70811.0855,5.998,899513.0
2024-11-16 14:00:00+00:00,5.9815,158543.6434,5.989,640134.0
2024-11-16 15:00:00+00:00,5.8286,61747.0492,5.835,1733055.0
2024-11-16 16:00:00+00:00,5.8716,79552.8427,5.882,2107578.0
2024-11-16 17:00:00+00:00,5.8805,34284.9514,5.882,670534.0
2024-11-16 18:00:00+00:00,5.9707,33909.9435,5.968,1397222.0
2024-11-16 19:00:00+00:00,5.9348,23351.8554,5.937,424960.0
2024-11-16 20:00:00+00:00,5.9029,38826.0758,5.906,686327.0
2024-11-16 21:00:00+00:00,5.9229,100768.7938,5.929,2703100.0
2024-11-16 22:00:00+00:00,5.8511,31617.3876,5.856,427448.0
2024-11-16 23:00:00+00:00,5.9475,51423.6076,5.95,1076809.0
2024-11-17 00:00:00+00:00,5.9359,29386.2317,5.943,588112.0
2024-11-17 01:00:00+00:00,5.8622,51957.5058,5.857,1043713.0
2024-11-17 02:00:00+00:00,5.9636,109967.4078,5.966,3260873.0
2024-11-17 03:00:00+00:00,5.9168,85222.5756,5.914,2089027.0
2024-11-17 04:00:00+00:00,6.1285,133525.4928,6.132,2036515.0
2024-11-17 05:00:00+00:00,6.0412,71830.008,6.042,732801.0
2024-11-17 06:00:00+00:00,6.0157,54231.0777,6.015,669960.0
2024-11-17 07:00:00+00:00,6.0478,72995.8649,6.055,1250347.0
2024-11-17 08:00:00+00:00,6.015,45787.7156,6.018,787961.0
2024-11-17 09:00:00+00:00,5.973,38454.2432,5.973,467035.0
2024-11-17 10:00:00+00:00,5.9825,35775.86,5.987,445091.0
2024-11-17 11:00:00+00:00,5.8217,48986.6221,5.827,1057675.0
2024-11-17 12:00:00+00:00,5.9193,27302.3105,5.928,615766.0
2024-11-17 13:00:00+00:00,5.8965,14741.9164,5.9,1151757.0
2024-11-17 14:00:00+00:00,5.9159,41934.6289,5.916,1489445.0
2024-11-17 15:00:00+00:00,5.9164,32708.3823,5.925,1880775.0
2024-11-17 16:00:00+00:00,5.9308,24371.3752,5.938,475781.0
2024-11-17 17:00:00+00:00,5.8963,53722.7327,5.903,358811.0
2024-11-17 18:00:00+00:00,5.7269,52935.1448,5.726,3607272.0
2024-11-17 19:00:00+00:00,5.7478,46090.64395845,5.748,1266469.0
2024-11-17 20:00:00+00:00,5.7225,28597.6973,5.725,621893.0
2024-11-17 21:00:00+00:00,5.6622,24247.0612,5.666,672247.0
2024-11-17 22:00:00+00:00,5.6644,83853.1801,5.668,1418721.0
2024-11-17 23:00:00+00:00,5.7045,39546.7562,5.705,748254.0
2024-11-18 00:00:00+00:00,5.7002,34789.0233,5.702,759268.0
2024-11-18 01:00:00+00:00,5.9279,56454.1245,5.926,1395373.0
2024-11-18 02:00:00+00:00,5.9025,64989.0581,5.902,490816.0
2024-11-18 03:00:00+00:00,6.0501,70754.0164,6.054,718132.0
2024-11-18 04:00:00+00:00,5.8503,65681.0509,5.857,1308281.0
2024-11-18 05:00:00+00:00,5.887,38955.9303,5.891,514937.0
2024-11-18 06:00:00+00:00,6.0021,57590.3835,6.01,1665938.0
2024-11-18 07:00:00+00:00,5.9099,39506.8532,5.916,1000883.0
2024-11-18 08:00:00+00:00,5.8948,33183.8483,5.91,840847.0
2024-11-18 09:00:00+00:00,5.8798,39220.9296,5.882,665875.0
2024-11-18 10:00:00+00:00,5.9147,50911.7816,5.923,336016.0
2024-11-18 11:00:00+00:00,5.7643,70957.2938,5.77,926618.0
2024-11-18 12:00:00+00:00,5.8209,29445.0476,5.825,1118239.0
2024-11-18 13:00:00+00:00,5.8119,28200.6204,5.816,1001794.0
2024-11-18 14:00:00+00:00,5.907,34186.873,5.912,903019.0
2024-11-18 15:00:00+00:00,6.0037,48957.2705,6.008,1039592.0
2024-11-18 16:00:00+00:00,6.1438,178163.62918777,6.143,3144173.0
2024-11-18 17:00:00+00:00,6.134,49272.9733,6.13,1560984.0
2024-11-18 18:00:00+00:00,5.9858,127542.93899359,5.989,1855778.0
2024-11-18 19:00:00+00:00,5.9347,157939.42006241,5.926,1495166.0
2024-11-18 20:00:00+00:00,5.953,70888.9405,5.954,1333428.0
2024-11-18 21:00:00+00:00,5.9975,29512.4161,5.999,604104.0
2024-11-18 22:00:00+00:00,6.0019,10337.6966,6.009,194229.0
2024-11-18 23:00:00+00:00,6.0215,29428.2721,6.025,1030283.0
2024-11-19 00:00:00+00:00,6.004,51273.0159,6.011,451663.0
2024-11-19 01:00:00+00:00,6.0077,51134.2394,6.011,416076.0
2024-11-19 02:00:00+00:00,5.9673,28287.8707,5.971,461747.0
2024-11-19 03:00:00+00:00,5.9358,26337.6223,5.94,621455.0
2024-11-19 04:00:00+00:00,5.8677,42883.2369,5.87,687278.0
2024-11-19 05:00:00+00:00,5.9406,33577.1219,5.945,512430.0
2024-11-19 06:00:00+00:00,5.9681,33336.3772,5.971,200264.0
2024-11-19 07:00:00+00:00,5.8885,33233.1608,5.89,507900.0
2024-11-19 08:00:00+00:00,5.8673,57329.32879883,5.872,799272.0
2024-11-19 09:00:00+00:00,5.8016,49038.3753,5.81,819495.0
2024-11-19 10:00:00+00:00,5.8437,33451.5546,5.85,409391.0
2024-11-19 11:00:00+00:00,5.9066,58780.3447,5.912,527914.0
2024-11-19 12:00:00+00:00,5.9398,165614.1279,5.942,775179.0
2024-11-19 13:00:00+00:00,5.7517,62842.6895,5.754,1098225.0
2024-11-19 14:00:00+00:00,5.7612,27433.9906,5.772,1073095.0
2024-11-19 15:00:00+00:00,5.7907,16461.8869,5.799,586157.0
2024-11-19 16:00:00+00:00,5.7766,20338.4953,5.779,535853.0
2024-11-19 17:00:00+00:00,5.8074,29411.3659,5.811,1290523.0
2024-11-19 18:00:00+00:00,5.8839,37788.9211,5.892,868138.0
2024-11-19 19:00:00+00:00,5.849,40175.8916,5.85,884768.0
2024-11-19 20:00:00+00:00,5.748,48881.5667,5.751,1586431.0
2024-11-19 21:00:00+00:00,5.7255,68103.8664,5.729,1540355.0
2024-11-19 22:00:00+00:00,5.7081,9635.9665,5.709,729333.0
2024-11-19 23:00:00+00:00,5.7781,32295.8081,5.78,1029185.0
2024-11-20 00:00:00+00:00,5.6897,40226.6,5.693,260269.0
2024-11-20 01:00:00+00:00,5.6553,52299.4152,5.656,262088.0
2024-11-20 02:00:00+00:00,5.5632,47828.8134,5.57,822569.0
2024-11-20 03:00:00+00:00,5.5821,68181.5735,5.584,1163907.0
2024-11-20 04:00:00+00:00,5.5553,45465.4187,5.559,923410.0
2024-11-20 05:00:00+00:00,5.6133,60069.1707,5.618,376724.0
2024-11-20 06:00:00+00:00,5.5858,37768.6707,5.591,415793.0
2024-11-20 07:00:00+00:00,5.6101,23427.6823,5.612,487823.0
2024-11-20 08:00:00+00:00,5.6947,44879.3543,5.696,872821.0
2024-11-20 09:00:00+00:00,5.8073,63233.4664,5.806,588714.0
2024-11-20 10:00:00+00:00,5.7695,26773.8079,5.776,584458.0
2024-11-20 11:00:00+00:00,5.7274,22089.2755,5.73,585987.0
2024-11-20 12:00:00+00:00,5.6547,17762.5248,5.658,720787.0
2024-11-20 13:00:00+00:00,5.7561,50499.4131,5.761,484473.0
2024-11-20 14:00:00+00:00,5.7064,80005.6034,5.704,1424761.0
2024-11-20 15:00:00+00:00,5.6964,16943.4587,5.697,627621.0
2024-11-20 16:00:00+00:00,5.5664,36490.4332,5.572,1371683.0
2024-11-20 17:00:00+00:00,5.4706,39619.2834,5.466,1410161.0
2024-11-20 18:00:00+00:00,5.4377,84038.4944,5.439,1739215.0
2024-11-20 19:00:00+00:00,5.3947,72145.7088,5.4,925084.0
2024-11-20 20:00:00+00:00,5.5287,19342.5382,5.534,959702.0
2024-11-20 21:00:00+00:00,5.5337,20559.2508,5.537,910831.0
2024-11-20 22:00:00+00:00,5.5237,14097.4926,5.507,543637.0
2024-11-20 23:00:00+00:00,5.4759,16234.2627,5.477,938116.0
2024-11-21 00:00:00+00:00,5.5207,32505.9955,5.522,728167.0
2024-11-21 01:00:00+00:00,5.5087,28481.2224,5.507,533021.0
2024-11-21 02:00:00+00:00,5.3801,57900.0068,5.383,910653.0
2024-11-21 03:00:00+00:00,5.419,41127.1147,5.417,720772.0
2024-11-21 04:00:00+00:00,5.5458,55784.4456,5.545,1011157.0
2024-11-21 05:00:00+00:00,5.5359,37474.1314,5.54,405017.0
2024-11-21 06:00:00+00:00,5.4568,43026.1713,5.458,764032.0
2024-11-21 07:00:00+00:00,5.4976,42798.7933,5.501,162870.0
2024-11-21 08:00:00+00:00,5.5138,41805.1872,5.515,1391366.0
2024-11-21 09:00:00+00:00,5.418,36580.4292,5.42,474846.0
2024-11-21 10:00:00+00:00,5.3993,36511.0036,5.406,246930.0
2024-11-21 11:00:00+00:00,5.4626,58095.7849,5.468,568940.0
2024-11-21 12:00:00+00:00,5.6112,85699.048,5.617,1634158.0
2024-11-21 13:00:00+00:00,5.7683,113525.2119,5.768,2013819.0
2024-11-21 14:00:00+00:00,5.7598,57430.5987,5.76,1343858.0
2024-11-21 15:00:00+00:00,5.6007,35430.7561,5.597,4038722.0
2024-11-21 16:00:00+00:00,5.6561,58320.8989,5.653,1536867.0
2024-11-21 17:00:00+00:00,5.6973,148359.2792,5.7,1058380.0
2024-11-21 18:00:00+00:00,5.7164,206989.1485,5.718,784159.0
2024-11-21 19:00:00+00:00,5.6845,51069.8842,5.695,1268202.0
2024-11-21 20:00:00+00:00,5.688,20170.0545,5.689,500191.0
2024-11-21 21:00:00+00:00,5.7112,7437.9296,5.717,443824.0
2024-11-21 22:00:00+00:00,5.7998,24763.6724,5.797,568061.0
2024-11-21 23:00:00+00:00,5.7899,66511.9869,5.792,589565.0
2024-11-22 00:00:00+00:00,5.8274,87203.85703894,5.829,1805812.0
2024-11-22 01:00:00+00:00,5.8279,70714.6394,5.83,841059.0
2024-11-22 02:00:00+00:00,5.8091,105115.1763,5.812,1513804.0
2024-11-22 03:00:00+00:00,5.7692,63792.1218,5.771,1121212.0
2024-11-22 04:00:00+00:00,5.8209,62265.0508,5.825,797793.0
2024-11-22 05:00:00+00:00,5.8073,42293.7507,5.809,463538.0
2024-11-22 06:00:00+00:00,5.7121,58026.335,5.72,1120253.0
2024-11-22 07:00:00+00:00,5.6613,75509.4066,5.667,1160628.0
2024-11-22 08:00:00+00:00,5.7137,98430.7716,5.714,1030881.0
2024-11-22 09:00:00+00:00,5.6728,34533.9459,5.676,337772.0
2024-11-22 10:00:00+00:00,5.6155,80853.44914633,5.62,934711.0
2024-11-22 11:00:00+00:00,5.7124,82408.8069,5.717,1550312.0
2024-11-22 12:00:00+00:00,5.7113,77473.4878,5.717,1162906.0
2024-11-22 13:00:00+00:00,5.559,131048.6404,5.564,2124998.0
2024-11-22 14:00:00+00:00,5.5698,46253.8267,5.568,840030.0
2024-11-22 15:00:00+00:00,5.6811,83699.3444,5.686,1163672.0
2024-11-22 16:00:00+00:00,5.666,37528.1964,5.666,636014.0
2024-11-22 17:00:00+00:00,5.6521,66781.2223,5.656,691098.0
2024-11-22 18:00:00+00:00,5.6142,57483.0709,5.615,421394.0
2024-11-22 19:00:00+00:00,5.6399,56435.4846,5.633,423144.0
2024-11-22 20:00:00+00:00,5.7207,72807.7324,5.722,734332.0
2024-11-22 21:00:00+00:00,5.8495,75040.6001,5.846,777890.0
2024-11-22 22:00:00+00:00,5.9102,100192.1658,5.913,1238281.0
2024-11-22 23:00:00+00:00,6.1286,176538.2813,6.132,3315300.0
2024-11-23 00:00:00+00:00,6.1131,118645.8903,6.111,1233737.0
2024-11-23 01:00:00+00:00,6.2688,186782.344,6.273,2451851.0
2024-11-23 02:00:00+00:00,6.1032,135058.8612,6.107,2421940.0
2024-11-23 03:00:00+00:00,6.1501,65753.2202,6.152,873374.0
2024-11-23 04:00:00+00:00,6.2296,107753.4791,6.234,948342.0
2024-11-23 05:00:00+00:00,6.2766,89381.3521,6.28,842420.0
2024-11-23 06:00:00+00:00,6.278,123803.6178,6.286,1157941.0
2024-11-23 07:00:00+00:00,6.3797,105887.0631,6.391,1337577.0
2024-11-23 08:00:00+00:00,6.2783,93826.1754,6.287,1742972.0
2024-11-23 09:00:00+00:00,6.2682,80162.7053,6.276,2106825.0
2024-11-23 10:00:00+00:00,6.1817,76602.0156,6.184,580134.0
2024-11-23 11:00:00+00:00,6.2449,52482.3897,6.252,759696.0
2024-11-23 12:00:00+00:00,6.364,104291.1169,6.367,1264904.0
2024-11-23 13:00:00+00:00,6.3616,96826.2613,6.363,1019157.0
2024-11-23 14:00:00+00:00,6.4388,77985.5149,6.446,1613351.0
2024-11-23 15:00:00+00:00,6.4558,135507.3897178,6.465,3080320.0
2024-11-23 16:00:00+00:00,6.2445,179004.75877121,6.248,4794479.0
2024-11-23 17:00:00+00:00,6.215,131153.2917,6.217,2035608.0
2024-11-23 18:00:00+00:00,6.1904,66975.6115,6.191,651372.0
2024-11-23 19:00:00+00:00,6.1486,46036.2428,6.146,566073.0
2024-11-23 20:00:00+00:00,6.1358,86979.11444804,6.14,1332328.0
2024-11-23 21:00:00+00:00,6.239,50203.5679,6.245,930637.0
2024-11-23 22:00:00+00:00,6.209,56430.39924346,6.213,685734.0
2024-11-23 23:00:00+00:00,6.1971,28922.04,6.193,324035.0
2024-11-24 00:00:00+00:00,6.462,79667.7134,6.464,1763959.0
2024-11-24 01:00:00+00:00,6.5215,86074.9062,6.524,819999.0
2024-11-24 02:00:00+00:00,6.3834,66256.0109,6.388,691411.0
2024-11-24 03:00:00+00:00,6.4538,46442.7372,6.455,825321.0
2024-11-24 04:00:00+00:00,6.4525,58195.8878,6.457,1272198.0
2024-11-24 05:00:00+00:00,6.6709,121952.4993,6.676,1845265.0
2024-11-24 06:00:00+00:00,6.7022,133768.9059,6.71,2438803.0
2024-11-24 07:00:00+00:00,6.6616,56508.6664,6.663,1658582.0
2024-11-24 08:00:00+00:00,6.527,60224.8672,6.534,1105576.0
2024-11-24 09:00:00+00:00,6.5292,66043.1069,6.532,938581.0
2024-11-24 10:00:00+00:00,6.4297,87235.9954,6.434,955281.0
2024-11-24 11:00:00+00:00,6.2665,122461.01029883,6.274,2454417.0
2024-11-24 12:00:00+00:00,6.1557,166993.2922,6.163,2412720.0
2024-11-24 13:00:00+00:00,6.4313,256254.1903,6.426,2009104.0
2024-11-24 14:00:00+00:00,6.4059,54795.3671,6.412,2697837.0
2024-11-24 15:00:00+00:00,6.2576,80032.51092184,6.262,2756130.0
2024-11-24 16:00:00+00:00,6.3895,142259.23784443,6.389,1537657.0
2024-11-24 17:00:00+00:00,6.3969,34888.8693,6.393,1815137.0
2024-11-24 18:00:00+00:00,6.5744,56021.4694,6.575,3071977.0
2024-11-24 19:00:00+00:00,6.5112,26409.9249,6.51,899149.0
2024-11-24 20:00:00+00:00,6.5715,37830.9535,6.577,1561818.0
2024-11-24 21:00:00+00:00,6.6226,33169.0246,6.621,850857.0
2024-11-24 22:00:00+00:00,6.6899,33724.454,6.688,869795.0
2024-11-24 23:00:00+00:00,6.8703,83727.6646,6.879,2784547.0
2024-11-25 00:00:00+00:00,7.107,199320.7049,7.117,3327596.0
2024-11-25 01:00:00+00:00,6.9414,101823.0799,6.944,2139711.0
2024-11-25 02:00:00+00:00,6.7901,62637.2653,6.793,1351593.0
2024-11-25 03:00:00+00:00,6.9857,61088.6782,6.992,1160551.0
2024-11-25 04:00:00+00:00,7.0549,152899.82,7.062,2689536.0
2024-11-25 05:00:00+00:00,6.988,87861.2937,6.992,810530.0
2024-11-25 06:00:00+00:00,6.8545,239594.6074,6.853,1195101.0
2024-11-25 07:00:00+00:00,6.8862,69748.6998,6.888,741226.0
2024-11-25 08:00:00+00:00,6.8439,80735.0475,6.852,1469113.0
2024-11-25 09:00:00+00:00,6.8697,66458.0577,6.874,1076885.0
2024-11-25 10:00:00+00:00,6.8084,145488.3165,6.81,1152604.0
2024-11-25 11:00:00+00:00,6.7793,90683.577,6.784,705085.0
2024-11-25 12:00:00+00:00,6.8135,119054.0513,6.812,1168988.0
2024-11-25 13:00:00+00:00,6.7178,103849.7524,6.724,2304073.0
2024-11-25 14:00:00+00:00,6.5482,99667.23,6.558,2518445.0
2024-11-25 15:00:00+00:00,6.7001,131406.2211,6.709,2137032.0
2024-11-25 16:00:00+00:00,6.7004,38966.2053,6.705,2422984.0
2024-11-25 17:00:00+00:00,6.6077,86845.0165,6.619,1094140.0
2024-11-25 18:00:00+00:00,6.5726,47634.5073,6.578,446564.0
2024-11-25 19:00:00+00:00,6.6254,66266.0452,6.627,1474996.0
2024-11-25 20:00:00+00:00,6.7638,40305.767,6.769,1109562.0
2024-11-25 21:00:00+00:00,6.5921,67524.5432,6.598,796826.0
2024-11-25 22:00:00+00:00,6.4701,107269.4462,6.479,1686411.0
2024-11-25 23:00:00+00:00,6.4579,35982.2253,6.461,1255444.0
2024-11-26 00:00:00+00:00,6.5444,65088.3466,6.546,1027292.0
2024-11-26 01:00:00+00:00,6.6234,45387.9919,6.621,295286.0
2024-11-26 02:00:00+00:00,6.579,71651.6527,6.581,582794.0
2024-11-26 03:00:00+00:00,6.4785,58396.0301,6.481,727255.0
2024-11-26 04:00:00+00:00,6.4767,46471.9483,6.484,260111.0
2024-11-26 05:00:00+00:00,6.5972,60321.5275,6.602,315099.0
2024-11-26 06:00:00+00:00,6.5053,55920.2252,6.51,425382.0
2024-11-26 07:00:00+00:00,6.4014,56395.1118,6.407,775784.0
2024-11-26 08:00:00+00:00,6.2735,91868.584,6.276,2573756.0
2024-11-26 09:00:00+00:00,6.321,58695.5481,6.32,550752.0
2024-11-26 10:00:00+00:00,6.1366,155122.2156,6.134,1228370.0
2024-11-26 11:00:00+00:00,6.1265,199746.8258,6.125,2171437.0
2024-11-26 12:00:00+00:00,6.09,129882.0341,6.091,1591232.0
2024-11-26 13:00:00+00:00,6.1069,37169.1325,6.109,952053.0
2024-11-26 14:00:00+00:00,6.1934,89492.6958,6.197,2216132.0
2024-11-26 15:00:00+00:00,6.0463,57921.6023,6.052,2674136.0
2024-11-26 16:00:00+00:00,6.1782,99250.7076,6.178,1936039.0
2024-11-26 17:00:00+00:00,6.1466,57064.9413,6.15,770043.0
2024-11-26 18:00:00+00:00,6.0601,64971.7,6.065,1429699.0
2024-11-26 19:00:00+00:00,6.1143,37056.9219,6.12,577696.0
2024-11-26 20:00:00+00:00,6.2003,29905.7884,6.201,921562.0
2024-11-26 21:00:00+00:00,6.2053,34888.7053,6.205,916343.0
2024-11-26 22:00:00+00:00,6.4331,53733.1532,6.434,1545103.0
2024-11-26 23:00:00+00:00,6.5193,58971.9238,6.522,1759305.0
2024-11-27 00:00:00+00:00,6.4406,66905.2556,6.447,1034703.0
2024-11-27 01:00:00+00:00,6.5356,105639.2187,6.536,732116.0
2024-11-27 02:00:00+00:00,6.6268,61464.191,6.624,877556.0
2024-11-27 03:00:00+00:00,6.5372,39797.0773,6.546,664927.0
2024-11-27 04:00:00+00:00,6.4864,35507.0083,6.488,2838168.0
2024-11-27 05:00:00+00:00,6.4937,35783.4633,6.497,636572.0
2024-11-27 06:00:00+00:00,6.5848,81676.9362,6.58,899013.0
2024-11-27 07:00:00+00:00,6.6707,34405.5152,6.672,659141.0
2024-11-27 08:00:00+00:00,6.6752,63406.4205,6.681,519560.0
2024-11-27 09:00:00+00:00,6.7864,60692.5604,6.789,1318774.0
2024-11-27 10:00:00+00:00,6.8363,133803.4342,6.84,832734.0
2024-11-27 11:00:00+00:00,6.7918,61187.2819,6.788,576799.0
2024-11-27 12:00:00+00:00,6.7032,53136.0633,6.71,811267.0
2024-11-27 13:00:00+00:00,6.7359,48679.8281,6.741,479783.0
2024-11-27 14:00:00+00:00,6.7324,60132.7524,6.742,1197673.0
2024-11-27 15:00:00+00:00,6.7662,68692.055,6.771,714410.0
2024-11-27 16:00:00+00:00,6.7077,92349.6809,6.709,4195705.0
2024-11-27 17:00:00+00:00,6.7019,27463.1322,6.704,785179.0
2024-11-27 18:00:00+00:00,6.6537,34167.6873,6.655,319912.0
2024-11-27 19:00:00+00:00,6.6986,50057.1837,6.698,938703.0
2024-11-27 20:00:00+00:00,6.751,79336.4038,6.752,1392151.0
2024-11-27 21:00:00+00:00,6.7059,33881.4492,6.706,520377.0
2024-11-27 22:00:00+00:00,6.8011,29610.1071,6.804,194934.0
2024-11-27 23:00:00+00:00,6.8162,24619.4529,6.816,1719414.0
2024-11-28 00:00:00+00:00,6.8516,40157.651,6.841,477945.0
2024-11-28 01:00:00+00:00,6.8197,48695.5679,6.82,988916.0
2024-11-28 02:00:00+00:00,6.6701,45127.0694,6.672,1054870.0
2024-11-28 03:00:00+00:00,6.6835,81142.2174,6.684,2218746.0
2024-11-28 04:00:00+00:00,6.6868,51477.9309,6.689,690234.0
2024-11-28 05:00:00+00:00,6.6425,46976.6607,6.647,650519.0
2024-11-28 06:00:00+00:00,6.6354,31199.7713,6.636,191254.0
2024-11-28 07:00:00+00:00,6.5778,60366.0235,6.577,1343552.0
2024-11-28 08:00:00+00:00,6.62,44384.9925,6.624,611547.0
2024-11-28 09:00:00+00:00,6.5462,32672.8708,6.548,363645.0
2024-11-28 10:00:00+00:00,6.5733,57551.3175,6.573,243517.0
2024-11-28 11:00:00+00:00,6.645,75061.2165,6.644,425078.0
2024-11-28 12:00:00+00:00,6.6056,42868.9115,6.607,320367.0
2024-11-28 13:00:00+00:00,6.602,48785.2117,6.603,393248.0
2024-11-28 14:00:00+00:00,6.5811,70834.1302,6.581,438984.0
2024-11-28 15:00:00+00:00,6.4775,49299.7058,6.485,590758.0
2024-11-28 16:00:00+00:00,6.6301,39689.2264,6.628,426263.0
2024-11-28 17:00:00+00:00,6.7416,84929.452,6.742,697650.0
2024-11-28 18:00:00+00:00,6.8251,36829.5366,6.826,743848.0
2024-11-28 19:00:00+00:00,6.8822,51698.4587,6.884,1127223.0
2024-11-28 20:00:00+00:00,6.7677,30793.7993,6.765,544418.0
2024-11-28 21:00:00+00:00,6.9764,61310.9498,6.976,884170.0
2024-11-28 22:00:00+00:00,7.1237,111234.3952,7.13,1967656.0
2024-11-28 23:00:00+00:00,7.0175,49010.3793,7.02,898387.0
2024-11-29 00:00:00+00:00,6.9081,68181.2722,6.923,1407691.0
2024-11-29 01:00:00+00:00,6.8646,46101.4858,6.867,816062.0
2024-11-29 02:00:00+00:00,6.8846,37557.0487,6.887,508176.0
2024-11-29 03:00:00+00:00,6.8207,41257.4349,6.824,258128.0
2024-11-29 04:00:00+00:00,6.84,31936.3569,6.839,285207.0
2024-11-29 05:00:00+00:00,6.7976,31940.6154,6.793,171701.0
2024-11-29 06:00:00+00:00,6.8577,36208.9978,6.86,311291.0
2024-11-29 07:00:00+00:00,6.8263,42718.4576,6.831,735152.0
2024-11-29 08:00:00+00:00,6.8942,43055.4206,6.899,430003.0
2024-11-29 09:00:00+00:00,6.9749,38605.70467158,6.977,400800.0
2024-11-29 10:00:00+00:00,6.97,50844.09315053,6.969,716634.0
2024-11-29 11:00:00+00:00,6.9335,33766.0761,6.931,444750.0
2024-11-29 12:00:00+00:00,6.8657,36510.3317,6.869,771703.0
2024-11-29 13:00:00+00:00,6.8967,33776.3478,6.893,225536.0
2024-11-29 14:00:00+00:00,6.9134,37869.5117,6.92,772696.0
2024-11-29 15:00:00+00:00,6.9097,32344.8781,6.916,649244.0
2024-11-29 16:00:00+00:00,6.8267,35198.3922,6.828,890564.0
2024-11-29 17:00:00+00:00,6.8807,29057.3384,6.882,521239.0
2024-11-29 18:00:00+00:00,6.8326,26270.9901,6.834,458529.0
2024-11-29 19:00:00+00:00,6.9448,18405.4798,6.947,371270.0
2024-11-29 20:00:00+00:00,6.9651,35720.8381,6.968,464603.0
2024-11-29 21:00:00+00:00,6.9567,25207.3295,6.963,534884.0
2024-11-29 22:00:00+00:00,6.998,26265.7608,7.005,580198.0
2024-11-29 23:00:00+00:00,6.9613,19508.3005,6.963,722816.0
2024-11-30 00:00:00+00:00,6.8864,40490.9931,6.886,1128480.0
2024-11-30 01:00:00+00:00,6.8319,32623.524,6.839,268879.0
2024-11-30 02:00:00+00:00,6.8296,37065.23942547,6.829,723122.0
2024-11-30 03:00:00+00:00,6.903,32979.275,6.909,282720.0
2024-11-30 04:00:00+00:00,6.8964,33710.1527,6.901,678213.0
2024-11-30 05:00:00+00:00,6.9184,30680.7236,6.922,380189.0
2024-11-30 06:00:00+00:00,6.8702,130687.8076,6.876,1133984.0
2024-11-30 07:00:00+00:00,6.9546,46038.1771,6.957,633012.0
2024-11-30 08:00:00+00:00,6.9788,72947.4269,6.98,2914573.0
2024-11-30 09:00:00+00:00,7.0329,79238.9088,7.046,3273190.0
2024-11-30 10:00:00+00:00,6.8109,94203.1381,6.82,2456063.0
2024-11-30 11:00:00+00:00,6.8549,43704.42170203,6.868,949848.0
2024-11-30 12:00:00+00:00,6.9499,48550.7394,6.969,1156315.0
2024-11-30 13:00:00+00:00,6.9793,40977.7863,6.981,1027088.0
2024-11-30 14:00:00+00:00,7.0049,64428.4333,7.011,2324471.0
2024-11-30 15:00:00+00:00,7.1289,70179.6138,7.139,1023628.0
2024-11-30 16:00:00+00:00,7.1484,70208.2033,7.154,1279421.0
2024-11-30 17:00:00+00:00,7.1771,42883.8638,7.182,446077.0
2024-11-30 18:00:00+00:00,7.1887,61699.1502,7.192,618070.0
2024-11-30 19:00:00+00:00,7.1212,55199.6922,7.13,962751.0
2024-11-30 20:00:00+00:00,7.1433,39136.9494965,7.154,293667.0
2024-11-30 21:00:00+00:00,7.0953,39408.41009881,7.104,279394.0
2024-11-30 22:00:00+00:00,7.045,44779.0365,7.054,506579.0
2024-11-30 23:00:00+00:00,7.0033,29998.9335,7.012,894642.0
2024-12-01 00:00:00+00:00,6.9624,46001.5555,6.966,2069973.0
2024-12-01 01:00:00+00:00,6.9529,72621.0931,6.954,803653.0
2024-12-01 02:00:00+00:00,6.852,73345.034,6.852,668388.0
2024-12-01 03:00:00+00:00,6.9452,40278.7323,6.944,1079638.0
2024-12-01 04:00:00+00:00,6.9808,35572.8997,6.982,285353.0
2024-12-01 05:00:00+00:00,6.8829,49045.8928,6.888,587852.0
2024-12-01 06:00:00+00:00,6.9018,44348.9637,6.907,107103.0
2024-12-01 07:00:00+00:00,6.8987,39245.0718,6.906,295783.0
2024-12-01 08:00:00+00:00,6.9752,73689.7016,6.973,1021609.0
2024-12-01 09:00:00+00:00,6.9224,45500.6766,6.927,521318.0
2024-12-01 10:00:00+00:00,6.8935,33130.7799,6.899,405998.0
2024-12-01 11:00:00+00:00,6.9471,26799.6187,6.948,525540.0
2024-12-01 12:00:00+00:00,6.9207,138686.901,6.922,779853.0
2024-12-01 13:00:00+00:00,6.9289,20925.7585,6.929,1279582.0
2024-12-01 14:00:00+00:00,6.9731,26420.5555,6.975,509756.0
2024-12-01 15:00:00+00:00,6.9709,25285.0647,6.969,199435.0
2024-12-01 16:00:00+00:00,6.9222,34289.2244,6.926,319778.0
2024-12-01 17:00:00+00:00,6.9294,35903.7417,6.935,342658.0
2024-12-01 18:00:00+00:00,6.9087,33696.3798,6.911,229474.0
2024-12-01 19:00:00+00:00,6.886,34948.6618,6.893,532078.0
2024-12-01 20:00:00+00:00,6.8581,59577.8934,6.86,801520.0
2024-12-01 21:00:00+00:00,6.9188,50658.3503704,6.927,1124012.0
2024-12-01 22:00:00+00:00,6.943,31486.57842387,6.954,349275.0
2024-12-01 23:00:00+00:00,6.9158,23617.7559,6.924,331808.0
2024-12-02 00:00:00+00:00,6.8702,78444.4515,6.887,865541.0
2024-12-02 01:00:00+00:00,6.9748,101145.2396,6.983,1275923.0
2024-12-02 02:00:00+00:00,6.9047,70645.0579,6.909,826156.0
2024-12-02 03:00:00+00:00,6.7469,106319.1948,6.745,2100756.0
2024-12-02 04:00:00+00:00,6.7728,120129.1047,6.778,1766989.0
2024-12-02 05:00:00+00:00,6.7803,56599.1022,6.784,1193257.0
2024-12-02 06:00:00+00:00,6.8465,66154.6968,6.852,715126.0
2024-12-02 07:00:00+00:00,6.7565,55766.0943,6.757,639085.0
2024-12-02 08:00:00+00:00,6.5123,135454.104,6.521,2315604.0
2024-12-02 09:00:00+00:00,6.6547,61038.2985,6.654,473478.0
2024-12-02 10:00:00+00:00,6.4759,61495.7019,6.474,747162.0
2024-12-02 11:00:00+00:00,6.512,81694.4276,6.517,547351.0
2024-12-02 12:00:00+00:00,6.5624,50084.5704,6.57,1043308.0
2024-12-02 13:00:00+00:00,6.7358,70311.1873,6.741,868828.0
2024-12-02 14:00:00+00:00,6.7435,57482.3667,6.744,1438085.0
2024-12-02 15:00:00+00:00,6.8289,53892.334,6.841,590773.0
2024-12-02 16:00:00+00:00,6.7256,91576.9409,6.724,789253.0
2024-12-02 17:00:00+00:00,6.6006,76832.3641,6.603,1360850.0
2024-12-02 18:00:00+00:00,6.7496,43955.0068,6.756,513618.0
2024-12-02 19:00:00+00:00,6.7183,51167.8842,6.732,262675.0
2024-12-02 20:00:00+00:00,6.8193,74905.1701,6.822,716909.0
2024-12-02 21:00:00+00:00,7.0818,90201.0774,7.085,1113286.0
2024-12-02 22:00:00+00:00,7.0663,150680.403,7.074,2253386.0
2024-12-02 23:00:00+00:00,7.4846,186330.7193,7.497,3570288.0
2024-12-03 00:00:00+00:00,7.5886,114751.492,7.602,1406614.0
2024-12-03 01:00:00+00:00,7.4031,78090.6107,7.415,1252985.0
2024-12-03 02:00:00+00:00,7.3561,50064.7784,7.367,809641.0
2024-12-03 03:00:00+00:00,7.3186,81523.6505,7.337,928264.0
2024-12-03 04:00:00+00:00,7.2945,48120.2739,7.306,385641.0
2024-12-03 05:00:00+00:00,7.3869,58688.4693,7.401,437467.0
2024-12-03 06:00:00+00:00,7.2873,72006.5491,7.3,675073.0
2024-12-03 07:00:00+00:00,7.2621,84705.6638,7.27,1222236.0
2024-12-03 08:00:00+00:00,7.3369,57760.7447,7.353,1328638.0
2024-12-03 09:00:00+00:00,7.3313,45386.915,7.336,712991.0
2024-12-03 10:00:00+00:00,7.3051,65848.533,7.31,2381465.0
2024-12-03 11:00:00+00:00,7.4127,63373.9663,7.416,1345224.0
2024-12-03 12:00:00+00:00,7.3081,128159.3004,7.316,1633307.0
2024-12-03 13:00:00+00:00,6.985,239482.82320293,6.988,3265015.0
2024-12-03 14:00:00+00:00,7.0703,280020.2927,7.082,2941710.0
2024-12-03 15:00:00+00:00,7.067,124782.0761,7.075,1584614.0
2024-12-03 16:00:00+00:00,7.0128,79076.141,7.018,1663733.0
2024-12-03 17:00:00+00:00,7.103,53086.0202,7.109,495258.0
2024-12-03 18:00:00+00:00,7.1709,61455.0978,7.176,961946.0
2024-12-03 19:00:00+00:00,7.1186,52705.7852,7.12,421735.0
2024-12-03 20:00:00+00:00,7.2246,75537.83848065,7.231,1036071.0
2024-12-03 21:00:00+00:00,7.2887,123659.0517,7.291,1216837.0
2024-12-03 22:00:00+00:00,7.2939,99692.5792,7.297,598583.0
2024-12-03 23:00:00+00:00,7.3861,63964.1238,7.393,772654.0
2024-12-04 00:00:00+00:00,7.3371,52731.6301,7.352,731827.0
2024-12-04 01:00:00+00:00,7.366,51226.2551,7.376,659928.0
2024-12-04 02:00:00+00:00,7.2328,49704.5297,7.244,199642.0
2024-12-04 03:00:00+00:00,7.3209,44625.8961,7.325,122409.0
2024-12-04 04:00:00+00:00,7.4067,39760.8528,7.409,295171.0
2024-12-04 05:00:00+00:00,7.4179,42727.0211,7.42,335227.0
2024-12-04 06:00:00+00:00,7.4848,52312.8857,7.492,366024.0
2024-12-04 07:00:00+00:00,7.4242,48026.6262,7.432,235023.0
2024-12-04 08:00:00+00:00,7.3939,42123.4491,7.403,416520.0
2024-12-04 09:00:00+00:00,7.4368,45913.3322,7.446,570942.0
2024-12-04 10:00:00+00:00,7.5082,43275.7253,7.515,480265.0
2024-12-04 11:00:00+00:00,7.5997,136749.9455,7.6,1280030.0
2024-12-04 12:00:00+00:00,7.5055,73173.9394,7.511,811980.0
2024-12-04 13:00:00+00:00,7.4915,88824.7043,7.486,1111485.0
2024-12-04 14:00:00+00:00,7.4543,51834.2933,7.463,1416885.0
2024-12-04 15:00:00+00:00,7.5721,89766.37479796,7.581,1007753.0
2024-12-04 16:00:00+00:00,7.2271,170144.4457,7.231,1545352.0
2024-12-04 17:00:00+00:00,7.4257,67784.9275,7.428,1147574.0
2024-12-04 18:00:00+00:00,7.4996,54944.2055,7.504,751653.0
2024-12-04 19:00:00+00:00,7.6375,87279.72,7.652,1680764.0
2024-12-04 20:00:00+00:00,7.4853,93835.3198,7.479,2168416.0
2024-12-04 21:00:00+00:00,7.5894,50351.8471,7.596,667498.0
2024-12-04 22:00:00+00:00,7.4807,28566.80696095,7.498,279527.0
2024-12-04 23:00:00+00:00,7.4623,57470.0433,7.477,685363.0
2024-12-05 00:00:00+00:00,7.3398,49578.1897,7.345,541165.0
2024-12-05 01:00:00+00:00,7.1457,105414.3866,7.149,1749746.0
2024-12-05 02:00:00+00:00,7.3761,72899.7766,7.401,1052356.0
2024-12-05 03:00:00+00:00,7.3593,96548.3929,7.362,1273308.0
2024-12-05 04:00:00+00:00,7.4373,46246.5699,7.449,682062.0
2024-12-05 05:00:00+00:00,7.3488,50853.468,7.359,497269.0
2024-12-05 06:00:00+00:00,7.3987,54944.7871,7.413,291717.0
2024-12-05 07:00:00+00:00,7.6216,74891.5884,7.635,1176588.0
2024-12-05 08:00:00+00:00,7.5811,85101.5216,7.592,943961.0
2024-12-05 09:00:00+00:00,7.5962,83595.1331,7.611,312812.0
2024-12-05 10:00:00+00:00,7.6429,68186.5393,7.649,398329.0
2024-12-05 11:00:00+00:00,7.6954,46872.0224,7.704,637136.0
2024-12-05 12:00:00+00:00,7.6887,99238.9254,7.703,915541.0
2024-12-05 13:00:00+00:00,7.7717,48747.2959,7.783,645254.0
2024-12-05 14:00:00+00:00,7.8951,86055.14,7.911,1777791.0
2024-12-05 15:00:00+00:00,7.8472,136922.9304,7.847,4152099.0
2024-12-05 16:00:00+00:00,7.9359,165554.1092,7.948,1199258.0
2024-12-05 17:00:00+00:00,7.9645,72249.525,7.973,622334.0
2024-12-05 18:00:00+00:00,7.9531,53377.9213,7.96,796408.0
2024-12-05 19:00:00+00:00,7.7545,84957.7376,7.761,1185945.0
2024-12-05 20:00:00+00:00,7.7378,73214.8337,7.748,1903393.0
2024-12-05 21:00:00+00:00,7.7733,45111.88036129,7.774,791712.0
2024-12-05 22:00:00+00:00,7.6615,96312.2433,7.675,1722775.0
2024-12-05 23:00:00+00:00,7.6197,89135.2558,7.626,1586778.0
2024-12-06 00:00:00+00:00,7.8511,65347.2165,7.856,1414669.0
2024-12-06 01:00:00+00:00,8.1084,170886.9104,8.112,1602188.0
2024-12-06 02:00:00+00:00,8.0307,78770.0474,8.037,948025.0
2024-12-06 03:00:00+00:00,7.9391,59229.1759,7.947,572235.0
2024-12-06 04:00:00+00:00,8.1074,71428.5315,8.119,1340935.0
2024-12-06 05:00:00+00:00,8.0781,95169.7206,8.095,1716348.0
2024-12-06 06:00:00+00:00,7.9984,39619.1326,8.015,800888.0
2024-12-06 07:00:00+00:00,7.924,56731.6196,7.946,1215566.0
2024-12-06 08:00:00+00:00,7.8527,48278.1812,7.865,903112.0
2024-12-06 09:00:00+00:00,7.7428,71577.2468,7.761,982848.0
2024-12-06 10:00:00+00:00,7.7705,53068.6879,7.783,777226.0
2024-12-06 11:00:00+00:00,7.7788,44816.8337,7.781,1197742.0
2024-12-06 12:00:00+00:00,7.5881,89943.267,7.596,1496600.0
2024-12-06 13:00:00+00:00,7.744,101310.36283186,7.746,943134.0
2024-12-06 14:00:00+00:00,7.8561,74385.8279,7.856,864239.0
2024-12-06 15:00:00+00:00,7.8102,80273.6723,7.824,943483.0
2024-12-06 16:00:00+00:00,8.0354,88116.2706,8.041,683643.0
2024-12-06 17:00:00+00:00,7.9898,75655.5415,8.002,811540.0
2024-12-06 18:00:00+00:00,7.9877,64923.703,7.992,607065.0
2024-12-06 19:00:00+00:00,8.0299,90308.0883,8.03,706128.0
2024-12-06 20:00:00+00:00,8.0806,77999.9954,8.088,540450.0
2024-12-06 21:00:00+00:00,8.0184,90298.2585,8.024,668043.0
2024-12-06 22:00:00+00:00,8.0051,40585.2685,8.004,311744.0
2024-12-06 23:00:00+00:00,8.018,55858.4479,8.023,687592.0
2024-12-07 00:00:00+00:00,7.9505,39307.517,7.968,288604.0
2024-12-07 01:00:00+00:00,7.9496,39837.9195,7.963,136491.0
2024-12-07 02:00:00+00:00,7.9688,30573.3223,7.982,94575.0
2024-12-07 03:00:00+00:00,7.8685,35252.6119,7.9,399121.0
2024-12-07 04:00:00+00:00,7.8636,36040.6141,7.872,261869.0
2024-12-07 05:00:00+00:00,7.7999,38558.8739,7.813,342095.0
2024-12-07 06:00:00+00:00,7.7967,33443.1805,7.81,218354.0
2024-12-07 07:00:00+00:00,7.724,47371.5601,7.735,698172.0
2024-12-07 08:00:00+00:00,7.7125,40117.8007,7.723,419883.0
2024-12-07 09:00:00+00:00,7.7156,29506.3198,7.733,547866.0
2024-12-07 10:00:00+00:00,7.7837,27725.0934,7.788,351509.0
2024-12-07 11:00:00+00:00,7.8317,35801.5378,7.834,349104.0
2024-12-07 12:00:00+00:00,7.827,53872.2378,7.831,409875.0
2024-12-07 13:00:00+00:00,7.8451,31334.1605,7.853,210527.0
2024-12-07 14:00:00+00:00,7.8134,77909.9508,7.819,164303.0
2024-12-07 15:00:00+00:00,7.8172,34006.6881,7.831,140937.0
2024-12-07 16:00:00+00:00,7.8169,36344.633,7.829,214724.0
2024-12-07 17:00:00+00:00,7.6834,59619.756,7.69,981068.0
2024-12-07 18:00:00+00:00,7.7723,41208.7534,7.785,339126.0
2024-12-07 19:00:00+00:00,7.7234,29699.336,7.732,216266.0
2024-12-07 20:00:00+00:00,7.7364,23625.7674,7.753,68216.0
2024-12-07 21:00:00+00:00,7.7565,30314.90725555,7.769,49880.0
2024-12-07 22:00:00+00:00,7.7172,21648.5766,7.727,201217.0
2024-12-07 23:00:00+00:00,7.7205,8643.9965,7.726,961113.0
2024-12-08 00:00:00+00:00,7.7661,22162.6635,7.772,234466.0
2024-12-08 01:00:00+00:00,7.714,36980.078,7.723,307820.0
2024-12-08 02:00:00+00:00,7.6963,17441.0867,7.703,125082.0
2024-12-08 03:00:00+00:00,7.7037,30950.994,7.71,272507.0
2024-12-08 04:00:00+00:00,7.6211,42047.3685,7.628,539375.0
2024-12-08 05:00:00+00:00,7.592,71631.2533,7.601,803244.0
2024-12-08 06:00:00+00:00,7.6624,45858.00618221,7.67,273026.0
2024-12-08 07:00:00+00:00,7.7023,41514.4138,7.705,367327.0
2024-12-08 08:00:00+00:00,7.5392,52496.5999,7.543,564495.0
2024-12-08 09:00:00+00:00,7.4922,56484.6418,7.496,1905786.0
2024-12-08 10:00:00+00:00,7.5583,41072.3513,7.558,355516.0
2024-12-08 11:00:00+00:00,7.6035,43809.6001,7.604,157947.0
2024-12-08 12:00:00+00:00,7.6485,40578.4542,7.648,942285.0
2024-12-08 13:00:00+00:00,7.7029,50905.7021,7.708,424644.0
2024-12-08 14:00:00+00:00,7.5941,43017.1622,7.593,357163.0
2024-12-08 15:00:00+00:00,7.676,41796.76372721,7.683,355761.0
2024-12-08 16:00:00+00:00,7.6401,46090.9597,7.646,260655.0
2024-12-08 17:00:00+00:00,7.6682,46736.5934,7.672,149494.0
2024-12-08 18:00:00+00:00,7.6297,40430.0067,7.637,138831.0
2024-12-08 19:00:00+00:00,7.6728,48179.0985,7.675,230342.0
2024-12-08 20:00:00+00:00,7.6344,36725.2193,7.632,309806.0
2024-12-08 21:00:00+00:00,7.7387,41616.0712,7.745,172374.0
2024-12-08 22:00:00+00:00,7.7994,48560.4784,7.8,473856.0
2024-12-08 23:00:00+00:00,7.8216,24784.2716,7.827,356348.0
2024-12-09 00:00:00+00:00,7.6074,46580.3727,7.615,509623.0
2024-12-09 01:00:00+00:00,7.5363,48904.9761,7.541,379912.0
2024-12-09 02:00:00+00:00,7.5027,64887.1167,7.504,578188.0
2024-12-09 03:00:00+00:00,7.444,63756.8975,7.451,451301.0
2024-12-09 04:00:00+00:00,7.5037,47754.3532,7.508,403042.0
2024-12-09 05:00:00+00:00,7.5237,38220.6953,7.528,90785.0
2024-12-09 06:00:00+00:00,7.3977,40361.2095,7.406,212051.0
2024-12-09 07:00:00+00:00,7.3797,63289.3027,7.386,1147117.0
2024-12-09 08:00:00+00:00,7.1742,58166.3904,7.177,1494280.0
2024-12-09 09:00:00+00:00,7.1837,77188.2278,7.191,1361182.0
2024-12-09 10:00:00+00:00,7.2391,46129.1816,7.243,194283.0
2024-12-09 11:00:00+00:00,7.0812,93790.741,7.08,441191.0
2024-12-09 12:00:00+00:00,7.1585,71501.6025,7.161,536295.0
2024-12-09 13:00:00+00:00,7.2614,63957.9831,7.264,577405.0
2024-12-09 14:00:00+00:00,7.3065,71446.2975,7.309,1158829.0
2024-12-09 15:00:00+00:00,7.0915,67285.036,7.09,383071.0
2024-12-09 16:00:00+00:00,7.1108,63695.3879,7.12,331996.0
2024-12-09 17:00:00+00:00,7.0613,48805.0557,7.065,224557.0
2024-12-09 18:00:00+00:00,7.1059,45470.8054,7.109,114264.0
2024-12-09 19:00:00+00:00,7.0452,37874.3037,7.043,219136.0
2024-12-09 20:00:00+00:00,6.6372,187822.8998,6.625,5668148.0
2024-12-09 21:00:00+00:00,6.4401,545673.4213,6.44,10548907.0
2024-12-09 22:00:00+00:00,6.4759,250534.2548,6.472,3381103.0
2024-12-09 23:00:00+00:00,6.5054,50760.3943802,6.501,1772119.0
2024-12-10 00:00:00+00:00,6.5591,88377.05901339,6.557,1063913.0
2024-12-10 01:00:00+00:00,6.5186,72955.66803058,6.516,421458.0
2024-12-10 02:00:00+00:00,6.2601,107501.3953,6.259,912930.0
2024-12-10 03:00:00+00:00,6.304,148104.6239,6.311,1460385.0
2024-12-10 04:00:00+00:00,6.3962,89547.3428,6.397,879717.0
2024-12-10 05:00:00+00:00,6.4387,81970.29206241,6.438,507898.0
2024-12-10 06:00:00+00:00,6.6894,94753.7602,6.687,878774.0
2024-12-10 07:00:00+00:00,6.68,46976.6517,6.675,332503.0
2024-12-10 08:00:00+00:00,6.735,51972.3585,6.732,732195.0
2024-12-10 09:00:00+00:00,6.6878,54695.0671,6.691,504171.0
2024-12-10 10:00:00+00:00,6.7694,57204.4309,6.771,881540.0
2024-12-10 11:00:00+00:00,6.65,55326.8171,6.652,716535.0
2024-12-10 12:00:00+00:00,6.3668,125509.017,6.369,1029268.0
2024-12-10 13:00:00+00:00,6.46,79089.2559,6.462,807195.0
2024-12-10 14:00:00+00:00,6.442,78494.5008,6.445,575494.0
2024-12-10 15:00:00+00:00,6.1055,124268.7935,6.104,2379059.0
2024-12-10 16:00:00+00:00,6.2598,155345.8508,6.266,1617086.0
2024-12-10 17:00:00+00:00,5.9574,138072.6443,5.96,1495570.0
2024-12-10 18:00:00+00:00,6.18,82878.1365,6.181,2242205.0
2024-12-10 19:00:00+00:00,6.3081,67603.958,6.313,645558.0
2024-12-10 20:00:00+00:00,6.3697,61761.74940178,6.372,768676.0
2024-12-10 21:00:00+00:00,6.4359,60209.5718,6.434,449913.0
2024-12-10 22:00:00+00:00,6.4667,32415.7447,6.466,282408.0
2024-12-10 23:00:00+00:00,6.4267,39855.5448,6.436,430326.0
2024-12-11 00:00:00+00:00,6.3191,63513.9366,6.32,621775.0
2024-12-11 01:00:00+00:00,6.1732,98489.2069,6.177,484653.0
2024-12-11 02:00:00+00:00,6.4105,65233.7577,6.402,355244.0
2024-12-11 03:00:00+00:00,6.4451,71638.0046,6.439,319200.0
2024-12-11 04:00:00+00:00,6.4359,58174.1379,6.435,603405.0
2024-12-11 05:00:00+00:00,6.4115,63179.4197,6.414,111163.0
2024-12-11 06:00:00+00:00,6.4295,47731.3977,6.428,184310.0
2024-12-11 07:00:00+00:00,6.3757,51550.314,6.374,111812.0
2024-12-11 08:00:00+00:00,6.547,58476.8045,6.544,506614.0
2024-12-11 09:00:00+00:00,6.557,56039.2292,6.557,328235.0
2024-12-11 10:00:00+00:00,6.5426,46179.8401,6.542,210703.0
2024-12-11 11:00:00+00:00,6.5778,98885.6551944,6.577,610720.0
2024-12-11 12:00:00+00:00,6.6731,71849.8282,6.676,360138.0
2024-12-11 13:00:00+00:00,6.7558,98196.3565,6.757,619575.0
2024-12-11 14:00:00+00:00,6.8108,36659.7787,6.81,586598.0
2024-12-11 15:00:00+00:00,6.8821,74750.3663,6.882,1289131.0
2024-12-11 16:00:00+00:00,6.8292,76316.2658,6.831,429068.0
2024-12-11 17:00:00+00:00,6.7576,58278.6932,6.756,504929.0
2024-12-11 18:00:00+00:00,6.7989,57754.86,6.799,409690.0
2024-12-11 19:00:00+00:00,6.8531,47479.6529,6.854,100823.0
2024-12-11 20:00:00+00:00,6.8648,51312.1994,6.857,156291.0
2024-12-11 21:00:00+00:00,6.8788,44108.2145,6.882,155160.0
2024-12-11 22:00:00+00:00,6.8815,37752.28449654,6.884,142918.0
2024-12-11 23:00:00+00:00,6.8477,14438.0051,6.853,375285.0
2024-12-12 00:00:00+00:00,6.799,56599.0074,6.804,429294.0
2024-12-12 01:00:00+00:00,6.8182,70995.7093,6.821,428031.0
2024-12-12 02:00:00+00:00,7.0268,62556.1251,7.027,456888.0
2024-12-12 03:00:00+00:00,7.056,89883.7736,7.058,842535.0
2024-12-12 04:00:00+00:00,7.0862,58894.5892,7.089,375648.0
2024-12-12 05:00:00+00:00,7.1304,71589.0909,7.141,587407.0
2024-12-12 06:00:00+00:00,7.1245,70863.0791,7.129,599333.0
2024-12-12 07:00:00+00:00,7.0808,39410.8322,7.08,193170.0
2024-12-12 08:00:00+00:00,7.184,51181.1285,7.184,333641.0
2024-12-12 09:00:00+00:00,7.15,51689.4774,7.155,146231.0
2024-12-12 10:00:00+00:00,7.0454,70879.4301,7.047,464280.0
2024-12-12 11:00:00+00:00,7.0113,58386.626,7.013,322743.0
2024-12-12 12:00:00+00:00,7.1449,56013.721,7.148,168120.0
2024-12-12 13:00:00+00:00,7.0695,98186.1333,7.068,634064.0
2024-12-12 14:00:00+00:00,7.0896,58219.6218,7.074,353540.0
2024-12-12 15:00:00+00:00,7.1314,63093.0716,7.139,245754.0
2024-12-12 16:00:00+00:00,7.1455,83549.6091,7.146,522446.0
2024-12-12 17:00:00+00:00,7.2789,65757.7336,7.275,577058.0
2024-12-12 18:00:00+00:00,7.1624,100280.7451,7.163,841116.0
2024-12-12 19:00:00+00:00,6.9494,107771.5727,6.954,982098.0
2024-12-12 20:00:00+00:00,6.9782,74321.2502,6.981,629909.0
2024-12-12 21:00:00+00:00,6.9401,56089.4949,6.941,537202.0
2024-12-12 22:00:00+00:00,6.9164,65024.9763,6.907,633406.0
2024-12-12 23:00:00+00:00,6.9109,35594.6943,6.915,296011.0
2024-12-13 00:00:00+00:00,6.9404,38609.9478,6.942,107780.0
2024-12-13 01:00:00+00:00,6.8794,69140.2891,6.883,336557.0
2024-12-13 02:00:00+00:00,6.9922,54623.1065,6.996,279477.0
2024-12-13 03:00:00+00:00,6.9561,61088.1357,6.959,93144.0
2024-12-13 04:00:00+00:00,6.9223,75542.5865,6.924,347183.0
2024-12-13 05:00:00+00:00,6.882,46261.886,6.881,152710.0
2024-12-13 06:00:00+00:00,6.8048,44149.6634,6.803,266610.0
2024-12-13 07:00:00+00:00,6.8198,74045.0639,6.816,614458.0
2024-12-13 08:00:00+00:00,6.8729,54508.4712,6.879,129638.0
2024-12-13 09:00:00+00:00,6.8677,41876.9255,6.869,294550.0
2024-12-13 10:00:00+00:00,6.8779,59288.0038,6.887,410075.0
2024-12-13 11:00:00+00:00,6.8904,40201.4599,6.89,323710.0
2024-12-13 12:00:00+00:00,6.951,34846.9926,6.94,132339.0
2024-12-13 13:00:00+00:00,6.9045,43870.624,6.903,254587.0
2024-12-13 14:00:00+00:00,6.986,40816.3362,6.988,140685.0
2024-12-13 15:00:00+00:00,6.8281,87194.0019,6.83,794774.0
2024-12-13 16:00:00+00:00,6.9506,80529.1493,6.949,439319.0
2024-12-13 17:00:00+00:00,6.8767,60679.4118,6.873,462150.0
2024-12-13 18:00:00+00:00,6.8293,51136.7519,6.835,417722.0
2024-12-13 19:00:00+00:00,6.8793,42607.0003,6.882,93824.0
2024-12-13 20:00:00+00:00,6.9577,50758.4021,6.962,157775.0
2024-12-13 21:00:00+00:00,6.8457,98626.0553,6.853,373288.0
2024-12-13 22:00:00+00:00,6.7842,47464.6699,6.787,577026.0
2024-12-13 23:00:00+00:00,6.936,35854.2926,6.937,431836.0
2024-12-14 00:00:00+00:00,6.8978,43223.5784,6.902,265265.0
2024-12-14 01:00:00+00:00,6.9908,71934.3253,6.994,313229.0
2024-12-14 02:00:00+00:00,6.9214,47851.9248,6.926,167169.0
2024-12-14 03:00:00+00:00,6.9008,47026.0179,6.908,120625.0
2024-12-14 04:00:00+00:00,6.8833,40964.855,6.886,173943.0
2024-12-14 05:00:00+00:00,6.886,41002.8693,6.888,95589.0
2024-12-14 06:00:00+00:00,6.9026,34075.151,6.913,171104.0
2024-12-14 07:00:00+00:00,6.8372,39011.8234,6.839,118509.0
2024-12-14 08:00:00+00:00,6.8768,46689.2065,6.884,143028.0
2024-12-14 09:00:00+00:00,6.8153,58482.8353,6.822,203698.0
2024-12-14 10:00:00+00:00,6.811,25605.7306,6.813,383185.0
2024-12-14 11:00:00+00:00,6.7686,20554.9371,6.769,301978.0
2024-12-14 12:00:00+00:00,6.6473,37022.2269,6.65,984804.0
2024-12-14 13:00:00+00:00,6.5706,48506.6216,6.574,892407.0
2024-12-14 14:00:00+00:00,6.6531,10353.4501,6.654,285827.0
2024-12-14 15:00:00+00:00,6.6606,7001.5652,6.666,178480.0
2024-12-14 16:00:00+00:00,6.6415,12002.7559,6.639,437007.0
2024-12-14 17:00:00+00:00,6.5343,19726.8602,6.534,541705.0
2024-12-14 18:00:00+00:00,6.5016,21145.4116,6.5,641585.0
2024-12-14 19:00:00+00:00,6.574,18567.4518,6.57,340267.0
2024-12-14 20:00:00+00:00,6.5014,8170.2399,6.505,217639.0
2024-12-14 21:00:00+00:00,6.6166,24371.1435,6.618,327030.0
2024-12-14 22:00:00+00:00,6.6501,7503.1981,6.653,138944.0
2024-12-14 23:00:00+00:00,6.6835,8383.6371,6.687,694964.0
2024-12-15 00:00:00+00:00,6.6066,6933.4256,6.608,162520.0
2024-12-15 01:00:00+00:00,6.696,55129.0112,6.697,93253.0
2024-12-15 02:00:00+00:00,6.6592,41782.3329,6.66,60652.0
2024-12-15 03:00:00+00:00,6.5961,42654.2581,6.598,65209.0
2024-12-15 04:00:00+00:00,6.6538,49715.9244,6.66,242839.0
2024-12-15 05:00:00+00:00,6.6482,44482.5172,6.654,53863.0
2024-12-15 06:00:00+00:00,6.5738,33234.9806,6.573,52655.0
2024-12-15 07:00:00+00:00,6.5233,41459.4138,6.53,421757.0
2024-12-15 08:00:00+00:00,6.6317,39444.5511,6.631,296593.0
2024-12-15 09:00:00+00:00,6.6511,22321.0533,6.651,279275.0
2024-12-15 10:00:00+00:00,6.6016,24115.9712,6.604,117079.0
2024-12-15 11:00:00+00:00,6.6424,23730.9159,6.645,41558.0
2024-12-15 12:00:00+00:00,6.7165,34599.6178,6.716,255793.0
2024-12-15 13:00:00+00:00,6.7621,51207.5635,6.769,461327.0
2024-12-15 14:00:00+00:00,6.8487,33017.4811,6.854,327052.0
2024-12-15 15:00:00+00:00,6.8064,20756.2214,6.807,148219.0
2024-12-15 16:00:00+00:00,6.8155,28421.4941,6.816,585014.0
2024-12-15 17:00:00+00:00,6.78,28735.0584,6.783,139266.0
2024-12-15 18:00:00+00:00,6.7641,25465.3495,6.765,94978.0
2024-12-15 19:00:00+00:00,6.7737,10273.2489,6.777,215824.0
2024-12-15 20:00:00+00:00,6.7619,12800.3995,6.764,76352.0
2024-12-15 21:00:00+00:00,6.6097,32569.4086,6.61,604639.0
2024-12-15 22:00:00+00:00,6.729,10395.2198,6.734,265414.0
2024-12-15 23:00:00+00:00,6.8549,39924.9536,6.853,975004.0
2024-12-16 00:00:00+00:00,7.0089,69968.6532,7.008,654565.0
2024-12-16 01:00:00+00:00,6.9613,61860.8959,6.965,522610.0
2024-12-16 02:00:00+00:00,6.8237,52469.006,6.825,269474.0
2024-12-16 03:00:00+00:00,6.7605,43792.2258,6.766,336237.0
2024-12-16 04:00:00+00:00,6.8,34972.3785,6.804,229945.0
2024-12-16 05:00:00+00:00,6.8152,43308.8868,6.822,264968.0
2024-12-16 07:00:00+00:00,6.7977,41661.9603,6.799,444985.0
2024-12-16 08:00:00+00:00,6.6812,53963.2986,6.684,666473.0
2024-12-16 09:00:00+00:00,6.6437,50176.0881,6.642,733846.0
2024-12-16 10:00:00+00:00,6.654,47439.7816,6.652,425934.0
2024-12-16 11:00:00+00:00,6.5432,53505.0461153,6.545,673050.0
2024-12-16 12:00:00+00:00,6.5722,49233.273,6.572,443066.0
2024-12-16 13:00:00+00:00,6.6111,48020.8336,6.609,576374.0
2024-12-16 14:00:00+00:00,6.6396,51402.1857,6.63,468599.0
2024-12-16 15:00:00+00:00,6.6718,55994.9974,6.674,509369.0
2024-12-16 16:00:00+00:00,6.7156,71808.0361,6.72,649800.0
2024-12-16 17:00:00+00:00,6.7489,62341.9025,6.748,688292.0
2024-12-16 18:00:00+00:00,6.8363,58519.349,6.834,467436.0
2024-12-16 19:00:00+00:00,6.7361,69076.6366,6.742,514302.0
2024-12-16 20:00:00+00:00,6.6704,88308.5837,6.672,816205.0
2024-12-16 21:00:00+00:00,6.7415,55155.14464499,6.745,278796.0
2024-12-16 22:00:00+00:00,6.6989,18402.8142,6.697,169290.0
2024-12-16 23:00:00+00:00,6.6187,31388.3656,6.618,504891.0
2024-12-17 00:00:00+00:00,6.4917,54449.0317,6.494,826181.0
2024-12-17 01:00:00+00:00,6.5844,62485.6328,6.586,379735.0
2024-12-17 02:00:00+00:00,6.6162,38880.8903,6.617,388182.0
2024-12-17 03:00:00+00:00,6.6566,45712.0413,6.65,87332.0
2024-12-17 04:00:00+00:00,6.5943,45646.4952,6.594,138538.0
2024-12-17 05:00:00+00:00,6.5987,42467.4236,6.6,104739.0
2024-12-17 06:00:00+00:00,6.6687,179698.624,6.666,1632206.0
2024-12-17 07:00:00+00:00,6.6594,64789.659,6.66,396831.0
2024-12-17 08:00:00+00:00,6.6478,38137.9915,6.648,149697.0
2024-12-17 09:00:00+00:00,6.7784,61029.1271,6.78,352644.0
2024-12-17 10:00:00+00:00,6.7797,58012.803,6.78,210187.0
2024-12-17 11:00:00+00:00,6.8241,69409.7399,6.831,405036.0
2024-12-17 12:00:00+00:00,6.9307,63407.325,6.933,569107.0
2024-12-17 13:00:00+00:00,6.968,80434.2406,6.976,646150.0
2024-12-17 14:00:00+00:00,6.888,92126.5277,6.892,1356010.0
2024-12-17 15:00:00+00:00,6.6597,90797.8616,6.654,1394926.0
2024-12-17 16:00:00+00:00,6.7834,98555.7022,6.787,958168.0
2024-12-17 17:00:00+00:00,6.8425,48169.6487,6.848,442132.0
2024-12-17 18:00:00+00:00,6.6473,47231.1055,6.646,448834.0
2024-12-17 19:00:00+00:00,6.6362,81203.1666,6.64,915930.0
2024-12-17 20:00:00+00:00,6.5851,56433.0342,6.588,614463.0
2024-12-17 21:00:00+00:00,6.5372,25580.4035,6.537,278539.0
2024-12-17 22:00:00+00:00,6.4399,39967.1044,6.434,1327922.0
2024-12-17 23:00:00+00:00,6.3812,38077.1592,6.374,1133913.0
2024-12-18 00:00:00+00:00,6.2906,40551.4909,6.298,811867.0
2024-12-18 01:00:00+00:00,6.2714,46388.5011961,6.275,301146.0
2024-12-18 02:00:00+00:00,6.3329,34852.5553,6.328,257650.0
2024-12-18 03:00:00+00:00,6.2483,44019.6705,6.247,289929.0
2024-12-18 04:00:00+00:00,6.2282,88622.7048,6.227,873029.0
2024-12-18 05:00:00+00:00,6.2084,86367.1153,6.205,434537.0
2024-12-18 06:00:00+00:00,6.2098,46717.2861,6.212,179433.0
2024-12-18 07:00:00+00:00,6.2262,51809.1426,6.224,259300.0
2024-12-18 08:00:00+00:00,6.2109,41203.0187,6.211,305323.0
2024-12-18 09:00:00+00:00,6.255,33606.054,6.257,182503.0
2024-12-18 10:00:00+00:00,6.2603,45657.5881,6.258,131362.0
2024-12-18 11:00:00+00:00,6.3047,38733.5764,6.306,335645.0
2024-12-18 12:00:00+00:00,6.201,46533.6466,6.205,382667.0
2024-12-18 13:00:00+00:00,6.2322,38406.08768041,6.225,859661.0
2024-12-18 14:00:00+00:00,6.1714,44406.3823,6.172,205981.0
2024-12-18 15:00:00+00:00,6.1064,131800.632,6.11,2111262.0
2024-12-18 16:00:00+00:00,6.1569,50824.2059,6.16,421812.0
2024-12-18 17:00:00+00:00,6.1806,57358.2844,6.182,242310.0
2024-12-18 18:00:00+00:00,6.2884,48381.2095,6.292,757615.0
2024-12-18 19:00:00+00:00,6.0354,91981.7215,6.043,2519345.0
2024-12-18 20:00:00+00:00,5.8435,438659.5646,5.836,9424030.0
2024-12-18 21:00:00+00:00,5.8561,100313.5388,5.852,776870.0
2024-12-18 22:00:00+00:00,5.763,81572.4775,5.767,619727.0
2024-12-18 23:00:00+00:00,5.6908,70179.73102609,5.688,1623233.0
2024-12-19 00:00:00+00:00,5.7348,105110.367,5.732,1746956.0
2024-12-19 01:00:00+00:00,5.5636,95799.6722,5.562,1527302.0
2024-12-19 02:00:00+00:00,5.581,225449.8456,5.575,4399426.0
2024-12-19 03:00:00+00:00,5.7663,73150.6448,5.76,1011562.0
2024-12-19 04:00:00+00:00,5.78,63100.6654,5.781,488939.0
2024-12-19 05:00:00+00:00,5.7645,53793.6332,5.765,370112.0
2024-12-19 06:00:00+00:00,5.7141,51492.0632,5.718,320338.0
2024-12-19 07:00:00+00:00,5.7487,39681.2902,5.749,526320.0
2024-12-19 08:00:00+00:00,5.6834,32859.2828,5.684,308412.0
2024-12-19 09:00:00+00:00,5.7447,33347.1311,5.744,93443.0
2024-12-19 10:00:00+00:00,5.8383,55848.6756,5.841,441278.0
2024-12-19 11:00:00+00:00,5.8045,50894.6966,5.805,222604.0
2024-12-19 12:00:00+00:00,5.703,59433.7734,5.702,633888.0
2024-12-19 13:00:00+00:00,5.7298,48857.203,5.729,364648.0
2024-12-19 14:00:00+00:00,5.674,80579.6662,5.669,1027280.0
2024-12-19 15:00:00+00:00,5.5417,75951.1015,5.537,1803466.0
2024-12-19 16:00:00+00:00,5.5672,24846.8261,5.565,407782.0
2024-12-19 17:00:00+00:00,5.247,141752.39997658,5.239,2894688.0
2024-12-19 18:00:00+00:00,5.1985,137243.33273412,5.199,3654859.0
2024-12-19 19:00:00+00:00,5.1298,58652.19975184,5.123,1596258.0
2024-12-19 20:00:00+00:00,5.1708,51035.2347,5.168,1040250.0
2024-12-19 21:00:00+00:00,5.2858,55775.7912,5.283,1396989.0
2024-12-19 22:00:00+00:00,5.3127,19286.0843,5.314,245095.0
2024-12-19 23:00:00+00:00,5.1981,16315.1405,5.2,716402.0
2024-12-20 00:00:00+00:00,5.2583,56444.1165,5.258,302438.0
2024-12-20 01:00:00+00:00,5.2601,62783.5197,5.272,214667.0
2024-12-20 02:00:00+00:00,5.4189,56202.585,5.423,299778.0
2024-12-20 03:00:00+00:00,5.2915,53357.1305,5.289,471158.0
2024-12-20 04:00:00+00:00,5.2681,54733.3782,5.268,389787.0
2024-12-20 05:00:00+00:00,5.1987,71668.8949,5.196,273533.0
2024-12-20 06:00:00+00:00,5.097,112652.0179,5.096,511870.0
2024-12-20 07:00:00+00:00,5.134,85368.4273,5.133,444640.0
2024-12-20 08:00:00+00:00,4.833,191908.8998,4.823,1551602.0
2024-12-20 09:00:00+00:00,4.7574,144098.1617,4.754,1453362.0
2024-12-20 10:00:00+00:00,4.6906,105491.149,4.71,2892668.0
2024-12-20 11:00:00+00:00,4.5417,185154.0478,4.544,2179325.0
2024-12-20 12:00:00+00:00,4.8247,157929.7755,4.823,1096803.0
2024-12-20 13:00:00+00:00,5.0028,85575.4037,5.0,1513536.0
2024-12-20 14:00:00+00:00,4.9759,43407.0458,4.972,924614.0
2024-12-20 15:00:00+00:00,5.114,63706.9072,5.105,1188602.0
2024-12-20 16:00:00+00:00,5.1242,48333.76287257,5.12,692418.0
2024-12-20 17:00:00+00:00,5.2055,29298.0141,5.203,642271.0
2024-12-20 18:00:00+00:00,5.1833,18360.3226,5.192,300301.0
2024-12-20 19:00:00+00:00,5.2958,40440.4131,5.291,710790.0
2024-12-20 20:00:00+00:00,5.2653,73068.4972,5.269,502249.0
2024-12-20 21:00:00+00:00,5.2601,186894.6043,5.265,543155.0
2024-12-20 22:00:00+00:00,5.3852,53393.9263,5.384,239872.0
2024-12-20 23:00:00+00:00,5.3524,17009.8659,5.356,810596.0
2024-12-21 00:00:00+00:00,5.3236,35824.3437,5.329,288836.0
2024-12-21 01:00:00+00:00,5.3673,56280.2391,5.369,164879.0
2024-12-21 02:00:00+00:00,5.3772,47455.1266,5.377,103861.0
2024-12-21 03:00:00+00:00,5.3558,49555.9931,5.355,101795.0
2024-12-21 04:00:00+00:00,5.4261,51938.653,5.426,104048.0
2024-12-21 05:00:00+00:00,5.608,62071.1144,5.606,412030.0
2024-12-21 06:00:00+00:00,5.6095,65538.4649,5.604,475206.0
2024-12-21 07:00:00+00:00,5.5786,50505.1599,5.576,354811.0
2024-12-21 08:00:00+00:00,5.4376,64297.4749,5.436,655373.0
2024-12-21 09:00:00+00:00,5.4394,62694.6933,5.43,431893.0
2024-12-21 10:00:00+00:00,5.4204,49780.4137,5.417,226015.0
2024-12-21 11:00:00+00:00,5.3776,134062.7667,5.377,622524.0
2024-12-21 12:00:00+00:00,5.1881,76086.3623,5.191,638484.0
2024-12-21 13:00:00+00:00,5.158,107863.0081,5.153,1229867.0
2024-12-21 14:00:00+00:00,5.1141,82492.31489942,5.113,529537.0
2024-12-21 15:00:00+00:00,5.1648,76213.1617,5.162,875724.0
2024-12-21 16:00:00+00:00,5.09,27811.41706647,5.089,452795.0
2024-12-21 17:00:00+00:00,5.0912,20978.931,5.094,711231.0
2024-12-21 18:00:00+00:00,5.0277,20080.2029,5.027,422492.0
2024-12-21 19:00:00+00:00,4.9871,50372.6692,4.987,987831.0
2024-12-21 20:00:00+00:00,5.0459,57734.2143,5.039,268136.0
2024-12-21 21:00:00+00:00,5.0103,19870.4274,5.0,177854.0
2024-12-21 22:00:00+00:00,5.007,33194.8401,5.004,276824.0
2024-12-21 23:00:00+00:00,5.0178,21368.4559,5.018,549904.0
2024-12-22 00:00:00+00:00,5.0598,17355.4242,5.048,332331.0
2024-12-22 01:00:00+00:00,5.0317,56347.5407,5.032,141599.0
2024-12-22 02:00:00+00:00,4.9804,71862.4955,4.982,345994.0
2024-12-22 03:00:00+00:00,4.9955,57687.4788,4.996,249229.0
2024-12-22 04:00:00+00:00,4.8874,48108.48970283,4.888,161134.0
2024-12-22 05:00:00+00:00,4.9374,57048.91,4.938,462995.0
2024-12-22 06:00:00+00:00,4.9912,59279.5768,4.991,164379.0
2024-12-22 07:00:00+00:00,4.9804,46772.3783,4.982,137637.0
2024-12-22 08:00:00+00:00,5.0275,33782.8328,5.029,167745.0
2024-12-22 09:00:00+00:00,5.0749,39603.7116,5.075,209710.0
2024-12-22 10:00:00+00:00,5.0913,22329.7412,5.089,334980.0
2024-12-22 11:00:00+00:00,5.0879,14417.0956,5.091,170335.0
2024-12-22 12:00:00+00:00,5.08,22163.5865,5.078,142325.0
2024-12-22 13:00:00+00:00,5.0913,30597.746,5.096,146552.0
2024-12-22 14:00:00+00:00,4.9687,71889.0255,4.966,568585.0
2024-12-22 15:00:00+00:00,5.0205,78828.0657,5.022,585468.0
2024-12-22 16:00:00+00:00,5.0694,51237.1695,5.064,559862.0
2024-12-22 17:00:00+00:00,5.0717,46642.268,5.064,236468.0
2024-12-22 18:00:00+00:00,5.0572,42203.551,5.055,598460.0
2024-12-22 19:00:00+00:00,4.9385,49522.571,4.936,309372.0
2024-12-22 20:00:00+00:00,5.0307,62245.80319274,5.035,476335.0
2024-12-22 21:00:00+00:00,5.0372,20082.2607,5.036,456282.0
2024-12-22 22:00:00+00:00,5.0491,20080.2575,5.052,655481.0
2024-12-22 23:00:00+00:00,5.0377,10586.3853,5.039,231794.0
2024-12-23 00:00:00+00:00,4.9964,55653.2511,4.995,175945.0
2024-12-23 01:00:00+00:00,4.9859,68408.2676,4.989,230010.0
2024-12-23 02:00:00+00:00,5.0318,74114.9267,5.033,130794.0
2024-12-23 03:00:00+00:00,5.2023,65566.1369,5.204,445614.0
2024-12-23 04:00:00+00:00,5.1584,65657.0198,5.16,468875.0
2024-12-23 05:00:00+00:00,5.1134,54810.8175,5.116,236501.0
2024-12-23 06:00:00+00:00,5.0112,63385.9947,5.012,337553.0
2024-12-23 07:00:00+00:00,5.0871,44983.8756,5.08,124562.0
2024-12-23 08:00:00+00:00,5.1368,50741.6177,5.139,77733.0
2024-12-23 09:00:00+00:00,5.1442,48488.632,5.148,169143.0
2024-12-23 10:00:00+00:00,5.1398,37498.5082,5.15,247190.0
2024-12-23 11:00:00+00:00,5.1042,42782.7547,5.103,247752.0
2024-12-23 12:00:00+00:00,5.1591,93302.3543,5.157,402068.0
2024-12-23 13:00:00+00:00,5.0792,64602.5052,5.076,641010.0
2024-12-23 14:00:00+00:00,5.0612,41276.3146,5.057,1034190.0
2024-12-23 15:00:00+00:00,5.0024,30441.03776797,5.004,452600.0
2024-12-23 16:00:00+00:00,5.1807,61681.379,5.18,1042860.0
2024-12-23 17:00:00+00:00,5.117,59760.9007,5.115,539717.0
2024-12-23 18:00:00+00:00,5.0771,46769.83035808,5.079,312639.0
2024-12-23 19:00:00+00:00,5.2107,53746.7652,5.21,455828.0
2024-12-23 20:00:00+00:00,5.5026,184124.2637,5.495,2541779.0
2024-12-23 21:00:00+00:00,5.4867,116475.8122,5.49,9009295.0
2024-12-23 22:00:00+00:00,5.4671,56769.8993,5.466,1664286.0
2024-12-23 23:00:00+00:00,5.442,22646.7165,5.436,604905.0
2024-12-24 00:00:00+00:00,5.4289,66217.6124,5.426,838243.0
2024-12-24 01:00:00+00:00,5.3301,17961.4091,5.329,464831.0
2024-12-24 02:00:00+00:00,5.3316,18061.77055924,5.329,340432.0
2024-12-24 03:00:00+00:00,5.4042,75297.3669,5.401,1113211.0
2024-12-24 04:00:00+00:00,5.4372,32126.4624,5.435,354491.0
2024-12-24 05:00:00+00:00,5.4874,32977.8333,5.483,183847.0
2024-12-24 06:00:00+00:00,5.4012,42272.8735,5.388,116654.0
2024-12-24 07:00:00+00:00,5.4227,38021.3103,5.419,210984.0
2024-12-24 08:00:00+00:00,5.5195,46159.2545,5.517,275926.0
2024-12-24 09:00:00+00:00,5.4515,48865.0724,5.455,346326.0
2024-12-24 10:00:00+00:00,5.3936,65627.9972,5.394,266343.0
2024-12-24 11:00:00+00:00,5.4892,47983.261,5.488,245595.0
2024-12-24 12:00:00+00:00,5.4587,41705.7833,5.452,138310.0
2024-12-24 13:00:00+00:00,5.6128,78865.7331,5.614,468011.0
2024-12-24 14:00:00+00:00,5.5959,84381.2656,5.601,750478.0
2024-12-24 15:00:00+00:00,5.6186,54904.7906,5.619,442382.0
2024-12-24 16:00:00+00:00,5.5525,39277.0031,5.562,519387.0
2024-12-24 17:00:00+00:00,5.5927,94802.0018,5.601,319680.0
2024-12-24 18:00:00+00:00,5.5673,101076.694,5.569,372420.0
2024-12-24 19:00:00+00:00,5.4921,35360.4415,5.497,276585.0
2024-12-24 20:00:00+00:00,5.4768,33737.0123,5.479,294115.0
2024-12-24 21:00:00+00:00,5.5757,46290.7175,5.575,409151.0
2024-12-24 22:00:00+00:00,5.5614,25428.0292,5.575,145638.0
2024-12-24 23:00:00+00:00,5.5518,8962.4056,5.553,316813.0
2024-12-25 00:00:00+00:00,5.5459,36865.4694,5.551,174947.0
2024-12-25 01:00:00+00:00,5.5733,43409.5144,5.576,343558.0
2024-12-25 02:00:00+00:00,5.5796,43079.382,5.58,279976.0
2024-12-25 03:00:00+00:00,5.5443,37442.6808,5.546,113883.0
2024-12-25 04:00:00+00:00,5.5501,38653.0798,5.561,48414.0
2024-12-25 05:00:00+00:00,5.5933,32960.2811,5.595,53806.0
2024-12-25 06:00:00+00:00,5.5375,37296.2161,5.54,68047.0
2024-12-25 07:00:00+00:00,5.4872,44526.3869,5.489,744734.0
2024-12-25 08:00:00+00:00,5.5577,71918.2677,5.559,622762.0
2024-12-25 09:00:00+00:00,5.5438,39725.1734,5.546,157641.0
2024-12-25 10:00:00+00:00,5.546,56996.0003,5.543,388208.0
2024-12-25 11:00:00+00:00,5.4785,53017.5544,5.48,296869.0
2024-12-25 12:00:00+00:00,5.5055,60369.425,5.513,674800.0
2024-12-25 13:00:00+00:00,5.5136,36388.8448,5.512,197244.0
2024-12-25 14:00:00+00:00,5.5153,31726.105686,5.515,127770.0
2024-12-25 15:00:00+00:00,5.4667,29603.4664,5.468,136658.0
2024-12-25 16:00:00+00:00,5.4275,45297.0287,5.431,539781.0
2024-12-25 17:00:00+00:00,5.4434,36816.4238,5.445,196261.0
2024-12-25 18:00:00+00:00,5.4301,35406.1685,5.429,280291.0
2024-12-25 19:00:00+00:00,5.4372,19903.3519,5.439,122178.0
2024-12-25 20:00:00+00:00,5.383,39601.0617,5.382,458387.0
2024-12-25 21:00:00+00:00,5.4056,51016.3891,5.405,454625.0
2024-12-25 22:00:00+00:00,5.4042,32231.7849,5.412,357562.0
2024-12-25 23:00:00+00:00,5.4483,14851.4613,5.448,193919.0
2024-12-26 00:00:00+00:00,5.3864,50065.0748,5.385,243445.0
2024-12-26 01:00:00+00:00,5.3645,51126.4127,5.368,517791.0
2024-12-26 02:00:00+00:00,5.3243,50999.4489,5.324,240958.0
2024-12-26 03:00:00+00:00,5.3311,43116.4658,5.33,119105.0
2024-12-26 04:00:00+00:00,5.2968,45658.5688,5.297,507052.0
2024-12-26 05:00:00+00:00,5.282,41135.3513,5.287,74640.0
2024-12-26 06:00:00+00:00,5.2591,45206.2809,5.259,252760.0
2024-12-26 07:00:00+00:00,5.2344,43812.1226,5.235,206344.0
2024-12-26 08:00:00+00:00,5.1234,80128.6378,5.126,1703158.0
2024-12-26 09:00:00+00:00,5.1309,53484.0502,5.133,686136.0
2024-12-26 10:00:00+00:00,5.1328,41765.8608,5.138,242919.0
2024-12-26 11:00:00+00:00,5.1362,36249.3154,5.135,149691.0
2024-12-26 12:00:00+00:00,5.1129,44422.1054,5.116,159956.0
2024-12-26 13:00:00+00:00,5.0734,50883.8394,5.07,422626.0
2024-12-26 14:00:00+00:00,5.0662,37440.8453,5.074,283624.0
2024-12-26 15:00:00+00:00,5.0681,21770.6656,5.065,291518.0
2024-12-26 16:00:00+00:00,5.0997,30281.5863,5.105,208304.0
2024-12-26 17:00:00+00:00,5.0383,50428.1418,5.038,501524.0
2024-12-26 18:00:00+00:00,5.0724,36321.3341,5.069,465512.0
2024-12-26 19:00:00+00:00,5.0984,29234.7868,5.095,104033.0
2024-12-26 20:00:00+00:00,5.071,32183.962,5.071,142276.0
2024-12-26 21:00:00+00:00,5.0975,36376.2963,5.099,130234.0
2024-12-26 22:00:00+00:00,5.1157,23978.2774,5.116,157818.0
2024-12-26 23:00:00+00:00,5.0867,14092.4974,5.086,515732.0
2024-12-27 00:00:00+00:00,5.1164,34882.3373,5.117,72443.0
2024-12-27 01:00:00+00:00,5.1431,49436.8811,5.142,133216.0
2024-12-27 02:00:00+00:00,5.1116,46213.7387,5.109,146951.0
2024-12-27 03:00:00+00:00,5.1389,36158.1402,5.139,50419.0
2024-12-27 04:00:00+00:00,5.1093,41007.9245,5.104,67292.0
2024-12-27 05:00:00+00:00,5.1199,38975.5706,5.118,66523.0
2024-12-27 06:00:00+00:00,5.1748,44256.8429,5.175,68995.0
2024-12-27 07:00:00+00:00,5.0824,62130.1362,5.079,710177.0
2024-12-27 08:00:00+00:00,5.1335,52700.7275,5.136,329263.0
2024-12-27 09:00:00+00:00,5.273,76498.4422,5.278,1493135.0
2024-12-27 10:00:00+00:00,5.2352,49689.1939,5.244,985633.0
2024-12-27 11:00:00+00:00,5.2722,43567.1146,5.272,280176.0
2024-12-27 12:00:00+00:00,5.2336,57608.8584,5.24,128048.0
2024-12-27 13:00:00+00:00,5.1849,45999.685,5.187,369293.0
2024-12-27 14:00:00+00:00,5.129,57691.6839,5.131,939155.0
2024-12-27 15:00:00+00:00,5.0735,57305.9422,5.071,400722.0
2024-12-27 16:00:00+00:00,5.0913,22100.4206,5.09,352501.0
2024-12-27 17:00:00+00:00,5.1991,57535.5694,5.202,697609.0
2024-12-27 18:00:00+00:00,5.2021,31653.228,5.205,141400.0
2024-12-27 19:00:00+00:00,5.1875,19760.3054,5.19,169168.0
2024-12-27 20:00:00+00:00,5.1789,31630.2146,5.179,190582.0
2024-12-27 21:00:00+00:00,5.1106,28254.0952,5.109,157894.0
2024-12-27 22:00:00+00:00,5.1067,24446.718,5.111,159186.0
2024-12-27 23:00:00+00:00,5.1107,18789.3826,5.117,215646.0
2024-12-28 00:00:00+00:00,5.1323,29320.496,5.133,299648.0
2024-12-28 01:00:00+00:00,5.1176,42893.8666,5.114,122407.0
2024-12-28 02:00:00+00:00,5.1271,30441.1234,5.127,251055.0
2024-12-28 03:00:00+00:00,5.1623,29771.9119,5.168,54438.0
2024-12-28 04:00:00+00:00,5.1432,36014.1267,5.138,49673.0
2024-12-28 05:00:00+00:00,5.1783,34398.5683,5.178,65831.0
2024-12-28 06:00:00+00:00,5.1382,32850.5185,5.137,67447.0
2024-12-28 07:00:00+00:00,5.1234,30227.2969,5.125,30703.0
2024-12-28 08:00:00+00:00,5.1671,37078.3195,5.169,22055.0
2024-12-28 09:00:00+00:00,5.1703,41956.7747,5.172,187125.0
2024-12-28 10:00:00+00:00,5.1469,36915.3727,5.149,59688.0
2024-12-28 11:00:00+00:00,5.1812,28356.0296,5.182,15526.0
2024-12-28 12:00:00+00:00,5.1543,35362.5791,5.156,168424.0
2024-12-28 13:00:00+00:00,5.2247,14619.8887,5.226,135672.0
2024-12-28 14:00:00+00:00,5.2187,15407.2936,5.22,844615.0
2024-12-28 15:00:00+00:00,5.1839,15923.0539,5.184,279894.0
2024-12-28 16:00:00+00:00,5.2361,8203.7129,5.239,259501.0
2024-12-28 17:00:00+00:00,5.2693,12106.7069,5.273,195369.0
2024-12-28 18:00:00+00:00,5.245,26142.6409,5.247,98318.0
2024-12-28 19:00:00+00:00,5.2542,23918.4549,5.256,39453.0
2024-12-28 20:00:00+00:00,5.2759,21721.3654,5.276,192434.0
2024-12-28 21:00:00+00:00,5.321,40210.50363149,5.322,111898.0
2024-12-28 22:00:00+00:00,5.3427,21995.7281,5.346,253735.0
2024-12-28 23:00:00+00:00,5.341,25666.2326,5.346,303970.0
2024-12-29 00:00:00+00:00,5.365,25076.4511,5.367,189513.0
2024-12-29 01:00:00+00:00,5.3332,51552.1452,5.335,375318.0
2024-12-29 02:00:00+00:00,5.3917,39964.8329,5.393,104266.0
2024-12-29 03:00:00+00:00,5.4523,38695.9,5.451,108586.0
2024-12-29 04:00:00+00:00,5.3819,43246.4544,5.377,164996.0
2024-12-29 05:00:00+00:00,5.3807,41112.3211,5.383,151261.0
2024-12-29 06:00:00+00:00,5.374,39783.5168,5.377,129658.0
2024-12-29 07:00:00+00:00,5.3635,34342.6371,5.365,94814.0
2024-12-29 08:00:00+00:00,5.3289,38275.945,5.33,84839.0
2024-12-29 09:00:00+00:00,5.3381,29445.4709,5.335,46489.0
2024-12-29 10:00:00+00:00,5.3325,8849.0637,5.332,369137.0
2024-12-29 11:00:00+00:00,5.2819,4693.2898,5.283,138244.0
2024-12-29 12:00:00+00:00,5.267,4407.0004,5.27,91833.0
2024-12-29 13:00:00+00:00,5.2841,4901.3485,5.289,116963.0
2024-12-29 14:00:00+00:00,5.2537,13998.1481,5.261,152109.0
2024-12-29 15:00:00+00:00,5.2408,7844.7788,5.245,194736.0
2024-12-29 16:00:00+00:00,5.1815,9781.55733036,5.185,317352.0
2024-12-29 17:00:00+00:00,5.173,26279.4837,5.172,332831.0
2024-12-29 18:00:00+00:00,5.1827,15610.5926,5.18,176928.0
2024-12-29 19:00:00+00:00,5.1721,17080.2463,5.173,297560.0
2024-12-29 20:00:00+00:00,5.1688,25998.2648,5.17,424171.0
2024-12-29 21:00:00+00:00,5.1326,25256.5668,5.136,202900.0
2024-12-29 22:00:00+00:00,5.1046,20706.7557,5.111,756142.0
2024-12-29 23:00:00+00:00,5.1286,20778.0503,5.127,365724.0
2024-12-30 00:00:00+00:00,5.1667,21207.7837,5.164,122062.0
2024-12-30 01:00:00+00:00,5.2262,32947.853,5.227,626626.0
2024-12-30 02:00:00+00:00,5.2324,28092.3511,5.231,156734.0
2024-12-30 03:00:00+00:00,5.2318,19595.6243,5.231,239286.0
2024-12-30 04:00:00+00:00,5.1782,20898.8289,5.18,70015.0
2024-12-30 05:00:00+00:00,5.2065,18336.659,5.2,166594.0
2024-12-30 06:00:00+00:00,5.2278,24455.2629,5.232,402128.0
2024-12-30 07:00:00+00:00,5.1959,37494.7056,5.196,724615.0
2024-12-30 08:00:00+00:00,5.2031,26536.6832,5.21,138410.0
2024-12-30 09:00:00+00:00,5.1987,24405.4669,5.202,42232.0
2024-12-30 10:00:00+00:00,5.1725,16845.8289,5.177,137764.0
2024-12-30 11:00:00+00:00,5.1903,31325.5336,5.192,237564.0
2024-12-30 12:00:00+00:00,5.1847,32457.3291,5.185,64849.0
2024-12-30 13:00:00+00:00,5.0482,67291.6018,5.05,870080.0
2024-12-30 14:00:00+00:00,5.008,45496.1893,5.008,433582.0
2024-12-30 15:00:00+00:00,4.9948,37142.2692,4.993,893596.0
2024-12-30 16:00:00+00:00,4.9858,20274.9708,4.987,156576.0
2024-12-30 17:00:00+00:00,5.1365,41358.4276,5.137,310729.0
2024-12-30 18:00:00+00:00,5.1601,29486.1178,5.162,361021.0
2024-12-30 19:00:00+00:00,5.139,26209.5695,5.139,394599.0
2024-12-30 20:00:00+00:00,5.1739,24213.47122512,5.18,105977.0
2024-12-30 21:00:00+00:00,5.011,42616.48499773,5.011,703784.0
2024-12-30 22:00:00+00:00,5.0131,94655.3803,5.016,792156.0
2024-12-30 23:00:00+00:00,5.0447,31156.8662,5.049,493531.0
2024-12-31 00:00:00+00:00,4.985,23478.2488,4.99,192060.0
2024-12-31 01:00:00+00:00,4.9787,39223.8385,4.98,99173.0
2024-12-31 02:00:00+00:00,4.9743,31479.1175,4.973,265943.0
2024-12-31 03:00:00+00:00,4.9529,40038.7633,4.957,81542.0
2024-12-31 04:00:00+00:00,4.934,31009.146,4.933,83489.0
2024-12-31 05:00:00+00:00,4.962,30768.0061,4.962,103038.0
2024-12-31 06:00:00+00:00,4.9941,35961.0568,4.989,108069.0
2024-12-31 07:00:00+00:00,4.9896,31067.0551,4.995,125708.0
2024-12-31 08:00:00+00:00,5.06,50475.6611,5.057,600968.0
2024-12-31 09:00:00+00:00,5.0513,55828.2774,5.051,331193.0
2024-12-31 10:00:00+00:00,5.0324,48347.3819,5.035,228699.0
2024-12-31 11:00:00+00:00,5.03,35411.2089,5.033,45789.0
2024-12-31 12:00:00+00:00,5.0219,38034.0287,5.025,211357.0
2024-12-31 13:00:00+00:00,5.1123,46755.9897,5.115,572004.0
2024-12-31 14:00:00+00:00,5.1372,51391.9903,5.14,814258.0
2024-12-31 15:00:00+00:00,5.1106,45833.048,5.112,88448.0
2024-12-31 16:00:00+00:00,5.1187,42476.994,5.119,148879.0
2024-12-31 17:00:00+00:00,5.0354,45981.4794,5.037,348847.0
2024-12-31 18:00:00+00:00,5.0112,35105.6786,5.015,159998.0
2024-12-31 19:00:00+00:00,5.0042,28965.1813,5.006,43202.0
2024-12-31 20:00:00+00:00,4.9023,39350.373,4.903,1206327.0
2024-12-31 21:00:00+00:00,4.97,26709.0919,4.968,227413.0
2024-12-31 22:00:00+00:00,4.9271,37520.0068,4.924,147470.0
2024-12-31 23:00:00+00:00,4.9153,17791.5277,4.913,119287.0
2025-01-01 00:00:00+00:00,4.9946,29337.9884,4.995,475037.0
2025-01-01 01:00:00+00:00,4.9369,34727.1656,4.937,76905.0
2025-01-01 02:00:00+00:00,4.9552,46409.1905,4.957,59112.0
2025-01-01 03:00:00+00:00,4.9384,22956.9406,4.939,71500.0
2025-01-01 04:00:00+00:00,4.9696,153273.8484,4.97,1095502.0
2025-01-01 05:00:00+00:00,4.986,35678.6442,4.985,76834.0
2025-01-01 06:00:00+00:00,4.9628,33379.7085,4.962,292843.0
2025-01-01 07:00:00+00:00,4.9655,31269.4306,4.971,16797.0
2025-01-01 08:00:00+00:00,4.9213,32843.6622,4.924,128100.0
2025-01-01 09:00:00+00:00,4.9147,37190.0976,4.918,294812.0
2025-01-01 10:00:00+00:00,4.9327,24536.2479,4.929,68273.0
2025-01-01 11:00:00+00:00,4.9892,39653.8882,4.989,373556.0
2025-01-01 12:00:00+00:00,5.0799,38430.1567,5.08,149640.0
2025-01-01 13:00:00+00:00,5.0516,41058.90344691,5.044,436220.0
2025-01-01 14:00:00+00:00,5.0502,43805.2229,5.054,207617.0
2025-01-01 15:00:00+00:00,5.1066,35204.5422,5.107,125837.0
2025-01-01 16:00:00+00:00,5.1015,42450.2312,5.101,150090.0
2025-01-01 17:00:00+00:00,5.1076,33762.8088,5.109,107346.0
2025-01-01 18:00:00+00:00,5.2039,53168.187,5.206,208307.0
2025-01-01 19:00:00+00:00,5.2549,42164.1192,5.251,457349.0
2025-01-01 20:00:00+00:00,5.2645,34134.78193787,5.262,219659.0
2025-01-01 21:00:00+00:00,5.2924,27614.6258,5.287,141423.0
2025-01-01 22:00:00+00:00,5.3245,37096.7843,5.326,125549.0
2025-01-01 23:00:00+00:00,5.2852,36400.2215,5.283,479829.0
2025-01-02 00:00:00+00:00,5.3545,48188.406,5.371,985334.0
2025-01-02 01:00:00+00:00,5.3359,54552.6292,5.335,740036.0
2025-01-02 02:00:00+00:00,5.356,27316.9011,5.361,332670.0
2025-01-02 03:00:00+00:00,5.3635,44182.847,5.361,384194.0
2025-01-02 04:00:00+00:00,5.3958,61922.2249,5.398,264947.0
2025-01-02 05:00:00+00:00,5.3825,40676.571,5.384,103052.0
2025-01-02 06:00:00+00:00,5.3715,42743.1803,5.37,246508.0
2025-01-02 07:00:00+00:00,5.4303,42067.4617,5.431,49424.0
2025-01-02 08:00:00+00:00,5.4413,45387.4823,5.441,307867.0
2025-01-02 09:00:00+00:00,5.5087,48402.6293,5.509,621067.0
2025-01-02 10:00:00+00:00,5.5652,41154.3073,5.563,546843.0
2025-01-02 11:00:00+00:00,5.5139,48457.0759,5.51,748077.0
2025-01-02 12:00:00+00:00,5.503,33949.2188,5.502,358405.0
2025-01-02 13:00:00+00:00,5.4847,43362.57895034,5.486,180876.0
2025-01-02 14:00:00+00:00,5.4995,44375.328,5.503,360328.0
2025-01-02 15:00:00+00:00,5.4303,51858.0364,5.428,441612.0
2025-01-02 16:00:00+00:00,5.4456,44482.5029,5.447,241467.0
2025-01-02 17:00:00+00:00,5.4211,33337.3027,5.42,233730.0
2025-01-02 18:00:00+00:00,5.4277,34138.3476,5.422,114550.0
2025-01-02 19:00:00+00:00,5.4022,27949.6739,5.4,96224.0
2025-01-02 20:00:00+00:00,5.4101,37335.0661,5.412,161241.0
2025-01-02 21:00:00+00:00,5.4167,30035.2282,5.419,51653.0
2025-01-02 22:00:00+00:00,5.4224,24225.07480208,5.421,60955.0
2025-01-02 23:00:00+00:00,5.447,19767.5941,5.446,139593.0
2025-01-03 00:00:00+00:00,5.4262,25563.3305,5.428,39282.0
2025-01-03 01:00:00+00:00,5.4309,43144.364,5.431,99386.0
2025-01-03 02:00:00+00:00,5.4452,42354.3933,5.446,124484.0
2025-01-03 03:00:00+00:00,5.4957,10488.9021,5.497,288046.0
2025-01-03 04:00:00+00:00,5.4722,16106.8863,5.474,121652.0
2025-01-03 05:00:00+00:00,5.4788,17632.9015,5.486,270586.0
2025-01-03 06:00:00+00:00,5.4965,30617.8905,5.496,201039.0
2025-01-03 07:00:00+00:00,5.4391,47155.3051,5.444,177097.0
2025-01-03 08:00:00+00:00,5.5171,43663.7144,5.519,230791.0
2025-01-03 09:00:00+00:00,5.5531,64233.2114,5.554,362744.0
2025-01-03 10:00:00+00:00,5.58,48397.7232,5.58,362441.0
2025-01-03 11:00:00+00:00,5.6835,93274.9219,5.682,568313.0
2025-01-03 12:00:00+00:00,5.7025,123463.21319907,5.701,2651329.0
2025-01-03 13:00:00+00:00,5.6611,136102.2658,5.661,859744.0
2025-01-03 14:00:00+00:00,5.7362,96524.8293,5.744,631864.0
2025-01-03 15:00:00+00:00,5.8064,63242.5991,5.803,751850.0
2025-01-03 16:00:00+00:00,5.7901,58847.3408,5.791,325615.0
2025-01-03 17:00:00+00:00,5.746,37131.2172,5.747,179454.0
2025-01-03 18:00:00+00:00,5.7814,36323.48277312,5.779,219831.0
2025-01-03 19:00:00+00:00,5.761,31689.3144,5.763,133727.0
2025-01-03 20:00:00+00:00,5.7513,33408.6479,5.75,165299.0
2025-01-03 21:00:00+00:00,5.7784,29097.5249,5.776,68477.0
2025-01-03 22:00:00+00:00,5.7988,28313.6365,5.796,72263.0
2025-01-03 23:00:00+00:00,5.818,12945.4572,5.819,375866.0
2025-01-04 00:00:00+00:00,5.7769,23518.3515,5.78,284597.0
2025-01-04 01:00:00+00:00,5.8198,37546.8547,5.822,286321.0
2025-01-04 02:00:00+00:00,5.8032,34257.2863,5.807,229124.0
2025-01-04 03:00:00+00:00,5.8504,34878.0956,5.849,73769.0
2025-01-04 04:00:00+00:00,5.8215,30594.9077,5.822,67576.0
2025-01-04 05:00:00+00:00,5.8024,20583.7411,5.801,25429.0
2025-01-04 06:00:00+00:00,5.8264,25325.9331,5.829,47054.0
2025-01-04 07:00:00+00:00,5.8447,33165.8395,5.847,112839.0
2025-01-04 08:00:00+00:00,5.7593,37538.8746,5.762,617751.0
2025-01-04 09:00:00+00:00,5.7765,28348.1422,5.778,65674.0
2025-01-04 10:00:00+00:00,5.7837,25088.9989,5.786,78783.0
2025-01-04 11:00:00+00:00,5.7744,26519.6765,5.776,164968.0
2025-01-04 12:00:00+00:00,5.8468,31320.2775,5.847,261375.0
2025-01-04 13:00:00+00:00,5.8867,32209.9891,5.886,209346.0
2025-01-04 14:00:00+00:00,5.915,41079.3874,5.91,96189.0
2025-01-04 15:00:00+00:00,5.7646,34955.4416,5.765,582899.0
2025-01-04 16:00:00+00:00,5.7762,14787.1593,5.776,138570.0
2025-01-04 17:00:00+00:00,5.8055,14062.6418,5.809,142277.0
2025-01-04 18:00:00+00:00,5.8024,18748.7716,5.804,82156.0
2025-01-04 19:00:00+00:00,5.8421,20692.3369,5.844,123573.0
2025-01-04 20:00:00+00:00,5.8495,31425.6677,5.851,65423.0
2025-01-04 21:00:00+00:00,5.8195,24716.1674,5.818,198646.0
2025-01-04 22:00:00+00:00,5.8121,14478.736,5.815,52087.0
2025-01-04 23:00:00+00:00,5.7886,13425.0391,5.789,39899.0
2025-01-05 00:00:00+00:00,5.792,15883.7049,5.788,115477.0
2025-01-05 01:00:00+00:00,5.7634,26256.1791,5.759,84905.0
2025-01-05 02:00:00+00:00,5.7781,23306.1946,5.774,170194.0
2025-01-05 03:00:00+00:00,5.7745,22593.5468,5.779,33839.0
2025-01-05 04:00:00+00:00,5.8102,35505.3845,5.809,111949.0
2025-01-05 05:00:00+00:00,5.7877,25634.9218,5.787,65577.0
2025-01-05 06:00:00+00:00,5.8108,25629.2699,5.817,28751.0
2025-01-05 07:00:00+00:00,5.7857,25343.3938,5.79,141360.0
2025-01-05 08:00:00+00:00,5.7509,65797.1812,5.752,186750.0
2025-01-05 09:00:00+00:00,5.6924,29949.8039,5.696,221091.0
2025-01-05 10:00:00+00:00,5.7018,36481.6866,5.705,153760.0
2025-01-05 11:00:00+00:00,5.7052,28926.4471,5.708,41576.0
2025-01-05 12:00:00+00:00,5.7161,27102.1913,5.717,407239.0
2025-01-05 13:00:00+00:00,5.6826,31706.0832,5.684,115534.0
2025-01-05 14:00:00+00:00,5.7042,37217.1045,5.707,247327.0
2025-01-05 15:00:00+00:00,5.7371,37733.3417,5.736,125329.0
2025-01-05 16:00:00+00:00,5.8039,38428.666,5.803,106080.0
2025-01-05 17:00:00+00:00,5.7748,32754.702,5.769,267121.0
2025-01-05 18:00:00+00:00,5.794,29784.3033,5.798,199499.0
2025-01-05 19:00:00+00:00,5.8267,29261.80109783,5.829,72984.0
2025-01-05 20:00:00+00:00,5.8139,30155.79769897,5.813,191935.0
2025-01-05 21:00:00+00:00,5.8931,40747.6734,5.896,195361.0
2025-01-05 22:00:00+00:00,5.9763,52851.2776,5.976,625826.0
2025-01-05 23:00:00+00:00,5.9083,21345.0626,5.906,470780.0
2025-01-06 00:00:00+00:00,5.8204,36184.144,5.824,376905.0
2025-01-06 01:00:00+00:00,5.8957,38371.8153,5.893,118216.0
2025-01-06 02:00:00+00:00,5.9331,46318.8996,5.935,300423.0
2025-01-06 03:00:00+00:00,5.9689,18013.1443,5.968,240470.0
2025-01-06 04:00:00+00:00,5.9343,33236.0653,5.935,141662.0
2025-01-06 05:00:00+00:00,5.9148,17529.3775,5.911,175894.0
2025-01-06 06:00:00+00:00,5.8967,24146.7087,5.895,241695.0
2025-01-06 07:00:00+00:00,5.9009,26551.9288,5.9,156506.0
2025-01-06 08:00:00+00:00,5.8926,33881.3539,5.892,227165.0
2025-01-06 09:00:00+00:00,5.8722,29466.3568,5.871,206284.0
2025-01-06 10:00:00+00:00,5.8374,29627.6684,5.839,144368.0
2025-01-06 11:00:00+00:00,5.9288,36453.99759538,5.93,196565.0
2025-01-06 12:00:00+00:00,5.9241,30864.1525,5.929,508274.0
2025-01-06 13:00:00+00:00,5.9279,43039.1726,5.928,291186.0
2025-01-06 14:00:00+00:00,5.9864,56154.4779,5.979,709516.0
2025-01-06 15:00:00+00:00,6.0461,72980.9728,6.046,1188734.0
2025-01-06 16:00:00+00:00,6.131,147240.1225,6.13,1132973.0
2025-01-06 17:00:00+00:00,6.0296,47179.3339,6.024,481339.0
2025-01-06 18:00:00+00:00,6.0215,20994.0088,6.019,375479.0
2025-01-06 19:00:00+00:00,6.0218,20286.18,6.019,305708.0
2025-01-06 20:00:00+00:00,6.0104,38449.59,6.011,190545.0
2025-01-06 21:00:00+00:00,5.9786,28369.22385178,5.975,274855.0
2025-01-06 22:00:00+00:00,5.9778,23179.3792,5.979,213576.0
2025-01-06 23:00:00+00:00,6.0146,23406.77295653,6.017,693767.0
2025-01-07 00:00:00+00:00,5.9601,45356.5296,5.961,217455.0
2025-01-07 01:00:00+00:00,6.0116,40289.9561,6.01,77717.0
2025-01-07 02:00:00+00:00,5.9125,21018.2826,5.916,132900.0
2025-01-07 03:00:00+00:00,5.9492,15739.0902,5.949,83049.0
2025-01-07 04:00:00+00:00,5.9279,14741.7176,5.922,51331.0
2025-01-07 05:00:00+00:00,5.9648,15882.7377,5.965,119005.0
2025-01-07 06:00:00+00:00,5.9946,21186.5403,5.995,88430.0
2025-01-07 07:00:00+00:00,5.9632,30921.3759,5.961,114115.0
2025-01-07 08:00:00+00:00,5.9741,31792.1358,5.975,116856.0
2025-01-07 09:00:00+00:00,5.9328,32913.4947,5.937,115470.0
2025-01-07 10:00:00+00:00,5.9065,36710.3705,5.907,116737.0
2025-01-07 11:00:00+00:00,5.8546,49418.0759,5.856,545102.0
2025-01-07 12:00:00+00:00,5.8657,38737.253,5.867,466005.0
2025-01-07 13:00:00+00:00,5.8953,47105.7808,5.892,174625.0
2025-01-07 14:00:00+00:00,5.807,40643.6142,5.805,436234.0
2025-01-07 15:00:00+00:00,5.5944,166234.1615,5.593,3842361.0
2025-01-07 16:00:00+00:00,5.5481,81531.51487621,5.553,731137.0
2025-01-07 17:00:00+00:00,5.5066,42157.8654,5.506,712531.0
2025-01-07 18:00:00+00:00,5.4432,24254.0658,5.447,491753.0
2025-01-07 19:00:00+00:00,5.4118,27271.60709425,5.411,268219.0
2025-01-07 20:00:00+00:00,5.4195,41667.8127,5.421,415774.0
2025-01-07 21:00:00+00:00,5.3584,37587.6056,5.359,285755.0
2025-01-07 22:00:00+00:00,5.4222,27313.8890109,5.422,163980.0
2025-01-07 23:00:00+00:00,5.36,9793.5152,5.36,1050986.0
2025-01-08 00:00:00+00:00,5.4465,35889.0756,5.444,191014.0
2025-01-08 01:00:00+00:00,5.3696,45894.6759,5.367,183719.0
2025-01-08 02:00:00+00:00,5.3254,43886.8548,5.328,110931.0
2025-01-08 03:00:00+00:00,5.2937,58291.66560205,5.294,430551.0
2025-01-08 04:00:00+00:00,5.2274,52829.33870387,5.229,217364.0
2025-01-08 05:00:00+00:00,5.2038,131267.8939,5.205,256903.0
2025-01-08 06:00:00+00:00,5.072,72039.7304,5.071,421750.0
2025-01-08 07:00:00+00:00,5.168,51231.1191,5.174,239581.0
2025-01-08 08:00:00+00:00,5.2057,109428.795,5.206,738512.0
2025-01-08 09:00:00+00:00,5.1529,47500.7945,5.154,244381.0
2025-01-08 10:00:00+00:00,5.1922,36227.5913,5.196,129865.0
2025-01-08 11:00:00+00:00,5.1517,49789.9858,5.15,250125.0
2025-01-08 12:00:00+00:00,5.0869,45286.04778527,5.085,208519.0
2025-01-08 13:00:00+00:00,5.1348,70118.2304,5.136,243634.0
2025-01-08 14:00:00+00:00,5.1655,57376.8669,5.161,295320.0
2025-01-08 15:00:00+00:00,5.1418,67895.4482,5.142,169849.0
2025-01-08 16:00:00+00:00,5.0534,51285.8832,5.058,142753.0
2025-01-08 17:00:00+00:00,5.0448,115790.28916979,5.045,1629349.0
2025-01-08 18:00:00+00:00,5.0831,71441.6191,5.083,497152.0
2025-01-08 19:00:00+00:00,5.0653,43782.4653,5.066,338570.0
2025-01-08 20:00:00+00:00,5.0724,55168.6701,5.072,243808.0
2025-01-08 21:00:00+00:00,5.0757,29840.0378,5.074,135193.0
2025-01-08 22:00:00+00:00,5.1708,35108.0155,5.167,550359.0
2025-01-08 23:00:00+00:00,5.1548,11218.8192,5.152,306824.0
2025-01-09 00:00:00+00:00,5.1843,22911.64697831,5.183,371219.0
2025-01-09 01:00:00+00:00,5.1759,39848.3291,5.177,126288.0
2025-01-09 02:00:00+00:00,5.1565,42309.31,5.16,195327.0
2025-01-09 03:00:00+00:00,5.104,35532.9106,5.103,88950.0
2025-01-09 04:00:00+00:00,5.116,61163.1511,5.119,321078.0
2025-01-09 05:00:00+00:00,5.0916,34964.1207,5.096,124005.0
2025-01-09 06:00:00+00:00,5.0607,44310.92747992,5.059,219447.0
2025-01-09 07:00:00+00:00,4.9686,58465.5126,4.969,316252.0
2025-01-09 08:00:00+00:00,5.0241,45188.4509,5.027,264800.0
2025-01-09 09:00:00+00:00,5.0256,70512.2618,5.028,148831.0
2025-01-09 10:00:00+00:00,4.9888,58038.5073,4.988,214492.0
2025-01-09 11:00:00+00:00,4.9928,43496.3641,5.001,110969.0
2025-01-09 12:00:00+00:00,4.9761,45412.9797,4.974,93214.0
2025-01-09 13:00:00+00:00,4.8531,107081.14151576,4.851,647708.0
2025-01-09 14:00:00+00:00,4.9375,31013.7386,4.936,485165.0
2025-01-09 15:00:00+00:00,5.0934,55764.6126,5.089,829529.0
2025-01-09 16:00:00+00:00,5.074,39934.5967,5.076,1259849.0
2025-01-09 17:00:00+00:00,4.9814,35909.2032,4.98,352301.0
2025-01-09 18:00:00+00:00,5.0126,22006.7307,5.012,527454.0
2025-01-09 19:00:00+00:00,4.9321,18652.6995964,4.928,221003.0
2025-01-09 20:00:00+00:00,4.9401,65706.6305,4.938,408665.0
2025-01-09 21:00:00+00:00,4.9381,38094.2212,4.937,93633.0
2025-01-09 22:00:00+00:00,4.9802,30988.9361,4.986,56293.0
2025-01-09 23:00:00+00:00,4.9732,13683.0143,4.974,186929.0
2025-01-10 00:00:00+00:00,4.996,20386.0597,4.994,81753.0
2025-01-10 01:00:00+00:00,5.0396,37469.62,5.036,233686.0
2025-01-10 02:00:00+00:00,5.045,36139.9935,5.047,103786.0
2025-01-10 03:00:00+00:00,5.0514,27456.1204,5.05,41171.0
2025-01-10 04:00:00+00:00,5.0338,66292.3665,5.032,61172.0
2025-01-10 05:00:00+00:00,5.0566,57166.6537,5.05,162013.0
2025-01-10 06:00:00+00:00,5.1101,56852.2118,5.103,94417.0
2025-01-10 07:00:00+00:00,5.1236,89596.3254,5.121,459687.0
2025-01-10 08:00:00+00:00,5.1073,46210.33926032,5.105,279422.0
2025-01-10 09:00:00+00:00,5.1244,39962.345,5.122,171317.0
2025-01-10 10:00:00+00:00,5.1395,37543.2102,5.147,285963.0
2025-01-10 11:00:00+00:00,5.1051,33700.9254,5.106,161241.0
2025-01-10 12:00:00+00:00,5.0881,30936.8095,5.088,178695.0
2025-01-10 13:00:00+00:00,4.9847,103036.8018,4.984,1387581.0
2025-01-10 14:00:00+00:00,5.0115,65494.2078,5.02,272285.0
2025-01-10 15:00:00+00:00,5.01,133239.8421,5.013,220182.0
2025-01-10 16:00:00+00:00,4.9675,46048.8932,4.976,102799.0
2025-01-10 17:00:00+00:00,5.1254,43091.9345,5.118,459658.0
2025-01-10 18:00:00+00:00,5.0738,35861.6568,5.069,133381.0
2025-01-10 19:00:00+00:00,5.084,10368.2136,5.079,58175.0
2025-01-10 20:00:00+00:00,5.0626,24181.6706,5.065,54307.0
2025-01-10 21:00:00+00:00,5.0661,13982.4486,5.066,53267.0
2025-01-10 22:00:00+00:00,5.0876,15226.9336,5.092,42848.0
2025-01-10 23:00:00+00:00,5.0845,14523.9915,5.083,110402.0
2025-01-11 00:00:00+00:00,5.1032,20469.3788,5.1,31714.0
2025-01-11 01:00:00+00:00,5.0571,82732.90251779,5.055,74107.0
2025-01-11 02:00:00+00:00,5.057,24736.3388,5.065,98214.0
2025-01-11 03:00:00+00:00,5.0313,34946.2853,5.03,19901.0
2025-01-11 04:00:00+00:00,5.0363,28397.7721,5.03,28788.0
2025-01-11 05:00:00+00:00,5.063,31545.0021,5.063,23103.0
2025-01-11 06:00:00+00:00,5.04,24936.2527,5.044,53609.0
2025-01-11 07:00:00+00:00,5.0323,38166.69,5.034,18602.0
2025-01-11 08:00:00+00:00,5.0051,34831.3265,5.006,124780.0
2025-01-11 09:00:00+00:00,5.0191,32525.1107,5.013,110735.0
2025-01-11 10:00:00+00:00,5.0544,32957.0459,5.054,23770.0
2025-01-11 11:00:00+00:00,5.0672,34968.0647,5.068,40276.0
2025-01-11 12:00:00+00:00,5.037,29913.3762,5.038,59287.0
2025-01-11 13:00:00+00:00,5.0169,32272.0145,5.02,80790.0
2025-01-11 14:00:00+00:00,5.0398,23291.8689,5.041,30336.0
2025-01-11 15:00:00+00:00,5.0209,27741.4846,5.019,20289.0
2025-01-11 16:00:00+00:00,5.0465,36474.9673,5.049,25452.0
2025-01-11 17:00:00+00:00,5.0208,41234.3449,5.021,175223.0
2025-01-11 18:00:00+00:00,5.0287,21351.9844,5.028,10400.0
2025-01-11 19:00:00+00:00,5.0204,25518.094,5.02,18136.0
2025-01-11 20:00:00+00:00,5.1125,33251.8381,5.117,220513.0
2025-01-11 21:00:00+00:00,5.1551,34924.3368,5.154,100875.0
2025-01-11 22:00:00+00:00,5.0895,17302.7243,5.096,76551.0
2025-01-11 23:00:00+00:00,5.0852,17427.2566,5.083,19714.0
2025-01-12 00:00:00+00:00,5.0743,18978.0592,5.08,30032.0
2025-01-12 01:00:00+00:00,5.1043,44462.0098,5.103,14996.0
2025-01-12 02:00:00+00:00,5.0971,31043.7123,5.096,29845.0
2025-01-12 03:00:00+00:00,5.1018,34426.6532,5.1,60684.0
2025-01-12 04:00:00+00:00,5.1114,32179.672,5.108,51773.0
2025-01-12 05:00:00+00:00,5.0941,30284.4822,5.097,39175.0
2025-01-12 06:00:00+00:00,5.0712,23528.6802,5.068,117155.0
2025-01-12 07:00:00+00:00,5.0656,26383.6966,5.066,82853.0
2025-01-12 08:00:00+00:00,5.0111,28399.1326,5.009,76849.0
2025-01-12 09:00:00+00:00,4.9933,25762.0053,4.995,237757.0
2025-01-12 10:00:00+00:00,4.9955,28066.1928,4.997,182794.0
2025-01-12 11:00:00+00:00,5.0196,25333.2203,5.024,344424.0
2025-01-12 12:00:00+00:00,5.017,34986.5213,5.017,96221.0
2025-01-12 13:00:00+00:00,5.0406,31741.9345,5.042,14859.0
2025-01-12 14:00:00+00:00,5.0241,30595.9644,5.021,296570.0
2025-01-12 15:00:00+00:00,5.0766,37399.1109,5.074,67764.0
2025-01-12 16:00:00+00:00,5.0638,34066.1795,5.063,52664.0
2025-01-12 17:00:00+00:00,5.0493,27203.1005,5.057,22536.0
2025-01-12 18:00:00+00:00,5.0299,24320.4405,5.03,128441.0
2025-01-12 19:00:00+00:00,5.0216,25583.027,5.022,60032.0
2025-01-12 20:00:00+00:00,5.001,36859.6132,5.002,107623.0
2025-01-12 21:00:00+00:00,4.9707,31898.7895,4.965,59073.0
2025-01-12 22:00:00+00:00,4.924,22852.7385,4.916,242164.0
2025-01-12 23:00:00+00:00,4.97,18468.1815,4.969,120419.0
2025-01-13 00:00:00+00:00,5.0411,46466.2106,5.045,178084.0
2025-01-13 01:00:00+00:00,4.9573,50787.03084481,4.955,301625.0
2025-01-13 02:00:00+00:00,4.8844,63037.7999,4.885,494441.0
2025-01-13 03:00:00+00:00,4.8183,93389.6615,4.814,463741.0
2025-01-13 04:00:00+00:00,4.8521,40948.3274,4.853,104866.0
2025-01-13 05:00:00+00:00,4.7813,45239.5455,4.784,174593.0
2025-01-13 06:00:00+00:00,4.6859,100058.58764842,4.683,1379923.0
2025-01-13 07:00:00+00:00,4.7164,49762.6941,4.711,260870.0
2025-01-13 08:00:00+00:00,4.6465,59626.7068,4.645,852437.0
2025-01-13 09:00:00+00:00,4.6127,64378.4817,4.608,754423.0
2025-01-13 10:00:00+00:00,4.5589,50985.81923495,4.565,315917.0
2025-01-13 11:00:00+00:00,4.4606,79196.3026,4.463,860173.0
2025-01-13 12:00:00+00:00,4.4921,72871.3251636,4.49,576622.0
2025-01-13 13:00:00+00:00,4.5403,72471.7698,4.538,286665.0
2025-01-13 14:00:00+00:00,4.5972,149078.585,4.588,1664248.0
2025-01-13 15:00:00+00:00,4.6477,69040.5301,4.645,444388.0
2025-01-13 16:00:00+00:00,4.5518,17376.0505,4.55,278692.0
2025-01-13 17:00:00+00:00,4.5439,31330.1277,4.542,490278.0
2025-01-13 18:00:00+00:00,4.5274,23772.0736,4.529,350198.0
2025-01-13 19:00:00+00:00,4.5525,25217.8249,4.55,166679.0
2025-01-13 20:00:00+00:00,4.6775,129534.4665,4.673,2016013.0
2025-01-13 21:00:00+00:00,4.7253,46782.4651,4.715,712472.0
2025-01-13 22:00:00+00:00,4.7763,31292.57325922,4.772,294503.0
2025-01-13 23:00:00+00:00,4.751,54533.4794,4.749,293896.0
2025-01-14 00:00:00+00:00,4.7162,70407.0682,4.722,210329.0
2025-01-14 01:00:00+00:00,4.7266,37744.6943,4.721,106406.0
2025-01-14 02:00:00+00:00,4.7491,40636.9239,4.747,137863.0
2025-01-14 03:00:00+00:00,4.7648,39428.4316,4.774,17853.0
2025-01-14 04:00:00+00:00,4.8097,24892.2604,4.805,33843.0
2025-01-14 05:00:00+00:00,4.7753,36712.0329,4.779,108312.0
2025-01-14 06:00:00+00:00,4.8123,25889.3281,4.805,68717.0
2025-01-14 07:00:00+00:00,4.7898,73838.8084,4.787,190560.0
2025-01-14 08:00:00+00:00,4.8398,52498.4829,4.84,354074.0
2025-01-14 09:00:00+00:00,4.935,50896.5671,4.938,303168.0
2025-01-14 10:00:00+00:00,4.9157,33358.742,4.919,274244.0
2025-01-14 11:00:00+00:00,4.8972,31371.579,4.889,68629.0
2025-01-14 12:00:00+00:00,4.8679,29447.0685,4.868,330265.0
2025-01-14 13:00:00+00:00,4.9268,65681.8352,4.926,809132.0
2025-01-14 14:00:00+00:00,4.9302,30670.5462,4.934,1197378.0
2025-01-14 15:00:00+00:00,4.941,38048.9175,4.945,147112.0
2025-01-14 16:00:00+00:00,4.936,46000.3136,4.937,279573.0
2025-01-14 17:00:00+00:00,4.9797,39594.5579,4.976,472542.0
2025-01-14 18:00:00+00:00,5.0013,45202.9725,4.999,129143.0
2025-01-14 19:00:00+00:00,4.9819,32588.8018,4.979,50010.0
2025-01-14 20:00:00+00:00,5.0176,40663.0507,5.018,558874.0
2025-01-14 21:00:00+00:00,5.0019,29596.3372,5.0,163228.0
2025-01-14 22:00:00+00:00,5.0364,22348.7008,5.037,111111.0
2025-01-14 23:00:00+00:00,5.0528,10624.2303,5.051,278333.0
2025-01-15 00:00:00+00:00,5.0514,36739.5913,5.052,147135.0
2025-01-15 01:00:00+00:00,5.0379,44235.4275,5.041,166067.0
2025-01-15 02:00:00+00:00,4.9554,65047.8462,4.968,534106.0
2025-01-15 03:00:00+00:00,5.0014,36693.4387,5.0,108020.0
2025-01-15 04:00:00+00:00,4.9877,37746.7882,4.987,138938.0
2025-01-15 05:00:00+00:00,4.9855,31917.8897,4.988,57625.0
2025-01-15 06:00:00+00:00,4.9942,45453.7994,4.992,113679.0
2025-01-15 07:00:00+00:00,5.0148,27222.8237,5.008,614064.0
2025-01-15 08:00:00+00:00,4.9759,32903.126,4.978,185347.0
2025-01-15 09:00:00+00:00,4.9029,41325.3962,4.898,318087.0
2025-01-15 10:00:00+00:00,4.9162,82985.2819,4.916,129236.0
2025-01-15 11:00:00+00:00,4.9025,48271.0886,4.899,152761.0
2025-01-15 12:00:00+00:00,4.8867,99533.407,4.886,111379.0
2025-01-15 13:00:00+00:00,5.1591,215486.6697,5.152,1635475.0
2025-01-15 14:00:00+00:00,5.1907,84303.8898,5.189,1329896.0
2025-01-15 15:00:00+00:00,5.2467,59458.54575375,5.243,433405.0
2025-01-15 16:00:00+00:00,5.2159,99998.0304,5.214,290818.0
2025-01-15 17:00:00+00:00,5.1559,38834.5157,5.161,320013.0
2025-01-15 18:00:00+00:00,5.2591,45352.0215,5.249,117282.0
2025-01-15 19:00:00+00:00,5.2837,14198.246,5.292,132928.0
2025-01-15 20:00:00+00:00,5.264,45860.7208796,5.267,171753.0
2025-01-15 21:00:00+00:00,5.282,27657.6246,5.283,74171.0
2025-01-15 22:00:00+00:00,5.318,21562.1902,5.316,162118.0
2025-01-15 23:00:00+00:00,5.3149,110133.7429,5.312,2263278.0
2025-01-16 00:00:00+00:00,5.2102,51102.061,5.209,405224.0
2025-01-16 01:00:00+00:00,5.2508,38091.3092,5.251,115704.0
2025-01-16 02:00:00+00:00,5.2033,35864.8935,5.206,181464.0
2025-01-16 03:00:00+00:00,5.1901,34546.5426,5.188,51902.0
2025-01-16 04:00:00+00:00,5.1974,21266.1232,5.195,49849.0
2025-01-16 05:00:00+00:00,5.1812,27822.4487,5.18,54255.0
2025-01-16 06:00:00+00:00,5.2181,30983.2355,5.216,28433.0
2025-01-16 07:00:00+00:00,5.2203,33990.0258,5.217,102170.0
2025-01-16 08:00:00+00:00,5.119,46887.069,5.119,320632.0
2025-01-16 09:00:00+00:00,5.1461,50076.6276,5.145,190024.0
2025-01-16 10:00:00+00:00,5.1545,42383.7379,5.151,47048.0
2025-01-16 11:00:00+00:00,5.2198,55985.9312,5.221,343345.0
2025-01-16 12:00:00+00:00,5.324,99940.8695,5.321,345169.0
2025-01-16 13:00:00+00:00,5.283,60774.02634131,5.283,380451.0
2025-01-16 14:00:00+00:00,5.1605,67788.7529,5.162,764330.0
2025-01-16 15:00:00+00:00,5.2783,53130.5724,5.279,363574.0
2025-01-16 16:00:00+00:00,5.2824,57923.4,5.285,403655.0
2025-01-16 17:00:00+00:00,5.2648,39919.87693787,5.27,330918.0
2025-01-16 18:00:00+00:00,5.2215,23878.9606,5.225,257025.0
2025-01-16 19:00:00+00:00,5.2598,35556.7568,5.261,530827.0
2025-01-16 20:00:00+00:00,5.2514,35616.7069,5.254,196132.0
2025-01-16 21:00:00+00:00,5.2012,21049.62567097,5.203,122920.0
2025-01-16 22:00:00+00:00,5.1583,27442.5208,5.159,168192.0
2025-01-16 23:00:00+00:00,5.1589,16901.2284,5.158,246918.0
2025-01-17 00:00:00+00:00,5.1902,27743.8775,5.19,78163.0
2025-01-17 01:00:00+00:00,5.3231,43937.7074,5.325,2363184.0
2025-01-17 02:00:00+00:00,5.2947,43986.3092,5.297,983812.0
2025-01-17 03:00:00+00:00,5.2663,37178.3821,5.269,541898.0
2025-01-17 04:00:00+00:00,5.3437,33314.6144,5.346,283415.0
2025-01-17 05:00:00+00:00,5.3733,29447.5597,5.376,185127.0
2025-01-17 06:00:00+00:00,5.3886,28397.9389,5.393,207314.0
2025-01-17 07:00:00+00:00,5.4036,47162.3003,5.403,131173.0
2025-01-17 08:00:00+00:00,5.4975,73772.9892,5.499,848879.0
2025-01-17 09:00:00+00:00,5.5403,37316.1152,5.543,624540.0
2025-01-17 10:00:00+00:00,5.5677,39173.71677102,5.566,437402.0
2025-01-17 11:00:00+00:00,5.5847,24107.7003,5.585,353142.0
2025-01-17 12:00:00+00:00,5.5144,91436.4984,5.518,595299.0
2025-01-17 13:00:00+00:00,5.5662,60904.9882,5.568,419577.0
2025-01-17 14:00:00+00:00,5.5612,50669.4503,5.559,381244.0
2025-01-17 15:00:00+00:00,5.5799,72184.2896,5.577,568650.0
2025-01-17 16:00:00+00:00,5.6169,53064.69999463,5.616,201423.0
2025-01-17 17:00:00+00:00,5.5466,176963.1089,5.55,445866.0
2025-01-17 18:00:00+00:00,5.5523,128960.0313,5.551,73156.0
2025-01-17 19:00:00+00:00,5.5929,17507.8607,5.593,131157.0
2025-01-17 20:00:00+00:00,5.6859,83460.321,5.682,422594.0
2025-01-17 21:00:00+00:00,5.7174,43726.6487,5.72,1412798.0
2025-01-17 22:00:00+00:00,5.7788,47451.4043,5.781,342004.0
2025-01-17 23:00:00+00:00,5.7563,22220.3853,5.759,435201.0
2025-01-18 00:00:00+00:00,5.8726,45360.5554,5.876,384152.0
2025-01-18 01:00:00+00:00,5.7457,33904.8752,5.751,234532.0
2025-01-18 02:00:00+00:00,5.7003,28346.38,5.705,217984.0
2025-01-18 03:00:00+00:00,5.6104,57926.1747,5.63,511273.0
2025-01-18 04:00:00+00:00,5.5745,68994.1601,5.575,267238.0
2025-01-18 05:00:00+00:00,5.3692,54344.929,5.371,695282.0
2025-01-18 06:00:00+00:00,5.4798,74175.13391107,5.48,557229.0
2025-01-18 07:00:00+00:00,5.4094,52392.6999,5.409,1598607.0
2025-01-18 08:00:00+00:00,5.4312,58435.656,5.43,706417.0
2025-01-18 09:00:00+00:00,5.4083,46040.3661,5.404,292680.0
2025-01-18 10:00:00+00:00,5.4066,52336.2394,5.407,339244.0
2025-01-18 11:00:00+00:00,5.5198,44208.1183,5.508,285754.0
2025-01-18 12:00:00+00:00,5.4428,32446.7345,5.445,597363.0
2025-01-18 13:00:00+00:00,5.5045,33208.2862,5.506,779074.0
2025-01-18 14:00:00+00:00,5.4335,34368.2101,5.432,309793.0
2025-01-18 15:00:00+00:00,5.4383,29416.9384,5.438,240042.0
2025-01-18 16:00:00+00:00,5.3385,47537.6483,5.34,471941.0
2025-01-18 17:00:00+00:00,5.341,31152.2053,5.343,162724.0
2025-01-18 18:00:00+00:00,5.3247,49557.6944,5.323,239570.0
2025-01-18 19:00:00+00:00,5.3963,47445.8663,5.395,141027.0
2025-01-18 20:00:00+00:00,5.3212,64492.7965,5.323,353711.0
2025-01-18 21:00:00+00:00,5.3238,24894.6684,5.328,93355.0
2025-01-18 22:00:00+00:00,5.3556,14305.8235,5.358,78874.0
2025-01-18 23:00:00+00:00,5.4428,16882.9897,5.444,456385.0
2025-01-19 00:00:00+00:00,5.5372,27558.0856,5.541,242142.0
2025-01-19 01:00:00+00:00,5.6126,28854.2529,5.611,348919.0
2025-01-19 02:00:00+00:00,5.5577,34777.40605319,5.551,310899.0
2025-01-19 03:00:00+00:00,5.4498,33578.0988,5.448,163131.0
2025-01-19 04:00:00+00:00,5.3849,61853.3194,5.387,448129.0
2025-01-19 05:00:00+00:00,5.3603,52862.435,5.357,299046.0
2025-01-19 06:00:00+00:00,5.3202,44248.0061,5.32,138215.0
2025-01-19 07:00:00+00:00,5.2844,86401.5765,5.284,348494.0
2025-01-19 08:00:00+00:00,5.0857,84796.462,5.087,676785.0
2025-01-19 09:00:00+00:00,5.1459,105008.4075,5.146,1402178.0
2025-01-19 10:00:00+00:00,5.0667,59921.6159,5.072,423367.0
2025-01-19 11:00:00+00:00,4.9858,114160.9177,4.993,528532.0
2025-01-19 12:00:00+00:00,5.1287,64671.6866,5.128,566966.0
2025-01-19 13:00:00+00:00,5.2594,47100.584986,5.26,723852.0
2025-01-19 14:00:00+00:00,5.4469,165701.5643,5.443,1898557.0
2025-01-19 15:00:00+00:00,5.4063,81916.9812,5.408,599986.0
2025-01-19 16:00:00+00:00,5.3966,28213.396,5.401,254044.0
2025-01-19 17:00:00+00:00,5.4471,44954.9255,5.446,261425.0
2025-01-19 18:00:00+00:00,5.436,20534.049,5.441,194626.0
2025-01-19 19:00:00+00:00,5.4232,15433.3752,5.428,100073.0
2025-01-19 20:00:00+00:00,5.3873,21356.3249,5.386,406314.0
2025-01-19 21:00:00+00:00,5.1155,203796.2944,5.121,2152775.0
2025-01-19 22:00:00+00:00,5.0833,147624.8188,5.084,2278424.0
2025-01-19 23:00:00+00:00,4.9855,94036.055,4.977,1833712.0
2025-01-20 00:00:00+00:00,4.7554,148134.2807,4.757,2301683.0
2025-01-20 01:00:00+00:00,4.8145,77358.50121411,4.815,2173056.0
2025-01-20 02:00:00+00:00,4.9484,65610.29747602,4.95,1996082.0
2025-01-20 03:00:00+00:00,4.9993,55228.1803,4.994,267332.0
2025-01-20 04:00:00+00:00,5.008,47337.0332,5.005,308967.0
2025-01-20 05:00:00+00:00,5.0178,51994.1503,5.016,208516.0
2025-01-20 06:00:00+00:00,5.3204,84335.881,5.323,1003798.0
2025-01-20 07:00:00+00:00,5.4631,181197.937388,5.472,6098586.0
2025-01-20 08:00:00+00:00,5.4992,147214.6402,5.5,1184295.0
2025-01-20 09:00:00+00:00,5.4184,92640.0732,5.419,676362.0
2025-01-20 10:00:00+00:00,5.3954,54970.599,5.392,275403.0
2025-01-20 11:00:00+00:00,5.4171,61303.2216,5.416,349950.0
2025-01-20 12:00:00+00:00,5.3033,83891.7894,5.3,818016.0
2025-01-20 13:00:00+00:00,5.3659,66955.3058,5.356,471599.0
2025-01-20 14:00:00+00:00,5.4541,71339.217,5.452,452223.0
2025-01-20 15:00:00+00:00,5.3245,63371.8368,5.324,333541.0
2025-01-20 16:00:00+00:00,5.2939,105558.7393,5.296,685015.0
2025-01-20 17:00:00+00:00,5.0168,344381.4786,5.011,3205920.0
2025-01-20 18:00:00+00:00,5.1337,78077.4681,5.127,3406223.0
2025-01-20 19:00:00+00:00,5.1334,59494.3862,5.133,213654.0
2025-01-20 20:00:00+00:00,5.1132,38157.2524,5.116,343452.0
2025-01-20 21:00:00+00:00,5.0477,45976.9411,5.048,372192.0
2025-01-20 22:00:00+00:00,5.174,36388.5456,5.173,533769.0
2025-01-20 23:00:00+00:00,5.1006,40791.95727577,5.096,651285.0
2025-01-21 00:00:00+00:00,5.0013,28785.2856,5.0,430737.0
2025-01-21 01:00:00+00:00,4.979,36945.9648,4.974,295394.0
2025-01-21 02:00:00+00:00,4.9874,24079.3321,4.986,154617.0
2025-01-21 03:00:00+00:00,4.9918,21924.46422873,5.007,160202.0
2025-01-21 04:00:00+00:00,4.9712,32394.5803,4.966,2162782.0
2025-01-21 05:00:00+00:00,4.9148,23290.632,4.916,1776837.0
2025-01-21 06:00:00+00:00,4.9502,20453.1034,4.949,216343.0
2025-01-21 07:00:00+00:00,5.0216,20618.3125,5.018,147710.0
2025-01-21 08:00:00+00:00,4.9962,36725.6394,4.994,282012.0
2025-01-21 09:00:00+00:00,5.0411,13689.9917,5.034,135583.0
2025-01-21 10:00:00+00:00,5.1392,19477.3974,5.134,249217.0
2025-01-21 11:00:00+00:00,5.1245,28910.2114,5.128,180124.0
2025-01-21 12:00:00+00:00,5.1358,39879.24072579,5.135,226729.0
2025-01-21 13:00:00+00:00,5.149,36903.8563,5.153,93335.0
2025-01-21 14:00:00+00:00,5.105,48090.6568,5.106,326934.0
2025-01-21 15:00:00+00:00,5.125,24444.8463,5.127,275636.0
2025-01-21 16:00:00+00:00,5.1715,34213.671,5.175,340186.0
2025-01-21 17:00:00+00:00,5.3233,31884.1876,5.326,284839.0
2025-01-21 18:00:00+00:00,5.2977,50020.7372,5.309,318829.0
2025-01-21 19:00:00+00:00,5.1975,71732.936,5.197,2542411.0
2025-01-21 20:00:00+00:00,5.2087,17628.8073,5.208,770682.0
2025-01-21 21:00:00+00:00,5.239,14959.8484,5.24,150631.0
2025-01-21 22:00:00+00:00,5.2816,15153.878,5.281,181205.0
2025-01-21 23:00:00+00:00,5.256,8017.2648,5.253,232810.0
2025-01-22 00:00:00+00:00,5.2512,33021.4827,5.251,169834.0
2025-01-22 01:00:00+00:00,5.219,24924.6625,5.218,102560.0
2025-01-22 02:00:00+00:00,5.2549,18739.941,5.256,75856.0
2025-01-22 03:00:00+00:00,5.2166,15736.2232,5.222,42119.0
2025-01-22 04:00:00+00:00,5.2045,18288.9509,5.19,195873.0
2025-01-22 05:00:00+00:00,5.1991,19010.3206,5.199,148777.0
2025-01-22 06:00:00+00:00,5.1942,16672.3873,5.196,75553.0
2025-01-22 07:00:00+00:00,5.1563,15222.515,5.156,158847.0
2025-01-22 08:00:00+00:00,5.1484,27409.2742,5.15,79876.0
2025-01-22 09:00:00+00:00,5.1169,16325.8193,5.119,79837.0
2025-01-22 10:00:00+00:00,5.1376,39152.3995,5.14,101766.0
2025-01-22 11:00:00+00:00,5.1788,19801.7387,5.179,178661.0
2025-01-22 12:00:00+00:00,5.1814,28570.8449,5.183,167148.0
2025-01-22 13:00:00+00:00,5.1106,37293.6364,5.115,187996.0
2025-01-22 14:00:00+00:00,5.1296,28577.31415491,5.132,223039.0
2025-01-22 15:00:00+00:00,5.1516,19723.7991,5.153,119658.0
2025-01-22 16:00:00+00:00,5.1946,27980.3504,5.193,124722.0
2025-01-22 17:00:00+00:00,5.2538,28248.3154,5.255,142114.0
2025-01-22 18:00:00+00:00,5.1601,18744.1226,5.164,132534.0
2025-01-22 19:00:00+00:00,5.1625,28898.779,5.164,369621.0
2025-01-22 20:00:00+00:00,5.1651,21718.7822,5.165,130826.0
2025-01-22 21:00:00+00:00,5.1637,16111.5545,5.163,190392.0
2025-01-22 22:00:00+00:00,5.1033,12440.0729,5.106,191603.0
2025-01-22 23:00:00+00:00,5.1012,7371.0921,5.098,215751.0
2025-01-23 00:00:00+00:00,5.054,28149.7725,5.054,248330.0
2025-01-23 01:00:00+00:00,4.9976,27928.6065,4.997,72865.0
2025-01-23 02:00:00+00:00,4.9896,34132.3774,4.993,201735.0
2025-01-23 03:00:00+00:00,5.0102,22180.53755565,5.004,29759.0
2025-01-23 04:00:00+00:00,4.9785,17942.5438,4.975,133308.0
2025-01-23 05:00:00+00:00,5.0061,6967.324,5.014,60096.0
2025-01-23 06:00:00+00:00,4.9859,8767.938,4.98,40442.0
2025-01-23 07:00:00+00:00,5.0358,19907.7492,5.034,148790.0
2025-01-23 08:00:00+00:00,4.9567,14961.5686,4.96,182752.0
2025-01-23 09:00:00+00:00,4.9388,15649.1085,4.936,228006.0
2025-01-23 10:00:00+00:00,4.9167,25575.8477,4.916,260714.0
2025-01-23 11:00:00+00:00,4.936,14732.5764,4.932,82619.0
2025-01-23 12:00:00+00:00,4.8938,11133.4969,4.896,122805.0
2025-01-23 13:00:00+00:00,4.9663,16296.4072,4.961,142175.0
2025-01-23 14:00:00+00:00,5.0726,23379.2433,5.073,303733.0
2025-01-23 15:00:00+00:00,5.0156,62815.6107,5.015,428079.0
2025-01-23 16:00:00+00:00,5.03,47582.0941,5.03,309192.0
2025-01-23 17:00:00+00:00,5.025,36180.2071,5.022,199809.0
2025-01-23 18:00:00+00:00,4.9313,40554.6331,4.932,189246.0
2025-01-23 19:00:00+00:00,4.884,45474.322,4.879,234845.0
2025-01-23 20:00:00+00:00,4.944,74223.0308,4.935,549803.0
2025-01-23 21:00:00+00:00,4.883,59803.2355,4.883,165168.0
2025-01-23 22:00:00+00:00,4.9904,33916.1536,4.991,181327.0
2025-01-23 23:00:00+00:00,4.9788,7797.9209,4.976,224934.0
2025-01-24 00:00:00+00:00,4.8831,20276.9477,4.881,230148.0
2025-01-24 01:00:00+00:00,4.8878,23994.7096,4.89,145052.0
2025-01-24 02:00:00+00:00,4.8683,29631.814,4.863,94480.0
2025-01-24 03:00:00+00:00,4.9048,54077.8077,4.907,226484.0
2025-01-24 04:00:00+00:00,4.9702,28175.0288,4.974,163724.0
2025-01-24 05:00:00+00:00,5.096,111988.0136,5.099,284107.0
2025-01-24 06:00:00+00:00,5.0345,32362.3021,5.032,204896.0
2025-01-24 07:00:00+00:00,5.0182,23037.7189,5.019,151951.0
2025-01-24 08:00:00+00:00,5.0759,39424.2222,5.079,178796.0
2025-01-24 09:00:00+00:00,5.0718,29064.3325,5.065,76641.0
2025-01-24 10:00:00+00:00,5.1031,25510.8425,5.101,82970.0
2025-01-24 11:00:00+00:00,5.0896,28229.5444,5.089,39538.0
2025-01-24 12:00:00+00:00,5.1058,21020.14239703,5.106,134133.0
2025-01-24 13:00:00+00:00,5.0952,28115.60114936,5.098,93656.0
2025-01-24 14:00:00+00:00,5.0883,24356.5968,5.091,176251.0
2025-01-24 15:00:00+00:00,5.1529,91863.4476,5.152,784809.0
2025-01-24 16:00:00+00:00,5.137,64259.0473,5.135,611693.0
2025-01-24 17:00:00+00:00,5.1453,31108.7408,5.145,138801.0
2025-01-24 18:00:00+00:00,5.1388,23606.7439,5.134,192022.0
2025-01-24 19:00:00+00:00,5.0986,16492.5063,5.096,116107.0
2025-01-24 20:00:00+00:00,5.0037,26975.4895,5.005,240899.0
2025-01-24 21:00:00+00:00,5.052,30903.0033,5.054,190497.0
2025-01-24 22:00:00+00:00,4.9907,32379.0289,4.991,182907.0
2025-01-24 23:00:00+00:00,5.0015,12621.9603,5.001,341097.0
2025-01-25 00:00:00+00:00,4.9144,27949.1551,4.915,313685.0
2025-01-25 01:00:00+00:00,4.9629,32645.6006,4.964,202003.0
2025-01-25 02:00:00+00:00,4.9665,19044.4225,4.966,84325.0
2025-01-25 03:00:00+00:00,4.9997,18297.4458,5.005,141867.0
2025-01-25 04:00:00+00:00,4.9534,7808.2502,4.956,152119.0
2025-01-25 05:00:00+00:00,4.941,14517.8565,4.943,90367.0
2025-01-25 06:00:00+00:00,4.9011,25598.2247,4.904,239260.0
2025-01-25 07:00:00+00:00,4.8947,25073.5326,4.891,187253.0
2025-01-25 08:00:00+00:00,4.8946,26288.6069,4.893,167853.0
2025-01-25 09:00:00+00:00,4.8898,16987.5182,4.89,79324.0
2025-01-25 10:00:00+00:00,4.9052,19512.9704,4.901,173968.0
2025-01-25 11:00:00+00:00,4.9346,17978.7585,4.937,180319.0
2025-01-25 12:00:00+00:00,4.9145,12870.4205,4.91,187032.0
2025-01-25 13:00:00+00:00,4.9275,19343.4213,4.926,49810.0
2025-01-25 14:00:00+00:00,4.9177,17269.8472,4.922,254460.0
2025-01-25 15:00:00+00:00,4.9566,27009.9411,4.959,146658.0
2025-01-25 16:00:00+00:00,4.9474,23252.9616,4.944,181496.0
2025-01-25 17:00:00+00:00,4.9468,35092.3371,4.942,164619.0
2025-01-25 18:00:00+00:00,4.962,22378.6713,4.965,102914.0
2025-01-25 19:00:00+00:00,4.9562,15583.8962,4.957,31077.0
2025-01-25 20:00:00+00:00,4.9506,29991.7875,4.947,81399.0
2025-01-25 21:00:00+00:00,4.9649,21248.5494,4.965,113755.0
2025-01-25 22:00:00+00:00,4.9783,13882.7612,4.977,130421.0
2025-01-25 23:00:00+00:00,4.9246,11192.4406,4.923,253095.0
2025-01-26 00:00:00+00:00,4.9522,8708.076,4.953,145576.0
2025-01-26 01:00:00+00:00,4.9634,21811.7544,4.972,107430.0
2025-01-26 02:00:00+00:00,4.9762,14772.4697,4.975,21998.0
2025-01-26 03:00:00+00:00,5.0136,26159.7232,5.018,255432.0
2025-01-26 04:00:00+00:00,5.0898,27838.1452,5.097,184044.0
2025-01-26 05:00:00+00:00,5.0658,20001.4353,5.062,98721.0
2025-01-26 06:00:00+00:00,5.0715,23561.4519,5.073,80215.0
2025-01-26 07:00:00+00:00,5.1005,24171.2691,5.1,130854.0
2025-01-26 08:00:00+00:00,5.0455,35937.3157,5.044,347352.0
2025-01-26 09:00:00+00:00,5.0146,27485.3468,5.004,77756.0
2025-01-26 10:00:00+00:00,5.0054,20293.4294,5.0,226618.0
2025-01-26 11:00:00+00:00,5.0097,23712.6478,5.005,183221.0
2025-01-26 12:00:00+00:00,5.0414,25823.0408,5.045,201022.0
2025-01-26 13:00:00+00:00,5.0058,13627.5793,5.013,30446.0
2025-01-26 14:00:00+00:00,5.0103,17648.5545,5.012,216378.0
2025-01-26 15:00:00+00:00,4.9951,24872.9515,4.993,6378.0
2025-01-26 16:00:00+00:00,4.9828,12431.3911,4.985,27900.0
2025-01-26 17:00:00+00:00,5.0142,12237.4158,5.017,338859.0
2025-01-26 18:00:00+00:00,5.0079,11322.7967,5.009,71229.0
2025-01-26 19:00:00+00:00,5.0156,10136.0177,5.017,18216.0
2025-01-26 20:00:00+00:00,4.9622,12107.4811,4.967,56273.0
2025-01-26 21:00:00+00:00,4.905,27164.9157,4.904,266448.0
2025-01-26 22:00:00+00:00,4.8852,15996.5346,4.888,300816.0
2025-01-26 23:00:00+00:00,4.7587,51338.1529,4.756,1633836.0
2025-01-27 00:00:00+00:00,4.6753,64101.30054445,4.678,715154.0
2025-01-27 01:00:00+00:00,4.6542,41571.6377,4.654,328450.0
2025-01-27 02:00:00+00:00,4.6237,83876.272,4.618,375236.0
2025-01-27 03:00:00+00:00,4.6513,29124.9435,4.644,116508.0
2025-01-27 04:00:00+00:00,4.5803,65359.9585,4.581,142409.0
2025-01-27 05:00:00+00:00,4.5724,47549.853,4.565,203354.0
2025-01-27 06:00:00+00:00,4.5208,71912.29578508,4.52,273545.0
2025-01-27 07:00:00+00:00,4.5094,110435.0147,4.51,828363.0
2025-01-27 08:00:00+00:00,4.4682,63396.7917,4.47,506726.0
2025-01-27 09:00:00+00:00,4.5031,55977.3894,4.505,169485.0
2025-01-27 10:00:00+00:00,4.3969,125445.1638,4.403,269008.0
2025-01-27 11:00:00+00:00,4.4278,76080.0883,4.435,116436.0
2025-01-27 12:00:00+00:00,4.5358,47405.8612,4.541,297001.0
2025-01-27 13:00:00+00:00,4.5155,37421.4201,4.507,261354.0
2025-01-27 14:00:00+00:00,4.6213,39822.819,4.627,306513.0
2025-01-27 15:00:00+00:00,4.6097,35269.90632235,4.609,112176.0
2025-01-27 16:00:00+00:00,4.5157,25712.2292,4.517,266595.0
2025-01-27 17:00:00+00:00,4.4822,35717.3603,4.487,1171616.0
2025-01-27 18:00:00+00:00,4.4377,53411.1797,4.437,128769.0
2025-01-27 19:00:00+00:00,4.4797,43764.7511,4.475,209770.0
2025-01-27 20:00:00+00:00,4.6311,40079.4082,4.632,363244.0
2025-01-27 21:00:00+00:00,4.6209,70125.2453,4.624,4542358.0
2025-01-27 22:00:00+00:00,4.6134,68380.7785,4.618,4085273.0
2025-01-27 23:00:00+00:00,4.6385,13366.9819,4.638,180767.0
2025-01-28 00:00:00+00:00,4.6025,37598.9538,4.606,112615.0
2025-01-28 01:00:00+00:00,4.5805,38361.4965,4.584,48291.0
2025-01-28 02:00:00+00:00,4.6232,25856.6261,4.625,118449.0
2025-01-28 03:00:00+00:00,4.6256,32638.8724,4.633,100726.0
2025-01-28 04:00:00+00:00,4.6512,30923.1525,4.65,136414.0
2025-01-28 05:00:00+00:00,4.6531,37241.4132,4.653,231021.0
2025-01-28 06:00:00+00:00,4.598,21073.3121,4.598,85300.0
2025-01-28 07:00:00+00:00,4.5619,37493.1347,4.561,184850.0
2025-01-28 08:00:00+00:00,4.5721,32940.4727,4.568,1871822.0
2025-01-28 09:00:00+00:00,4.5761,32926.5063,4.574,80159.0
2025-01-28 10:00:00+00:00,4.5789,25235.9758,4.584,113915.0
2025-01-28 11:00:00+00:00,4.5632,20714.0731,4.559,98595.0
2025-01-28 12:00:00+00:00,4.5188,17059.7694,4.519,846584.0
2025-01-28 13:00:00+00:00,4.5389,5066.3681,4.534,851734.0
2025-01-28 14:00:00+00:00,4.5246,10651.3465,4.532,157303.0
2025-01-28 15:00:00+00:00,4.5476,31625.27394983,4.539,629474.0
2025-01-28 16:00:00+00:00,4.4854,23674.6089,4.487,857178.0
2025-01-28 17:00:00+00:00,4.4898,11310.1126,4.494,88696.0
2025-01-28 18:00:00+00:00,4.436,14755.2839,4.437,318924.0
2025-01-28 19:00:00+00:00,4.4461,33301.0023,4.443,86295.0
2025-01-28 20:00:00+00:00,4.3554,27966.0411,4.357,249339.0
2025-01-28 21:00:00+00:00,4.2882,44217.3609,4.285,606142.0
2025-01-28 22:00:00+00:00,4.3106,22554.892,4.312,287922.0
2025-01-28 23:00:00+00:00,4.284,14408.3611,4.283,423660.0
2025-01-29 00:00:00+00:00,4.3104,45367.7198,4.304,220752.0
2025-01-29 01:00:00+00:00,4.3614,44438.147,4.361,68882.0
2025-01-29 02:00:00+00:00,4.3741,28166.6296,4.374,107983.0
2025-01-29 03:00:00+00:00,4.4058,39613.3121,4.408,36644.0
2025-01-29 04:00:00+00:00,4.4087,11950.7877,4.41,31215.0
2025-01-29 05:00:00+00:00,4.4285,6085.7186,4.423,19068.0
2025-01-29 06:00:00+00:00,4.472,39390.8269,4.473,187579.0
2025-01-29 07:00:00+00:00,4.4667,36746.4393,4.474,47032.0
2025-01-29 08:00:00+00:00,4.4493,22942.3889,4.451,32979.0
2025-01-29 09:00:00+00:00,4.4105,29944.0141,4.412,108805.0
2025-01-29 10:00:00+00:00,4.4394,26166.1876,4.434,70578.0
2025-01-29 11:00:00+00:00,4.497,47989.2913,4.498,135856.0
2025-01-29 12:00:00+00:00,4.4439,50581.2948,4.45,199374.0
2025-01-29 13:00:00+00:00,4.3975,31771.2018,4.392,306229.0
2025-01-29 14:00:00+00:00,4.3929,21403.4249,4.393,297777.0
2025-01-29 15:00:00+00:00,4.4006,54165.8697,4.397,274332.0
2025-01-29 16:00:00+00:00,4.357,52089.6859,4.345,232246.0
2025-01-29 17:00:00+00:00,4.3963,14792.92048084,4.394,82927.0
2025-01-29 18:00:00+00:00,4.4557,14647.7057,4.458,111424.0
2025-01-29 19:00:00+00:00,4.4749,117786.158,4.474,3503817.0
2025-01-29 20:00:00+00:00,4.5243,46434.5641,4.521,1151213.0
2025-01-29 21:00:00+00:00,4.5081,33540.4273,4.509,368107.0
2025-01-29 22:00:00+00:00,4.4544,17297.2259,4.46,84934.0
2025-01-29 23:00:00+00:00,4.4185,28596.7472,4.421,186591.0
2025-01-30 00:00:00+00:00,4.441,78669.6875,4.44,358797.0
2025-01-30 01:00:00+00:00,4.487,11819.97382921,4.485,188313.0
2025-01-30 02:00:00+00:00,4.52,13046.0356,4.519,76626.0
2025-01-30 03:00:00+00:00,4.5828,15241.9168,4.585,85502.0
2025-01-30 04:00:00+00:00,4.5923,26941.4406,4.589,204546.0
2025-01-30 05:00:00+00:00,4.5466,24529.3239,4.55,340318.0
2025-01-30 06:00:00+00:00,4.5469,28897.1662,4.545,199133.0
2025-01-30 07:00:00+00:00,4.5423,56551.1559,4.54,321354.0
2025-01-30 08:00:00+00:00,4.5381,39180.5948,4.541,67760.0
2025-01-30 09:00:00+00:00,4.5629,37848.3404,4.567,101451.0
2025-01-30 10:00:00+00:00,4.5849,37631.8539,4.584,173947.0
2025-01-30 11:00:00+00:00,4.57,20184.6425,4.569,70415.0
2025-01-30 12:00:00+00:00,4.5381,6675.6914,4.547,98079.0
2025-01-30 13:00:00+00:00,4.5726,13930.4136,4.576,268374.0
2025-01-30 14:00:00+00:00,4.6274,68458.598,4.627,271955.0
2025-01-30 15:00:00+00:00,4.6197,42486.1372,4.62,248153.0
2025-01-30 16:00:00+00:00,4.6444,12967.727,4.643,201013.0
2025-01-30 17:00:00+00:00,4.6482,28319.0896,4.649,108756.0
2025-01-30 18:00:00+00:00,4.6484,27602.102,4.652,157077.0
2025-01-30 19:00:00+00:00,4.6651,18615.4069,4.667,156888.0
2025-01-30 20:00:00+00:00,4.6243,25855.8921,4.625,364978.0
2025-01-30 21:00:00+00:00,4.6126,19431.4187,4.618,109748.0
2025-01-30 22:00:00+00:00,4.6327,8778.743,4.633,42593.0
2025-01-30 23:00:00+00:00,4.6082,3736.4688,4.609,242921.0
2025-01-31 00:00:00+00:00,4.6157,22007.5111,4.615,200551.0
2025-01-31 01:00:00+00:00,4.6062,18447.7881,4.6,47004.0
2025-01-31 02:00:00+00:00,4.5719,19363.5177,4.572,195551.0
2025-01-31 03:00:00+00:00,4.5855,32450.7513,4.583,369491.0
2025-01-31 04:00:00+00:00,4.5588,32831.9407,4.56,82030.0
2025-01-31 05:00:00+00:00,4.6095,19070.282,4.61,409709.0
2025-01-31 06:00:00+00:00,4.6808,77464.9407,4.679,486773.0
2025-01-31 07:00:00+00:00,4.6496,46821.3511,4.641,195772.0
2025-01-31 08:00:00+00:00,4.6079,26414.4493,4.605,741767.0
2025-01-31 09:00:00+00:00,4.6244,20503.665,4.624,193912.0
2025-01-31 10:00:00+00:00,4.6563,13775.1298,4.656,83379.0
2025-01-31 11:00:00+00:00,4.7148,47704.5395,4.716,647119.0
2025-01-31 12:00:00+00:00,4.7329,35375.9864,4.74,170814.0
2025-01-31 13:00:00+00:00,4.7365,28278.6767,4.736,205664.0
2025-01-31 14:00:00+00:00,4.7223,35497.5718,4.722,189178.0
2025-01-31 15:00:00+00:00,4.8373,51412.8497,4.835,276020.0
2025-01-31 16:00:00+00:00,4.8211,37372.9643,4.824,321233.0
2025-01-31 17:00:00+00:00,4.7571,25892.7048,4.759,149024.0
2025-01-31 18:00:00+00:00,4.6687,54216.2158,4.666,593254.0
2025-01-31 19:00:00+00:00,4.672,27894.8595,4.672,144121.0
2025-01-31 20:00:00+00:00,4.637,27783.2141,4.633,403514.0
2025-01-31 21:00:00+00:00,4.6202,24536.4641,4.62,295989.0
2025-01-31 22:00:00+00:00,4.6207,9174.531,4.617,244063.0
2025-01-31 23:00:00+00:00,4.618,7190.0171,4.62,189362.0
2025-02-01 00:00:00+00:00,4.6494,16764.0613,4.647,181488.0
2025-02-01 01:00:00+00:00,4.6449,23397.4326,4.651,291270.0
2025-02-01 02:00:00+00:00,4.6614,20920.2644,4.664,240013.0
2025-02-01 03:00:00+00:00,4.6227,40544.2264,4.619,168598.0
2025-02-01 04:00:00+00:00,4.6247,16852.6624,4.626,38679.0
2025-02-01 05:00:00+00:00,4.6421,15357.8622,4.643,175784.0
2025-02-01 06:00:00+00:00,4.6111,25419.4264,4.609,207406.0
2025-02-01 07:00:00+00:00,4.588,21393.7036,4.585,321997.0
2025-02-01 08:00:00+00:00,4.5506,41807.4155,4.554,153940.0
2025-02-01 09:00:00+00:00,4.4552,43794.4848,4.452,309288.0
2025-02-01 10:00:00+00:00,4.4495,39767.6439,4.45,179625.0
2025-02-01 11:00:00+00:00,4.4976,32293.4647,4.497,118146.0
2025-02-01 12:00:00+00:00,4.5001,46001.1888,4.503,360357.0
2025-02-01 13:00:00+00:00,4.4497,15735.0518,4.45,91846.0
2025-02-01 14:00:00+00:00,4.4422,12561.5863,4.44,35830.0
2025-02-01 15:00:00+00:00,4.4591,14520.17742898,4.461,175808.0
2025-02-01 16:00:00+00:00,4.4296,20362.0773,4.427,59065.0
2025-02-01 17:00:00+00:00,4.461,20410.1185,4.471,143400.0
2025-02-01 18:00:00+00:00,4.4087,9671.3496,4.411,89603.0
2025-02-01 19:00:00+00:00,4.3439,22319.2723,4.343,244103.0
2025-02-01 20:00:00+00:00,4.312,33457.3519,4.311,506035.0
2025-02-01 21:00:00+00:00,4.3353,29448.5514,4.338,339671.0
2025-02-01 22:00:00+00:00,4.2913,38824.0133,4.296,199436.0
2025-02-01 23:00:00+00:00,4.2575,30086.2337,4.257,810687.0
2025-02-02 00:00:00+00:00,4.3202,18673.4339,4.315,157350.0
2025-02-02 01:00:00+00:00,4.3031,30411.358,4.3,78652.0
2025-02-02 02:00:00+00:00,4.2132,31908.4223,4.208,626566.0
2025-02-02 03:00:00+00:00,4.1156,100704.161,4.113,7030839.0
2025-02-02 04:00:00+00:00,4.1384,89335.6412,4.136,692325.0
2025-02-02 05:00:00+00:00,4.1953,42333.881,4.194,199959.0
2025-02-02 06:00:00+00:00,4.1832,25946.0361,4.177,86198.0
2025-02-02 07:00:00+00:00,4.1489,27366.92,4.152,335790.0
2025-02-02 08:00:00+00:00,4.1931,45153.2098,4.191,484510.0
2025-02-02 09:00:00+00:00,4.1711,52196.5135,4.168,161974.0
2025-02-02 10:00:00+00:00,4.1522,38045.8256,4.157,155774.0
2025-02-02 11:00:00+00:00,4.0737,120857.8105,4.079,748894.0
2025-02-02 12:00:00+00:00,4.0581,99502.9384,4.056,291925.0
2025-02-02 13:00:00+00:00,4.1303,41780.8582,4.128,320703.0
2025-02-02 14:00:00+00:00,4.1047,22713.6539,4.106,305873.0
2025-02-02 15:00:00+00:00,4.0829,53910.7542,4.084,402687.0
2025-02-02 16:00:00+00:00,3.9309,114882.73189541,3.935,960739.0
2025-02-02 17:00:00+00:00,3.7906,284614.2855,3.786,2358313.0
2025-02-02 18:00:00+00:00,3.6721,184156.0121,3.67,2185433.0
2025-02-02 19:00:00+00:00,3.817,189542.6029,3.815,1417324.0
2025-02-02 20:00:00+00:00,3.7872,91924.1748,3.787,519117.0
2025-02-02 21:00:00+00:00,3.7418,77886.827,3.733,154863.0
2025-02-02 22:00:00+00:00,3.7353,153385.42986571,3.734,1683046.0
2025-02-02 23:00:00+00:00,3.7525,166725.8386,3.75,6413813.0
2025-02-03 00:00:00+00:00,3.5989,222850.9399,3.598,2956258.0
2025-02-03 01:00:00+00:00,3.1138,705648.4948,3.112,14636319.0
2025-02-03 02:00:00+00:00,2.9678,641848.23800403,2.971,7987031.0
2025-02-03 03:00:00+00:00,3.135,128723.81406355,3.133,4243925.0
2025-02-03 04:00:00+00:00,3.0543,128429.8243,3.054,4518152.0
2025-02-03 05:00:00+00:00,3.2534,123781.1904,3.252,779837.0
2025-02-03 06:00:00+00:00,3.3294,114419.047,3.326,1131674.0
2025-02-03 07:00:00+00:00,3.4428,107435.2033,3.437,1026420.0
2025-02-03 08:00:00+00:00,3.3617,61643.2745,3.359,860066.0
2025-02-03 09:00:00+00:00,3.3448,34024.7689,3.344,540654.0
2025-02-03 10:00:00+00:00,3.4572,25561.859,3.459,482780.0
2025-02-03 11:00:00+00:00,3.4087,35412.3205,3.404,219832.0
2025-02-03 12:00:00+00:00,3.3848,37899.2281,3.383,339940.0
2025-02-03 13:00:00+00:00,3.3756,57183.5403,3.375,559178.0
2025-02-03 14:00:00+00:00,3.4783,125828.0219,3.48,2212308.0
2025-02-03 15:00:00+00:00,3.5738,97868.6934,3.573,1008749.0
2025-02-03 16:00:00+00:00,3.5964,113427.4092,3.598,1340641.0
2025-02-03 17:00:00+00:00,3.6086,26276.4275,3.606,386291.0
2025-02-03 18:00:00+00:00,3.6427,27838.9906,3.643,243272.0
2025-02-03 19:00:00+00:00,3.7086,51894.4825,3.712,598976.0
2025-02-03 20:00:00+00:00,3.6221,44692.995,3.616,438413.0
2025-02-03 21:00:00+00:00,3.7296,29077.9533,3.72,249100.0
2025-02-03 22:00:00+00:00,3.7726,40612.93659481,3.773,653961.0
2025-02-03 23:00:00+00:00,3.7766,12768.5196,3.772,435138.0
2025-02-04 00:00:00+00:00,3.6931,40000.8536,3.691,216590.0
2025-02-04 01:00:00+00:00,3.7139,52660.0176,3.705,82782.0
2025-02-04 02:00:00+00:00,3.6492,38577.2915,3.651,325730.0
2025-02-04 03:00:00+00:00,3.6479,46173.9075,3.65,141241.0
2025-02-04 04:00:00+00:00,3.6088,59479.1044,3.61,361454.0
2025-02-04 05:00:00+00:00,3.4267,108184.9217,3.426,1208232.0
2025-02-04 06:00:00+00:00,3.4764,75316.9177,3.478,403459.0
2025-02-04 08:00:00+00:00,3.3263,62268.6721,3.326,514422.0
2025-02-04 09:00:00+00:00,3.3204,65097.8407,3.313,263241.0
2025-02-04 10:00:00+00:00,3.4015,45765.1846,3.402,309221.0
2025-02-04 11:00:00+00:00,3.4265,67348.9464,3.422,341792.0
2025-02-04 12:00:00+00:00,3.4963,48852.216,3.499,420694.0
2025-02-04 13:00:00+00:00,3.4851,56207.8263,3.48,205953.0
2025-02-04 14:00:00+00:00,3.5412,72126.1181,3.538,531641.0
2025-02-04 15:00:00+00:00,3.4874,47202.1516,3.487,808594.0
2025-02-04 16:00:00+00:00,3.4887,23973.8584,3.489,433651.0
2025-02-04 17:00:00+00:00,3.488,41542.3826,3.49,702976.0
2025-02-04 18:00:00+00:00,3.5137,21587.8189,3.518,187649.0
2025-02-04 19:00:00+00:00,3.4452,52304.0733,3.449,330761.0
2025-02-04 20:00:00+00:00,3.4067,37311.6788,3.412,836578.0
2025-02-04 21:00:00+00:00,3.2791,128615.3677,3.279,2186115.0
2025-02-04 22:00:00+00:00,3.3885,69028.2803,3.391,1256823.0
2025-02-04 23:00:00+00:00,3.3935,27678.77788352,3.396,260165.0
2025-02-05 00:00:00+00:00,3.3658,59077.3186,3.369,370876.0
2025-02-05 01:00:00+00:00,3.3653,68213.0171,3.369,307443.0
2025-02-05 02:00:00+00:00,3.4075,68813.421,3.407,242049.0
2025-02-05 03:00:00+00:00,3.3973,61296.0305,3.4,146453.0
2025-02-05 04:00:00+00:00,3.3914,51817.8501,3.393,66900.0
2025-02-05 05:00:00+00:00,3.4314,69584.0167,3.433,556355.0
2025-02-05 06:00:00+00:00,3.3818,61489.7563,3.381,234900.0
2025-02-05 07:00:00+00:00,3.4111,55468.1846,3.41,289043.0
2025-02-05 08:00:00+00:00,3.3935,50507.3575,3.392,124579.0
2025-02-05 09:00:00+00:00,3.3838,52874.5828,3.385,115803.0
2025-02-05 10:00:00+00:00,3.4203,74164.9834,3.425,114929.0
2025-02-05 11:00:00+00:00,3.4659,36833.3027,3.461,244564.0
2025-02-05 12:00:00+00:00,3.4314,29723.5848,3.432,106682.0
2025-02-05 13:00:00+00:00,3.4201,37412.0262,3.42,261107.0
2025-02-05 14:00:00+00:00,3.3939,22827.6648,3.394,187436.0
2025-02-05 15:00:00+00:00,3.3864,22517.7734,3.384,471324.0
2025-02-05 16:00:00+00:00,3.3387,22641.4564,3.344,800033.0
2025-02-05 17:00:00+00:00,3.2625,23122.2179,3.263,933018.0
2025-02-05 18:00:00+00:00,3.2568,30562.3927,3.255,280277.0
2025-02-05 19:00:00+00:00,3.3401,23776.2914,3.341,338740.0
2025-02-05 20:00:00+00:00,3.3089,30293.1106,3.31,333232.0
2025-02-05 21:00:00+00:00,3.3081,10950.5473,3.306,163195.0
2025-02-05 22:00:00+00:00,3.2642,13152.5491,3.27,223383.0
2025-02-05 23:00:00+00:00,3.2787,17982.9175,3.279,238006.0
2025-02-06 00:00:00+00:00,3.2563,45530.7005,3.254,76838.0
2025-02-06 01:00:00+00:00,3.2831,65829.1755,3.285,238120.0
2025-02-06 02:00:00+00:00,3.3096,65349.1565,3.309,185681.0
2025-02-06 03:00:00+00:00,3.3033,57933.2465,3.303,175827.0
2025-02-06 04:00:00+00:00,3.3286,63369.0435,3.33,148013.0
2025-02-06 05:00:00+00:00,3.3306,54062.2156,3.337,83565.0
2025-02-06 06:00:00+00:00,3.3737,69135.4255,3.374,217273.0
2025-02-06 07:00:00+00:00,3.3428,52818.5145,3.344,178000.0
2025-02-06 08:00:00+00:00,3.3234,75796.9547,3.323,394222.0
2025-02-06 09:00:00+00:00,3.3651,69207.4562,3.365,311304.0
2025-02-06 10:00:00+00:00,3.3576,64135.92597693,3.357,247653.0
2025-02-06 11:00:00+00:00,3.3326,70257.0508,3.341,295573.0
2025-02-06 12:00:00+00:00,3.2812,74393.8677,3.278,412333.0
2025-02-06 13:00:00+00:00,3.3213,82808.6712,3.322,839189.0
2025-02-06 14:00:00+00:00,3.2559,75709.7836,3.253,636800.0
2025-02-06 15:00:00+00:00,3.1816,109482.5528,3.18,1310729.0
2025-02-06 16:00:00+00:00,3.1547,35596.4505,3.156,606353.0
2025-02-06 17:00:00+00:00,3.1747,36214.5625,3.175,938376.0
2025-02-06 18:00:00+00:00,3.1552,35769.2896,3.156,406401.0
2025-02-06 19:00:00+00:00,3.1491,95222.92,3.151,557988.0
2025-02-06 20:00:00+00:00,3.2035,37752.7476,3.198,165166.0
2025-02-06 21:00:00+00:00,3.1822,24357.2308,3.179,273984.0
2025-02-06 22:00:00+00:00,3.1781,14815.8855,3.178,127299.0
2025-02-06 23:00:00+00:00,3.1442,57558.94135674,3.146,441870.0
2025-02-07 00:00:00+00:00,3.166,44285.616,3.168,493825.0
2025-02-07 01:00:00+00:00,3.242,50162.3157,3.246,242954.0
2025-02-07 02:00:00+00:00,3.2377,47344.5757,3.237,157295.0
2025-02-07 03:00:00+00:00,3.225,42461.1714,3.226,150087.0
2025-02-07 04:00:00+00:00,3.2267,53133.4886,3.224,120635.0
2025-02-07 05:00:00+00:00,3.221,49456.9094,3.218,134882.0
2025-02-07 06:00:00+00:00,3.195,77126.4089,3.194,96393.0
2025-02-07 07:00:00+00:00,3.2085,61408.5736,3.214,156138.0
2025-02-07 08:00:00+00:00,3.2504,66838.5001,3.25,255880.0
2025-02-07 09:00:00+00:00,3.2945,41850.8154,3.295,88026.0
2025-02-07 10:00:00+00:00,3.2777,83198.2674,3.277,71777.0
2025-02-07 11:00:00+00:00,3.289,50471.204,3.289,87721.0
2025-02-07 12:00:00+00:00,3.2766,40312.2487,3.279,77557.0
2025-02-07 13:00:00+00:00,3.3488,72285.427,3.352,836503.0
2025-02-07 14:00:00+00:00,3.3953,45819.9441,3.393,512608.0
2025-02-07 15:00:00+00:00,3.3319,60431.7026,3.33,589909.0
2025-02-07 16:00:00+00:00,3.3019,32969.1656,3.312,355524.0
2025-02-07 17:00:00+00:00,3.2748,27520.7083,3.276,374600.0
2025-02-07 18:00:00+00:00,3.3107,11743.4721,3.313,196571.0
2025-02-07 19:00:00+00:00,3.2757,14031.769,3.277,96509.0
2025-02-07 20:00:00+00:00,3.1611,99242.57329677,3.163,466139.0
2025-02-07 21:00:00+00:00,3.1562,17308.4673,3.155,467329.0
2025-02-07 22:00:00+00:00,3.1388,19582.0977,3.137,392546.0
2025-02-07 23:00:00+00:00,3.2044,17120.9087,3.203,333298.0
2025-02-08 00:00:00+00:00,3.2269,47498.6364,3.224,200952.0
2025-02-08 01:00:00+00:00,3.1881,53128.0508,3.19,60411.0
2025-02-08 02:00:00+00:00,3.2059,48102.8234,3.208,12516.0
2025-02-08 03:00:00+00:00,3.1898,44574.8205,3.19,38503.0
2025-02-08 04:00:00+00:00,3.1795,51459.9393,3.18,21077.0
2025-02-08 05:00:00+00:00,3.2054,74006.7373,3.202,148154.0
2025-02-08 06:00:00+00:00,3.2108,68359.9592,3.202,84404.0
2025-02-08 07:00:00+00:00,3.2547,67665.1455,3.256,71584.0
2025-02-08 08:00:00+00:00,3.2137,57239.9011,3.214,75124.0
2025-02-08 09:00:00+00:00,3.2185,33637.9202,3.219,52246.0
2025-02-08 10:00:00+00:00,3.1928,60901.568,3.187,84313.0
2025-02-08 11:00:00+00:00,3.1884,59622.301,3.19,315390.0
2025-02-08 12:00:00+00:00,3.1666,56570.8137,3.168,475491.0
2025-02-08 13:00:00+00:00,3.1976,61443.2856,3.198,251715.0
2025-02-08 14:00:00+00:00,3.1995,17111.7514,3.198,162030.0
2025-02-08 15:00:00+00:00,3.2268,44810.4557,3.23,645808.0
2025-02-08 16:00:00+00:00,3.2238,25018.0125,3.22,188850.0
2025-02-08 17:00:00+00:00,3.2166,37944.1913,3.215,373909.0
2025-02-08 18:00:00+00:00,3.2164,14391.7732,3.208,135917.0
2025-02-08 19:00:00+00:00,3.2444,37026.6115,3.244,107253.0
2025-02-08 20:00:00+00:00,3.2446,18082.83846992,3.235,42743.0
2025-02-08 21:00:00+00:00,3.2505,9127.4055,3.248,82386.0
2025-02-08 22:00:00+00:00,3.3143,36589.6057,3.311,435689.0
2025-02-08 23:00:00+00:00,3.2861,5075.5274,3.285,170410.0
2025-02-09 00:00:00+00:00,3.2815,49450.4664,3.282,77757.0
2025-02-09 01:00:00+00:00,3.3178,72084.9514,3.311,226540.0
2025-02-09 02:00:00+00:00,3.3066,68183.1237,3.305,68972.0
2025-02-09 03:00:00+00:00,3.3892,78078.2318,3.384,344389.0
2025-02-09 04:00:00+00:00,3.3919,50104.92964748,3.39,297011.0
2025-02-09 05:00:00+00:00,3.3985,74085.3179,3.393,137398.0
2025-02-09 06:00:00+00:00,3.4025,66456.5329,3.401,67461.0
2025-02-09 07:00:00+00:00,3.412,100523.0352,3.41,126608.0
2025-02-09 08:00:00+00:00,3.4522,107166.7987,3.455,351995.0
2025-02-09 09:00:00+00:00,3.3985,94329.0249,3.396,252999.0
2025-02-09 10:00:00+00:00,3.3461,59306.9153,3.345,329694.0
2025-02-09 11:00:00+00:00,3.315,55562.3326,3.314,303913.0
2025-02-09 12:00:00+00:00,3.301,49444.9333,3.305,600434.0
2025-02-09 13:00:00+00:00,3.2387,72655.6053,3.238,755898.0
2025-02-09 14:00:00+00:00,3.2431,71057.9105,3.24,492584.0
2025-02-09 15:00:00+00:00,3.2729,85305.9842,3.272,201547.0
2025-02-09 16:00:00+00:00,3.2732,66197.4802,3.276,66313.0
2025-02-09 17:00:00+00:00,3.2408,66458.2364,3.24,133599.0
2025-02-09 18:00:00+00:00,3.2306,57817.6212,3.23,52271.0
2025-02-09 19:00:00+00:00,3.2002,57346.9308213,3.199,369109.0
2025-02-09 20:00:00+00:00,3.2026,55053.9978,3.197,155016.0
2025-02-09 21:00:00+00:00,3.068,93021.37984312,3.068,782272.0
2025-02-09 22:00:00+00:00,3.1306,66209.2054,3.128,595444.0
2025-02-09 23:00:00+00:00,3.182,13042.4506,3.183,331774.0
2025-02-10 00:00:00+00:00,3.2037,69477.3867,3.197,249782.0
2025-02-10 01:00:00+00:00,3.0897,89949.6844,3.091,391372.0
2025-02-10 02:00:00+00:00,3.094,74674.0935,3.091,252046.0
2025-02-10 03:00:00+00:00,3.1361,82948.3457,3.134,292145.0
2025-02-10 04:00:00+00:00,3.1638,73233.4602,3.162,595708.0
2025-02-10 05:00:00+00:00,3.1894,63266.2652,3.187,455690.0
2025-02-10 06:00:00+00:00,3.1993,49127.6544,3.198,257269.0
2025-02-10 07:00:00+00:00,3.2016,116643.3121,3.203,368804.0
2025-02-10 08:00:00+00:00,3.2268,48933.4744,3.225,337228.0
2025-02-10 09:00:00+00:00,3.2208,40373.4138,3.223,86454.0
2025-02-10 10:00:00+00:00,3.2367,54725.4371,3.236,144745.0
2025-02-10 11:00:00+00:00,3.2426,57294.5046,3.244,45557.0
2025-02-10 12:00:00+00:00,3.2136,39216.7682,3.213,79692.0
2025-02-10 13:00:00+00:00,3.2909,58043.1857,3.288,370322.0
2025-02-10 14:00:00+00:00,3.2308,82007.1,3.233,304318.0
2025-02-10 15:00:00+00:00,3.1814,71547.8981,3.181,267756.0
2025-02-10 16:00:00+00:00,3.221,99358.7451,3.221,508624.0
2025-02-10 17:00:00+00:00,3.2453,71336.356,3.245,276895.0
2025-02-10 18:00:00+00:00,3.2507,78359.0272,3.253,192290.0
2025-02-10 19:00:00+00:00,3.2287,60539.6098,3.223,170640.0
2025-02-10 20:00:00+00:00,3.2416,56343.1823,3.236,71148.0
2025-02-10 21:00:00+00:00,3.2225,48932.0064,3.222,65941.0
2025-02-10 22:00:00+00:00,3.197,41214.281,3.197,123211.0
2025-02-10 23:00:00+00:00,3.2072,18313.6846,3.208,240493.0
2025-02-11 00:00:00+00:00,3.2466,49046.4316,3.247,216927.0
2025-02-11 01:00:00+00:00,3.2685,45297.47701734,3.274,97883.0
2025-02-11 02:00:00+00:00,3.2394,43970.3126,3.239,319713.0
2025-02-11 03:00:00+00:00,3.2386,48658.9332,3.238,138120.0
2025-02-11 04:00:00+00:00,3.2971,57983.9984,3.302,177382.0
2025-02-11 05:00:00+00:00,3.3446,56686.7303,3.349,202028.0
2025-02-11 06:00:00+00:00,3.3716,45727.8919,3.37,317716.0
2025-02-11 07:00:00+00:00,3.3469,47281.0096,3.347,82585.0
2025-02-11 08:00:00+00:00,3.373,71888.258,3.371,187517.0
2025-02-11 09:00:00+00:00,3.3553,53329.3242,3.352,421632.0
2025-02-11 10:00:00+00:00,3.3469,37949.2209,3.349,135501.0
2025-02-11 11:00:00+00:00,3.3749,54947.6171,3.376,289085.0
2025-02-11 12:00:00+00:00,3.3648,45820.3891,3.367,433970.0
2025-02-11 13:00:00+00:00,3.2856,75656.5848,3.285,382855.0
2025-02-11 14:00:00+00:00,3.3364,135621.7177,3.341,286537.0
2025-02-11 15:00:00+00:00,3.3048,35736.785,3.303,196385.0
2025-02-11 16:00:00+00:00,3.2926,23470.8547,3.292,223530.0
2025-02-11 17:00:00+00:00,3.242,39536.9032,3.244,651417.0
2025-02-11 18:00:00+00:00,3.1817,62284.9446,3.18,574159.0
2025-02-11 19:00:00+00:00,3.1457,60618.001,3.148,1086184.0
2025-02-11 20:00:00+00:00,3.1876,39085.2713,3.185,183514.0
2025-02-11 21:00:00+00:00,3.2247,122143.9539,3.225,674351.0
2025-02-11 22:00:00+00:00,3.2054,45042.0782,3.204,339021.0
2025-02-11 23:00:00+00:00,3.203,14946.1223,3.2,235573.0
2025-02-12 00:00:00+00:00,3.2307,36874.9108,3.23,353504.0
2025-02-12 01:00:00+00:00,3.2302,34643.2897,3.226,119031.0
2025-02-12 02:00:00+00:00,3.205,38050.1897,3.205,205294.0
2025-02-12 03:00:00+00:00,3.1923,49883.6153,3.192,243855.0
2025-02-12 04:00:00+00:00,3.2008,52999.4219,3.199,357787.0
2025-02-12 05:00:00+00:00,3.2247,48205.4255,3.227,174874.0
2025-02-12 06:00:00+00:00,3.1905,63477.5701,3.193,65027.0
2025-02-12 07:00:00+00:00,3.2099,91962.6955,3.209,486893.0
2025-02-12 08:00:00+00:00,3.1978,73707.3143,3.198,534041.0
2025-02-12 09:00:00+00:00,3.1958,68945.0186,3.197,413179.0
2025-02-12 10:00:00+00:00,3.1909,51677.5058,3.19,207060.0
2025-02-12 11:00:00+00:00,3.2091,52126.7992,3.21,192466.0
2025-02-12 12:00:00+00:00,3.2283,58714.0237,3.23,389521.0
2025-02-12 13:00:00+00:00,3.1861,213140.6632,3.187,2315825.0
2025-02-12 14:00:00+00:00,3.1821,103871.1547,3.182,1550374.0
2025-02-12 15:00:00+00:00,3.2167,120832.6558,3.213,1814878.0
2025-02-12 16:00:00+00:00,3.3093,41830.2503,3.31,832440.0
2025-02-12 17:00:00+00:00,3.347,30993.4065,3.348,463996.0
2025-02-12 18:00:00+00:00,3.33,15650.1737,3.328,497504.0
2025-02-12 19:00:00+00:00,3.3694,25395.7792,3.371,193487.0
2025-02-12 20:00:00+00:00,3.3981,23357.2506,3.4,466646.0
2025-02-12 21:00:00+00:00,3.3871,11784.4827,3.388,192792.0
2025-02-12 22:00:00+00:00,3.4141,29853.3317,3.422,358159.0
2025-02-12 23:00:00+00:00,3.4304,16744.2471,3.428,210644.0
2025-02-13 00:00:00+00:00,3.3924,35564.3711,3.395,118323.0
2025-02-13 01:00:00+00:00,3.4358,71244.0092,3.436,167749.0
2025-02-13 02:00:00+00:00,3.4039,58498.2522,3.406,55832.0
2025-02-13 03:00:00+00:00,3.4152,45582.89209268,3.411,73322.0
2025-02-13 04:00:00+00:00,3.384,53165.8674,3.384,53691.0
2025-02-13 05:00:00+00:00,3.375,55406.4086,3.372,392577.0
2025-02-13 06:00:00+00:00,3.3182,62052.9481,3.315,940556.0
2025-02-13 07:00:00+00:00,3.3185,49005.1305,3.319,48842.0
2025-02-13 08:00:00+00:00,3.2973,58632.7214,3.294,238776.0
2025-02-13 09:00:00+00:00,3.3258,50947.9766,3.326,125701.0
2025-02-13 10:00:00+00:00,3.3226,46504.0971,3.324,127021.0
2025-02-13 11:00:00+00:00,3.3023,52422.9958,3.302,284289.0
2025-02-13 12:00:00+00:00,3.271,104507.1544,3.271,339604.0
2025-02-13 13:00:00+00:00,3.3,75329.4472,3.306,495662.0
2025-02-13 14:00:00+00:00,3.2894,37903.3198,3.287,569288.0
2025-02-13 15:00:00+00:00,3.3274,27114.6958,3.327,398456.0
2025-02-13 16:00:00+00:00,3.2887,43854.448,3.29,284858.0
2025-02-13 17:00:00+00:00,3.3195,20164.359,3.319,289944.0
2025-02-13 18:00:00+00:00,3.3385,22011.6186,3.337,105488.0
2025-02-13 19:00:00+00:00,3.3291,103419.4466,3.332,311520.0
2025-02-13 20:00:00+00:00,3.3506,24647.1343,3.342,233236.0
2025-02-13 21:00:00+00:00,3.3783,22994.4164,3.378,127283.0
2025-02-13 22:00:00+00:00,3.3628,15802.0699,3.362,85326.0
2025-02-13 23:00:00+00:00,3.3754,11756.6526,3.374,90948.0
2025-02-14 00:00:00+00:00,3.3636,44837.7979,3.364,159537.0
2025-02-14 01:00:00+00:00,3.3647,67671.4418,3.363,74239.0
2025-02-14 02:00:00+00:00,3.3988,51065.7278,3.399,588489.0
2025-02-14 03:00:00+00:00,3.4554,57268.177,3.456,364631.0
2025-02-14 04:00:00+00:00,3.4312,119058.9735,3.43,179547.0
2025-02-14 05:00:00+00:00,3.4045,117405.0087,3.406,243183.0
2025-02-14 06:00:00+00:00,3.4078,39904.0653,3.407,60331.0
2025-02-14 07:00:00+00:00,3.4531,80783.5423,3.454,604010.0
2025-02-14 08:00:00+00:00,3.4812,88997.0741,3.48,418293.0
2025-02-14 09:00:00+00:00,3.5315,140940.2194,3.533,590399.0
2025-02-14 10:00:00+00:00,3.4853,143493.7379,3.483,947117.0
2025-02-14 11:00:00+00:00,3.478,35885.1666,3.479,221715.0
2025-02-14 12:00:00+00:00,3.4723,41307.0811,3.466,262556.0
2025-02-14 13:00:00+00:00,3.5053,61583.375,3.507,116415.0
2025-02-14 14:00:00+00:00,3.543,89357.7871,3.542,199616.0
2025-02-14 15:00:00+00:00,3.5287,82783.3362,3.528,119983.0
2025-02-14 16:00:00+00:00,3.524,59140.2741,3.526,159177.0
2025-02-14 17:00:00+00:00,3.5912,81534.3603,3.596,656220.0
2025-02-14 18:00:00+00:00,3.5828,87300.3542,3.59,570591.0
2025-02-14 19:00:00+00:00,3.5665,66433.1471,3.567,467993.0
2025-02-14 20:00:00+00:00,3.544,50341.0812,3.538,85811.0
2025-02-14 21:00:00+00:00,3.5713,44068.9257,3.571,244120.0
2025-02-14 22:00:00+00:00,3.5308,45420.4869,3.524,197261.0
2025-02-14 23:00:00+00:00,3.5506,24244.6147,3.553,159360.0
2025-02-15 00:00:00+00:00,3.5213,41283.2964,3.521,168474.0
2025-02-15 01:00:00+00:00,3.5484,25467.686,3.549,199694.0
2025-02-15 02:00:00+00:00,3.5828,34461.0271,3.583,127340.0
2025-02-15 03:00:00+00:00,3.5746,48621.5375,3.574,274227.0
2025-02-15 04:00:00+00:00,3.5545,45152.6372,3.556,159554.0
2025-02-15 05:00:00+00:00,3.5627,31191.7535,3.562,94187.0
2025-02-15 06:00:00+00:00,3.524,37438.8338,3.524,141114.0
2025-02-15 07:00:00+00:00,3.5155,40243.5566,3.518,106062.0
2025-02-15 08:00:00+00:00,3.5129,37934.0029,3.514,139353.0
2025-02-15 09:00:00+00:00,3.5008,35467.7285,3.503,118558.0
2025-02-15 10:00:00+00:00,3.4865,42220.1242,3.489,113541.0
2025-02-15 11:00:00+00:00,3.5092,79766.317,3.508,342551.0
2025-02-15 12:00:00+00:00,3.5102,47629.4085,3.512,192552.0
2025-02-15 13:00:00+00:00,3.488,72109.9421,3.488,272938.0
2025-02-15 14:00:00+00:00,3.4334,69347.4315,3.436,416541.0
2025-02-15 15:00:00+00:00,3.4441,44757.4795,3.441,131515.0
2025-02-15 16:00:00+00:00,3.4209,52650.6929,3.421,98065.0
2025-02-15 17:00:00+00:00,3.4107,63396.8942,3.399,124318.0
2025-02-15 18:00:00+00:00,3.4302,40256.5767,3.43,178416.0
2025-02-15 19:00:00+00:00,3.4088,35869.178,3.41,20387.0
2025-02-15 20:00:00+00:00,3.3946,41218.7617,3.395,393828.0
2025-02-15 21:00:00+00:00,3.4063,52467.9862,3.405,327613.0
2025-02-15 22:00:00+00:00,3.3994,55425.9029,3.399,139445.0
2025-02-15 23:00:00+00:00,3.4045,36071.8751,3.406,159915.0
2025-02-16 00:00:00+00:00,3.3997,31689.5223,3.402,126022.0
2025-02-16 01:00:00+00:00,3.3918,54995.752,3.39,305204.0
2025-02-16 02:00:00+00:00,3.4148,63341.87177762,3.412,637415.0
2025-02-16 03:00:00+00:00,3.4011,48549.6925,3.395,207017.0
2025-02-16 04:00:00+00:00,3.4084,33011.4156,3.405,145352.0
2025-02-16 05:00:00+00:00,3.4123,41697.2811,3.412,203635.0
2025-02-16 06:00:00+00:00,3.4045,39677.8893,3.406,141815.0
2025-02-16 07:00:00+00:00,3.3718,45762.215,3.366,789867.0
2025-02-16 08:00:00+00:00,3.4053,40484.8552,3.403,319006.0
2025-02-16 09:00:00+00:00,3.4378,49571.3548,3.439,182296.0
2025-02-16 10:00:00+00:00,3.4829,61419.6556,3.48,401844.0
2025-02-16 11:00:00+00:00,3.5338,87284.6779,3.533,690245.0
2025-02-16 12:00:00+00:00,3.4907,49389.7093,3.489,332798.0
2025-02-16 13:00:00+00:00,3.4549,48846.6864,3.456,149692.0
2025-02-16 14:00:00+00:00,3.481,70581.8887,3.477,201573.0
2025-02-16 15:00:00+00:00,3.4868,18358.36289885,3.486,53365.0
2025-02-16 16:00:00+00:00,3.5003,40683.959,3.502,111552.0
2025-02-16 17:00:00+00:00,3.4818,13200.0663,3.478,238688.0
2025-02-16 18:00:00+00:00,3.4852,19431.8587,3.488,153069.0
2025-02-16 19:00:00+00:00,3.4799,10974.325,3.477,146301.0
2025-02-16 20:00:00+00:00,3.3852,23837.2199,3.385,343104.0
2025-02-16 21:00:00+00:00,3.4454,29104.4944,3.443,199978.0
2025-02-16 22:00:00+00:00,3.4305,7562.7241,3.432,124974.0
2025-02-16 23:00:00+00:00,3.4145,37810.0602,3.416,208164.0
2025-02-17 00:00:00+00:00,3.4534,85062.8332237,3.454,154110.0
2025-02-17 01:00:00+00:00,3.4772,64464.8849,3.478,717736.0
2025-02-17 02:00:00+00:00,3.4534,53978.6596,3.451,461976.0
2025-02-17 03:00:00+00:00,3.4256,39992.2363,3.428,120691.0
2025-02-17 04:00:00+00:00,3.3809,40046.5599,3.382,51448.0
2025-02-17 05:00:00+00:00,3.3936,71527.2862,3.392,742035.0
2025-02-17 06:00:00+00:00,3.4391,54929.7795,3.437,89017.0
2025-02-17 07:00:00+00:00,3.3792,117441.8128,3.383,201151.0
2025-02-17 08:00:00+00:00,3.4191,66412.7411,3.42,55689.0
2025-02-17 09:00:00+00:00,3.4,50569.5588,3.401,102870.0
2025-02-17 10:00:00+00:00,3.3846,55729.1056,3.386,154621.0
2025-02-17 11:00:00+00:00,3.3643,65293.28479554,3.37,261943.0
2025-02-17 12:00:00+00:00,3.3933,84987.0138,3.396,316787.0
2025-02-17 13:00:00+00:00,3.4133,44424.1605,3.412,253840.0
2025-02-17 14:00:00+00:00,3.4805,63598.6757,3.479,341162.0
2025-02-17 15:00:00+00:00,3.3255,62383.2707,3.324,1116337.0
2025-02-17 16:00:00+00:00,3.2867,48633.7682,3.286,1209082.0
2025-02-17 17:00:00+00:00,3.2719,30742.4582,3.273,245849.0
2025-02-17 18:00:00+00:00,3.23,36540.6728,3.231,645237.0
2025-02-17 19:00:00+00:00,3.2547,23390.1064,3.254,154374.0
2025-02-17 20:00:00+00:00,3.2483,22230.662,3.25,125642.0
2025-02-17 21:00:00+00:00,3.3178,22230.9335,3.318,186805.0
2025-02-17 22:00:00+00:00,3.2537,29066.3662,3.253,168335.0
2025-02-17 23:00:00+00:00,3.2595,16903.9438,3.259,150196.0
2025-02-18 00:00:00+00:00,3.2242,62283.8201,3.223,331034.0
2025-02-18 01:00:00+00:00,3.2633,52118.1023,3.261,160221.0
2025-02-18 02:00:00+00:00,3.2483,46735.7958,3.249,53614.0
2025-02-18 03:00:00+00:00,3.2746,54430.6676,3.27,98230.0
2025-02-18 04:00:00+00:00,3.2681,68217.9505,3.267,155175.0
2025-02-18 05:00:00+00:00,3.2033,70414.0635,3.201,414736.0
2025-02-18 06:00:00+00:00,3.1521,69775.2594,3.15,581965.0
2025-02-18 07:00:00+00:00,3.166,51165.3098,3.165,172957.0
2025-02-18 08:00:00+00:00,3.1394,67359.4859,3.14,136460.0
2025-02-18 09:00:00+00:00,3.2045,58279.7662,3.205,225288.0
2025-02-18 10:00:00+00:00,3.1782,43107.8317,3.176,345956.0
2025-02-18 11:00:00+00:00,3.1621,46751.7088,3.156,85411.0
2025-02-18 12:00:00+00:00,3.1906,59681.9001,3.191,114884.0
2025-02-18 13:00:00+00:00,3.1721,53116.4599,3.173,75756.0
2025-02-18 14:00:00+00:00,3.1401,72608.9232,3.138,135148.0
2025-02-18 15:00:00+00:00,3.0801,97271.4936,3.079,550477.0
2025-02-18 16:00:00+00:00,3.0435,105057.3337,3.047,385103.0
2025-02-18 17:00:00+00:00,3.0665,81720.5641,3.062,169220.0
2025-02-18 18:00:00+00:00,3.0815,79340.2398,3.082,130020.0
2025-02-18 19:00:00+00:00,3.092,49619.0237,3.095,107733.0
2025-02-18 20:00:00+00:00,3.0967,15040.3795,3.093,52480.0
2025-02-18 21:00:00+00:00,3.1054,51044.2173,3.1,118555.0
2025-02-18 22:00:00+00:00,3.1172,28356.1391,3.117,42860.0
2025-02-18 23:00:00+00:00,3.1399,16436.8879,3.138,129711.0
2025-02-19 00:00:00+00:00,3.1249,38437.8506,3.123,69992.0
2025-02-19 01:00:00+00:00,3.1054,45983.00949529,3.103,62962.0
2025-02-19 02:00:00+00:00,3.1521,51251.9176,3.149,80505.0
2025-02-19 03:00:00+00:00,3.1366,45486.496,3.13,18602.0
2025-02-19 04:00:00+00:00,3.088,38069.0658,3.088,122434.0
2025-02-19 05:00:00+00:00,3.1136,41766.667,3.113,83762.0
2025-02-19 06:00:00+00:00,3.1018,53862.3773,3.103,186374.0
2025-02-19 07:00:00+00:00,3.1365,48340.1612,3.136,194409.0
2025-02-19 08:00:00+00:00,3.1273,54680.5592,3.127,189849.0
2025-02-19 09:00:00+00:00,3.1523,29156.2851,3.152,166033.0
2025-02-19 10:00:00+00:00,3.1678,26258.9259,3.172,194707.0
2025-02-19 11:00:00+00:00,3.1872,25130.9861,3.187,65768.0
2025-02-19 12:00:00+00:00,3.1493,15949.4695,3.15,105271.0
2025-02-19 13:00:00+00:00,3.171,48802.0753,3.17,186352.0
2025-02-19 14:00:00+00:00,3.115,102133.4611,3.112,524480.0
2025-02-19 15:00:00+00:00,3.1235,40941.1805,3.121,116802.0
2025-02-19 16:00:00+00:00,3.1502,16036.0703,3.15,265270.0
2025-02-19 17:00:00+00:00,3.1416,7599.5025,3.144,56720.0
2025-02-19 18:00:00+00:00,3.1242,70770.7153,3.125,49822.0
2025-02-19 19:00:00+00:00,3.1413,30762.3139,3.14,131515.0
2025-02-19 20:00:00+00:00,3.1387,16996.2672,3.139,83573.0
2025-02-19 21:00:00+00:00,3.1195,11014.0932,3.117,37772.0
2025-02-19 22:00:00+00:00,3.1512,11625.1527,3.153,55435.0
2025-02-19 23:00:00+00:00,3.1578,14314.2149,3.159,53147.0
2025-02-20 00:00:00+00:00,3.1944,36592.0975,3.192,247424.0
2025-02-20 01:00:00+00:00,3.1713,103158.4001,3.169,1188136.0
2025-02-20 02:00:00+00:00,3.2075,216267.1081,3.209,1597754.0
2025-02-20 03:00:00+00:00,3.2032,60805.5023,3.204,185939.0
2025-02-20 04:00:00+00:00,3.2428,82291.4527,3.241,202851.0
2025-02-20 05:00:00+00:00,3.211,181143.6368,3.212,395933.0
2025-02-20 06:00:00+00:00,3.1954,84678.9023,3.2,333116.0
2025-02-20 07:00:00+00:00,3.1933,46498.4073,3.193,226677.0
2025-02-20 08:00:00+00:00,3.2111,47471.5461,3.214,174732.0
2025-02-20 09:00:00+00:00,3.2173,50355.2001,3.215,77160.0
2025-02-20 10:00:00+00:00,3.2639,69370.8829,3.265,213714.0
2025-02-20 11:00:00+00:00,3.2886,66848.7942,3.289,196853.0
2025-02-20 12:00:00+00:00,3.2956,72944.9011,3.295,103376.0
2025-02-20 13:00:00+00:00,3.3042,61935.3655,3.304,148017.0
2025-02-20 14:00:00+00:00,3.2949,110054.1162,3.294,468818.0
2025-02-20 15:00:00+00:00,3.2701,84305.487,3.27,371810.0
2025-02-20 16:00:00+00:00,3.3278,85188.357,3.325,263385.0
2025-02-20 17:00:00+00:00,3.3831,82541.0954,3.383,350052.0
2025-02-20 18:00:00+00:00,3.41,82540.4948,3.408,188163.0
2025-02-20 19:00:00+00:00,3.4415,66119.202,3.442,132170.0
2025-02-20 20:00:00+00:00,3.4605,78663.965,3.463,136913.0
2025-02-20 21:00:00+00:00,3.4263,92216.6582,3.428,134570.0
2025-02-20 22:00:00+00:00,3.4771,74870.5681,3.477,114446.0
2025-02-20 23:00:00+00:00,3.4677,44350.9027,3.467,210473.0
2025-02-21 00:00:00+00:00,3.4366,61055.0591,3.429,205956.0
2025-02-21 01:00:00+00:00,3.4216,58268.059,3.424,34269.0
2025-02-21 02:00:00+00:00,3.4193,60460.9173,3.421,57827.0
2025-02-21 03:00:00+00:00,3.4279,62789.3512,3.427,144762.0
2025-02-21 04:00:00+00:00,3.4826,73613.6605,3.48,332011.0
2025-02-21 05:00:00+00:00,3.4994,72363.7572,3.501,128725.0
2025-02-21 06:00:00+00:00,3.5213,43949.1402,3.523,48709.0
2025-02-21 07:00:00+00:00,3.5402,57624.5801,3.541,164940.0
2025-02-21 08:00:00+00:00,3.554,102589.9336,3.553,324855.0
2025-02-21 09:00:00+00:00,3.5806,103321.0313,3.584,727845.0
2025-02-21 10:00:00+00:00,3.6263,54759.9273,3.625,254068.0
2025-02-21 11:00:00+00:00,3.5617,51621.67308972,3.56,354466.0
2025-02-21 12:00:00+00:00,3.5813,33999.3382,3.578,291382.0
2025-02-21 13:00:00+00:00,3.6142,37188.3184,3.615,287327.0
2025-02-21 14:00:00+00:00,3.5813,85543.2121,3.582,352864.0
2025-02-21 15:00:00+00:00,3.5227,103359.8949,3.528,1079827.0
2025-02-21 16:00:00+00:00,3.4952,97296.246,3.495,856336.0
2025-02-21 17:00:00+00:00,3.383,98272.3195,3.384,534423.0
2025-02-21 18:00:00+00:00,3.3666,59397.8872,3.365,472762.0
2025-02-21 19:00:00+00:00,3.233,94665.9348,3.236,1105524.0
2025-02-21 20:00:00+00:00,3.2527,36363.8591,3.251,262071.0
2025-02-21 21:00:00+00:00,3.2515,37053.1284,3.256,134562.0
2025-02-21 22:00:00+00:00,3.319,73786.03757874,3.319,478192.0
2025-02-21 23:00:00+00:00,3.31,24304.1536,3.307,297417.0
2025-02-22 00:00:00+00:00,3.4206,59965.1318,3.419,538489.0
2025-02-22 01:00:00+00:00,3.3908,107074.9,3.393,135048.0
2025-02-22 02:00:00+00:00,3.386,58330.4607,3.385,465602.0
2025-02-22 03:00:00+00:00,3.4066,62863.6362,3.407,127964.0
2025-02-22 04:00:00+00:00,3.4472,75937.2282,3.448,716354.0
2025-02-22 05:00:00+00:00,3.444,46501.0538,3.441,102471.0
2025-02-22 06:00:00+00:00,3.4411,69478.5712,3.44,377891.0
2025-02-22 07:00:00+00:00,3.4693,89918.2095,3.468,562873.0
2025-02-22 08:00:00+00:00,3.4693,68792.0537,3.471,229523.0
2025-02-22 09:00:00+00:00,3.5438,77674.6928,3.543,504588.0
2025-02-22 10:00:00+00:00,3.6016,97873.087,3.6,428466.0
2025-02-22 11:00:00+00:00,3.588,65296.4825,3.586,382483.0
2025-02-22 12:00:00+00:00,3.5735,64312.1786,3.575,145738.0
2025-02-22 13:00:00+00:00,3.5239,78942.3959,3.525,182118.0
2025-02-22 14:00:00+00:00,3.5273,48592.9478,3.528,148039.0
2025-02-22 15:00:00+00:00,3.5115,43832.2457,3.513,446585.0
2025-02-22 16:00:00+00:00,3.5371,54931.2501,3.537,180295.0
2025-02-22 17:00:00+00:00,3.5593,46266.4969,3.559,120623.0
2025-02-22 18:00:00+00:00,3.5242,88516.502,3.524,672760.0
2025-02-22 19:00:00+00:00,3.4991,44124.0486,3.498,126404.0
2025-02-22 20:00:00+00:00,3.4857,48851.8563,3.486,190725.0
2025-02-22 21:00:00+00:00,3.4714,33729.2564,3.472,568416.0
2025-02-22 22:00:00+00:00,3.4849,24120.3931,3.486,465976.0
2025-02-22 23:00:00+00:00,3.4686,40897.2068,3.47,170909.0
2025-02-23 00:00:00+00:00,3.4794,25476.3885,3.479,113992.0
2025-02-23 01:00:00+00:00,3.4793,40557.952,3.479,830813.0
2025-02-23 02:00:00+00:00,3.4533,40238.9059,3.45,190515.0
2025-02-23 03:00:00+00:00,3.4567,35804.6381,3.454,177053.0
2025-02-23 04:00:00+00:00,3.4557,34870.2481,3.455,253469.0
2025-02-23 05:00:00+00:00,3.4481,32541.2782,3.448,37275.0
2025-02-23 06:00:00+00:00,3.4543,42485.7888,3.454,105092.0
2025-02-23 07:00:00+00:00,3.4816,48583.3624,3.481,89056.0
2025-02-23 08:00:00+00:00,3.4705,39033.4682,3.464,80052.0
2025-02-23 09:00:00+00:00,3.4603,34258.2941,3.464,489146.0
2025-02-23 10:00:00+00:00,3.4555,30287.83,3.458,58424.0
2025-02-23 11:00:00+00:00,3.413,43018.9252,3.414,178327.0
2025-02-23 12:00:00+00:00,3.3865,52837.6846,3.382,174937.0
2025-02-23 13:00:00+00:00,3.3972,37585.4345,3.394,215571.0
2025-02-23 14:00:00+00:00,3.3715,35657.6729,3.37,51845.0
2025-02-23 15:00:00+00:00,3.3548,47082.6925,3.353,261974.0
2025-02-23 16:00:00+00:00,3.371,37783.5363,3.371,57949.0
2025-02-23 17:00:00+00:00,3.4282,54204.6543,3.429,550500.0
2025-02-23 18:00:00+00:00,3.4137,35370.3923,3.413,70261.0
2025-02-23 19:00:00+00:00,3.4295,39804.8082,3.428,142748.0
2025-02-23 20:00:00+00:00,3.4503,25764.0155,3.448,81896.0
2025-02-23 21:00:00+00:00,3.4403,34666.2742,3.44,180697.0
2025-02-23 22:00:00+00:00,3.4151,35280.4583,3.416,238465.0
2025-02-23 23:00:00+00:00,3.4325,65439.4625,3.431,235898.0
2025-02-24 00:00:00+00:00,3.4072,43486.4952,3.409,95663.0
2025-02-24 01:00:00+00:00,3.3654,46114.5878,3.366,165253.0
2025-02-24 02:00:00+00:00,3.3516,54504.0402,3.352,220736.0
2025-02-24 03:00:00+00:00,3.3086,82304.8963,3.307,389111.0
2025-02-24 04:00:00+00:00,3.3064,80277.4065,3.305,582585.0
2025-02-24 05:00:00+00:00,3.3583,73887.2969,3.356,141555.0
2025-02-24 06:00:00+00:00,3.3889,83494.4896,3.387,1129326.0
2025-02-24 07:00:00+00:00,3.3543,47354.1925,3.354,148909.0
2025-02-24 08:00:00+00:00,3.3074,110590.532,3.305,437338.0
2025-02-24 09:00:00+00:00,3.3173,42196.1763,3.318,107889.0
2025-02-24 10:00:00+00:00,3.3058,70376.4438,3.306,407338.0
2025-02-24 11:00:00+00:00,3.3205,62667.0008,3.32,168973.0
2025-02-24 12:00:00+00:00,3.3207,64415.4965,3.32,40671.0
2025-02-24 13:00:00+00:00,3.3167,76895.8256,3.315,126366.0
2025-02-24 14:00:00+00:00,3.2614,53733.21933101,3.261,394357.0
2025-02-24 15:00:00+00:00,3.2758,91372.6068,3.277,853132.0
2025-02-24 16:00:00+00:00,3.2987,23794.305,3.298,149431.0
2025-02-24 17:00:00+00:00,3.2989,17379.4941,3.297,99052.0
2025-02-24 18:00:00+00:00,3.2592,27539.7376,3.258,238049.0
2025-02-24 19:00:00+00:00,3.2358,96053.8047,3.233,203764.0
2025-02-24 20:00:00+00:00,3.2496,32873.5253,3.251,480201.0
2025-02-24 21:00:00+00:00,3.2172,60893.7962,3.216,1026882.0
2025-02-24 22:00:00+00:00,3.068,233216.9876,3.067,1710964.0
2025-02-24 23:00:00+00:00,3.0643,51201.3112,3.064,406557.0
2025-02-25 00:00:00+00:00,3.0263,97458.8449,3.026,1024566.0
2025-02-25 01:00:00+00:00,3.0131,91413.9322,3.012,323862.0
2025-02-25 02:00:00+00:00,3.0572,69211.51370536,3.057,240748.0
2025-02-25 03:00:00+00:00,3.0045,178549.1231,3.002,190821.0
2025-02-25 04:00:00+00:00,2.9762,78689.5069,2.977,285042.0
2025-02-25 05:00:00+00:00,3.0356,80508.046,3.034,321346.0
2025-02-25 06:00:00+00:00,2.9357,87407.0639,2.938,672232.0
2025-02-25 07:00:00+00:00,2.8526,351705.3804,2.848,3413888.0
2025-02-25 08:00:00+00:00,2.9179,101681.098,2.923,985272.0
2025-02-25 09:00:00+00:00,2.8636,115586.9632,2.866,429213.0
2025-02-25 10:00:00+00:00,2.8821,116393.9951,2.88,583594.0
2025-02-25 11:00:00+00:00,2.9573,96903.1867,2.958,357500.0
2025-02-25 12:00:00+00:00,2.9508,90475.6878,2.949,394151.0
2025-02-25 13:00:00+00:00,2.9059,91017.8937,2.908,292914.0
2025-02-25 14:00:00+00:00,2.8554,100264.53736531,2.857,467076.0
2025-02-25 15:00:00+00:00,2.9074,132625.82,2.908,538696.0
2025-02-25 16:00:00+00:00,2.9203,187269.3025,2.921,491994.0
2025-02-25 17:00:00+00:00,2.9103,124282.584,2.908,211884.0
2025-02-25 18:00:00+00:00,2.8903,117024.4743,2.889,185779.0
2025-02-25 19:00:00+00:00,2.9529,109555.4706,2.95,308181.0
2025-02-25 20:00:00+00:00,2.9817,86992.0313,2.981,345273.0
2025-02-25 21:00:00+00:00,3.0073,75474.7004,3.006,102482.0
2025-02-25 22:00:00+00:00,3.0486,64971.893,3.043,230349.0
2025-02-25 23:00:00+00:00,3.0098,53261.7759,3.009,177812.0
2025-02-26 00:00:00+00:00,2.962,68528.91,2.962,164355.0
2025-02-26 01:00:00+00:00,2.9882,59711.9294,2.985,84292.0
2025-02-26 02:00:00+00:00,3.0401,73058.5843,3.041,154238.0
2025-02-26 03:00:00+00:00,3.0542,67654.8248,3.052,70947.0
2025-02-26 04:00:00+00:00,3.0622,68433.0968,3.063,250105.0
2025-02-26 05:00:00+00:00,3.0185,61644.7261,3.018,83321.0
2025-02-26 06:00:00+00:00,3.0421,57333.1964,3.043,219814.0
2025-02-26 07:00:00+00:00,3.0397,64849.9523,3.04,1149116.0
2025-02-26 08:00:00+00:00,3.0307,76635.5179,3.028,167509.0
2025-02-26 09:00:00+00:00,3.0771,78288.3309,3.076,135689.0
2025-02-26 10:00:00+00:00,3.0855,70231.6288,3.084,136251.0
2025-02-26 11:00:00+00:00,3.0425,53256.8805,3.041,207997.0
2025-02-26 12:00:00+00:00,3.0387,75583.4658,3.036,1222199.0
2025-02-26 13:00:00+00:00,3.001,89251.7326,2.998,1193097.0
2025-02-26 14:00:00+00:00,3.0453,136285.135,3.045,1805779.0
2025-02-26 15:00:00+00:00,3.0732,83803.0599,3.071,341456.0
2025-02-26 16:00:00+00:00,3.0469,55734.9466,3.045,340122.0
2025-02-26 17:00:00+00:00,2.9697,44304.1905,2.97,334003.0
2025-02-26 18:00:00+00:00,2.9005,136991.0963,2.9,1035335.0
2025-02-26 19:00:00+00:00,2.9385,65759.1194,2.938,1456414.0
2025-02-26 20:00:00+00:00,3.0128,104976.5321,3.012,536887.0
2025-02-26 21:00:00+00:00,3.0343,53972.3044,3.033,296460.0
2025-02-26 22:00:00+00:00,3.0405,37663.9382,3.039,194272.0
2025-02-26 23:00:00+00:00,3.0227,25192.3863,3.023,1042689.0
2025-02-27 00:00:00+00:00,3.0357,49968.1558,3.044,128112.0
2025-02-27 01:00:00+00:00,3.0867,90277.3804,3.089,281543.0
2025-02-27 02:00:00+00:00,3.0552,93107.3926,3.056,355996.0
2025-02-27 03:00:00+00:00,3.0682,85812.0017,3.07,1075686.0
2025-02-27 04:00:00+00:00,3.0446,65483.1231,3.046,71748.0
2025-02-27 05:00:00+00:00,3.0579,64184.6262,3.059,92354.0
2025-02-27 06:00:00+00:00,3.0753,64354.0891,3.074,143886.0
2025-02-27 07:00:00+00:00,3.0854,60468.224,3.087,71148.0
2025-02-27 08:00:00+00:00,3.0711,54119.5919,3.071,65578.0
2025-02-27 09:00:00+00:00,3.0957,70044.2696,3.095,140483.0
2025-02-27 10:00:00+00:00,3.1667,132818.4209,3.166,321101.0
2025-02-27 11:00:00+00:00,3.1273,65235.2187,3.126,170924.0
2025-02-27 12:00:00+00:00,3.1174,68074.9551,3.118,135944.0
2025-02-27 13:00:00+00:00,3.0971,77417.4723,3.097,281197.0
2025-02-27 14:00:00+00:00,3.0631,46247.3741,3.062,414328.0
2025-02-27 15:00:00+00:00,3.091,58685.4039,3.094,276351.0
2025-02-27 16:00:00+00:00,3.049,46128.6777,3.048,78488.0
2025-02-27 17:00:00+00:00,3.0929,260225.3048,3.092,695670.0
2025-02-27 18:00:00+00:00,3.0832,72858.3064,3.087,105817.0
2025-02-27 19:00:00+00:00,3.0529,55938.7222,3.056,288391.0
2025-02-27 20:00:00+00:00,3.028,55180.6001,3.029,264757.0
2025-02-27 21:00:00+00:00,3.0657,57826.4627,3.068,244491.0
2025-02-27 22:00:00+00:00,3.0539,89165.5585,3.056,226979.0
2025-02-27 23:00:00+00:00,3.0582,57745.8073,3.058,330222.0
2025-02-28 00:00:00+00:00,3.0281,101317.1087,3.03,406422.0
2025-02-28 01:00:00+00:00,2.941,313970.3607,2.94,1365051.0
2025-02-28 02:00:00+00:00,2.9187,251789.3182,2.92,584534.0
2025-02-28 03:00:00+00:00,2.8429,78807.0831,2.844,336340.0
2025-02-28 04:00:00+00:00,2.8348,106092.8618,2.835,451682.0
2025-02-28 05:00:00+00:00,2.8225,171595.4346,2.819,229067.0
2025-02-28 06:00:00+00:00,2.7952,153046.2448,2.796,430663.0
2025-02-28 07:00:00+00:00,2.8131,99025.0143,2.814,206528.0
2025-02-28 08:00:00+00:00,2.8336,200904.3994,2.832,282178.0
2025-02-28 09:00:00+00:00,2.8765,140504.0518,2.875,730265.0
2025-02-28 10:00:00+00:00,2.8165,108314.5806,2.814,114768.0
2025-02-28 11:00:00+00:00,2.8348,121379.5963,2.833,141541.0
2025-02-28 12:00:00+00:00,2.8593,99396.0305,2.86,168077.0
2025-02-28 13:00:00+00:00,2.9322,176677.142,2.933,523691.0
2025-02-28 14:00:00+00:00,2.9647,145205.9115,2.965,486389.0
2025-02-28 15:00:00+00:00,3.0295,140494.11621246,3.027,406016.0
2025-02-28 16:00:00+00:00,3.0374,113218.3558,3.037,306612.0
2025-02-28 17:00:00+00:00,3.0349,103466.921,3.035,127584.0
2025-02-28 18:00:00+00:00,3.0772,110271.0824,3.075,155190.0
2025-02-28 19:00:00+00:00,3.0851,92622.7399,3.083,179036.0
2025-02-28 20:00:00+00:00,3.0693,87871.579,3.071,95440.0
2025-02-28 21:00:00+00:00,3.0915,93930.54,3.091,348208.0
2025-02-28 22:00:00+00:00,3.0718,61586.6358,3.072,84276.0
2025-02-28 23:00:00+00:00,3.0658,42237.3921,3.07,84759.0
2025-03-01 00:00:00+00:00,3.0554,89118.2287,3.055,133866.0
2025-03-01 01:00:00+00:00,3.1346,91423.2025,3.137,285439.0
2025-03-01 02:00:00+00:00,3.1464,96748.3609,3.146,207219.0
2025-03-01 03:00:00+00:00,3.1328,101638.9885,3.129,171951.0
2025-03-01 04:00:00+00:00,3.1644,100512.0277,3.167,139766.0
2025-03-01 05:00:00+00:00,3.1226,78077.2639,3.123,145089.0
2025-03-01 06:00:00+00:00,3.0956,110478.109,3.096,440217.0
2025-03-01 07:00:00+00:00,3.0827,75515.3063,3.082,94062.0
2025-03-01 08:00:00+00:00,3.1058,67623.4576,3.107,74545.0
2025-03-01 09:00:00+00:00,3.1039,73600.7139,3.107,100290.0
2025-03-01 10:00:00+00:00,3.094,105624.1303,3.095,269376.0
2025-03-01 11:00:00+00:00,3.0804,101889.4874,3.081,197431.0
2025-03-01 12:00:00+00:00,3.1186,103542.5479,3.118,325395.0
2025-03-01 13:00:00+00:00,3.0857,105154.1833,3.086,148284.0
2025-03-01 14:00:00+00:00,3.1107,104057.9298,3.11,207250.0
2025-03-01 15:00:00+00:00,3.1217,101197.9457,3.122,204356.0
2025-03-01 16:00:00+00:00,3.1745,131381.4041,3.17,397197.0
2025-03-01 17:00:00+00:00,3.1994,118880.4814,3.201,884958.0
2025-03-01 18:00:00+00:00,3.2412,164444.3398,3.241,481023.0
2025-03-01 19:00:00+00:00,3.2685,214427.2256,3.268,1206985.0
2025-03-01 20:00:00+00:00,3.2629,105343.4464,3.265,383700.0
2025-03-01 21:00:00+00:00,3.2889,115756.0612,3.289,347749.0
2025-03-01 22:00:00+00:00,3.2828,102534.927,3.285,511595.0
2025-03-01 23:00:00+00:00,3.271,68297.6166,3.271,310482.0
2025-03-02 00:00:00+00:00,3.2642,86477.7515,3.263,279623.0
2025-03-02 01:00:00+00:00,3.245,102640.474,3.244,693335.0
2025-03-02 02:00:00+00:00,3.2499,104430.3036,3.244,280642.0
2025-03-02 03:00:00+00:00,3.2203,70675.7485,3.221,197199.0
2025-03-02 04:00:00+00:00,3.2294,71850.4951,3.231,202460.0
2025-03-02 05:00:00+00:00,3.2835,96711.7485,3.28,246928.0
2025-03-02 06:00:00+00:00,3.3017,82557.4684,3.3,181581.0
2025-03-02 07:00:00+00:00,3.2694,82586.8446,3.269,341200.0
2025-03-02 08:00:00+00:00,3.2595,64022.3569,3.256,113588.0
2025-03-02 09:00:00+00:00,3.2676,69619.7367,3.263,270231.0
2025-03-02 10:00:00+00:00,3.271,70178.5092,3.27,152209.0
2025-03-02 11:00:00+00:00,3.2653,56616.6429,3.265,62166.0
2025-03-02 12:00:00+00:00,3.2576,55596.4741,3.258,105627.0
2025-03-02 13:00:00+00:00,3.2185,74014.7636,3.216,375301.0
2025-03-02 14:00:00+00:00,3.1898,82603.2926,3.198,618590.0
2025-03-02 15:00:00+00:00,3.2731,245436.22079117,3.273,1612241.0
2025-03-02 16:00:00+00:00,3.4393,384295.163415,3.44,2039419.0
2025-03-02 17:00:00+00:00,3.4865,239151.5132,3.486,1758744.0
2025-03-02 18:00:00+00:00,3.4504,127646.6213,3.451,591084.0
2025-03-02 19:00:00+00:00,3.4855,109180.4882,3.487,204715.0
2025-03-02 20:00:00+00:00,3.5207,98664.226,3.523,310813.0
2025-03-02 21:00:00+00:00,3.5237,118862.2804,3.523,254459.0
2025-03-02 22:00:00+00:00,3.5311,78473.349,3.531,264266.0
2025-03-02 23:00:00+00:00,3.5542,81937.1137,3.549,455907.0
2025-03-03 00:00:00+00:00,3.4799,124506.8183,3.481,529816.0
2025-03-03 01:00:00+00:00,3.436,84889.5317,3.438,154148.0
2025-03-03 02:00:00+00:00,3.4284,88054.13178371,3.421,121664.0
2025-03-03 03:00:00+00:00,3.3968,97740.3438,3.4,84041.0
2025-03-03 04:00:00+00:00,3.4107,85550.6288,3.412,52597.0
2025-03-03 05:00:00+00:00,3.414,70623.5475,3.413,93489.0
2025-03-03 06:00:00+00:00,3.2978,122101.8675,3.302,715918.0
2025-03-03 07:00:00+00:00,3.3172,124979.5525,3.317,255136.0
2025-03-03 08:00:00+00:00,3.2534,106708.3545,3.253,357880.0
2025-03-03 09:00:00+00:00,3.2739,106840.9518,3.275,264378.0
2025-03-03 10:00:00+00:00,3.3054,96386.582,3.305,164602.0
2025-03-03 11:00:00+00:00,3.3066,98894.71,3.307,400744.0
2025-03-03 12:00:00+00:00,3.3228,219783.7196,3.322,626987.0
2025-03-03 13:00:00+00:00,3.3173,100493.0049,3.317,191230.0
2025-03-03 14:00:00+00:00,3.2198,156193.7975,3.219,580236.0
2025-03-03 15:00:00+00:00,3.2553,231614.7759,3.256,394803.0
2025-03-03 16:00:00+00:00,3.2682,110358.4473,3.271,164058.0
2025-03-03 17:00:00+00:00,3.2569,98597.9527,3.257,168104.0
2025-03-03 18:00:00+00:00,3.1276,212782.1138,3.127,1695887.0
2025-03-03 19:00:00+00:00,2.9512,293126.8346,2.948,4309745.0
2025-03-03 20:00:00+00:00,2.9652,187319.6823,2.962,857719.0
2025-03-03 21:00:00+00:00,2.9593,134804.1757,2.957,383600.0
2025-03-03 22:00:00+00:00,3.0114,98125.4005,3.014,150104.0
2025-03-03 23:00:00+00:00,2.972,53503.372,2.972,269709.0
2025-03-04 00:00:00+00:00,2.9213,116698.4802,2.918,390060.0
2025-03-04 01:00:00+00:00,2.8366,256233.5068,2.835,1522802.0
2025-03-04 02:00:00+00:00,2.8334,207831.143,2.832,1344559.0
2025-03-04 03:00:00+00:00,2.8076,109713.705,2.807,259384.0
2025-03-04 04:00:00+00:00,2.822,147799.2573,2.82,764241.0
2025-03-04 05:00:00+00:00,2.8422,136772.9532,2.841,416363.0
2025-03-04 06:00:00+00:00,2.821,131167.2293,2.821,435980.0
2025-03-04 07:00:00+00:00,2.8219,208016.4925,2.819,885746.0
2025-03-04 08:00:00+00:00,2.8234,110950.5809,2.823,110491.0
2025-03-04 09:00:00+00:00,2.7964,102982.661,2.797,321112.0
2025-03-04 10:00:00+00:00,2.8137,136762.9872,2.809,202066.0
2025-03-04 11:00:00+00:00,2.8163,121175.5022,2.817,272618.0
2025-03-04 12:00:00+00:00,2.8019,125756.2389,2.803,120129.0
2025-03-04 13:00:00+00:00,2.7303,151227.003,2.73,638594.0
2025-03-04 14:00:00+00:00,2.726,228293.2803,2.724,924698.0
2025-03-04 15:00:00+00:00,2.7405,202102.6992,2.734,750888.0
2025-03-04 16:00:00+00:00,2.6636,221212.4902,2.663,1578805.0
2025-03-04 17:00:00+00:00,2.76,227927.5572,2.756,820502.0
2025-03-04 18:00:00+00:00,2.8019,137519.1499,2.802,572919.0
2025-03-04 19:00:00+00:00,2.8454,184023.5012,2.843,870787.0
2025-03-04 20:00:00+00:00,2.8262,136766.4283,2.824,721223.0
2025-03-04 21:00:00+00:00,2.8812,112026.9727,2.876,332808.0
2025-03-04 22:00:00+00:00,2.8152,175477.8686,2.815,395322.0
2025-03-04 23:00:00+00:00,2.8114,66853.7419,2.811,281470.0
2025-03-05 00:00:00+00:00,2.7967,104790.4832,2.797,245560.0
2025-03-05 01:00:00+00:00,2.8485,112895.4448,2.846,309118.0
2025-03-05 02:00:00+00:00,2.8777,131954.8486,2.878,345593.0
2025-03-05 03:00:00+00:00,2.8086,114929.6,2.807,142098.0
2025-03-05 04:00:00+00:00,2.81,93832.7172,2.812,148338.0
2025-03-05 05:00:00+00:00,2.8191,90404.2122,2.819,99896.0
2025-03-05 06:00:00+00:00,2.8123,99384.4245,2.812,163666.0
2025-03-05 07:00:00+00:00,2.831,98880.1864,2.83,217105.0
2025-03-05 08:00:00+00:00,2.8857,136550.0525,2.885,427787.0
2025-03-05 09:00:00+00:00,2.9049,127276.9177,2.903,553199.0
2025-03-05 10:00:00+00:00,2.9244,119156.7778,2.923,545627.0
2025-03-05 11:00:00+00:00,2.8748,93887.0385,2.875,270017.0
2025-03-05 12:00:00+00:00,2.9046,104552.3785,2.903,626458.0
2025-03-05 13:00:00+00:00,2.8782,100748.2023,2.879,269932.0
2025-03-05 14:00:00+00:00,2.8675,156329.256,2.869,586795.0
2025-03-05 15:00:00+00:00,2.8481,175489.3609,2.848,1206706.0
2025-03-05 16:00:00+00:00,2.8555,143539.3875,2.856,844575.0
2025-03-05 17:00:00+00:00,2.8815,142551.1167,2.882,891540.0
2025-03-05 18:00:00+00:00,2.9127,58802.5818,2.913,317420.0
2025-03-05 19:00:00+00:00,2.9646,66568.8952,2.964,936730.0
2025-03-05 20:00:00+00:00,2.9958,65295.6956,2.993,636380.0
2025-03-05 21:00:00+00:00,3.0264,57507.014,3.025,554388.0
2025-03-05 22:00:00+00:00,3.0124,55767.5176,3.011,296977.0
2025-03-05 23:00:00+00:00,2.9894,63038.7159,2.988,243775.0
2025-03-06 00:00:00+00:00,2.976,103037.6256,2.976,70866.0
2025-03-06 01:00:00+00:00,2.9931,161013.6306,2.99,231671.0
2025-03-06 02:00:00+00:00,3.0241,96149.0238,3.025,151918.0
2025-03-06 03:00:00+00:00,3.0569,160918.2553,3.056,179567.0
2025-03-06 04:00:00+00:00,3.0982,108970.4212,3.093,442372.0
2025-03-06 05:00:00+00:00,3.0938,99528.003,3.093,361592.0
2025-03-06 06:00:00+00:00,3.0457,69446.2083,3.048,356671.0
2025-03-06 07:00:00+00:00,3.0058,80767.4704,3.005,209750.0
2025-03-06 08:00:00+00:00,3.076,119736.5577,3.076,491819.0
2025-03-06 09:00:00+00:00,3.088,141378.8383,3.09,261651.0
2025-03-06 10:00:00+00:00,3.1647,117119.4353,3.168,325902.0
2025-03-06 11:00:00+00:00,3.1529,120885.681,3.152,516917.0
2025-03-06 12:00:00+00:00,3.1073,191719.0,3.106,360156.0
2025-03-06 13:00:00+00:00,3.1092,143217.0559,3.108,470006.0
2025-03-06 14:00:00+00:00,3.1315,182322.9602,3.128,469520.0
2025-03-06 15:00:00+00:00,3.2246,195381.3135,3.226,740962.0
2025-03-06 16:00:00+00:00,3.18,152735.47548099,3.179,719536.0
2025-03-06 17:00:00+00:00,3.1339,107697.149,3.136,755111.0
2025-03-06 18:00:00+00:00,3.1102,65310.7747,3.109,553075.0
2025-03-06 19:00:00+00:00,3.09,70785.0754,3.09,202998.0
2025-03-06 20:00:00+00:00,3.1185,55942.8755,3.119,223223.0
2025-03-06 21:00:00+00:00,3.1025,69762.0433,3.102,265802.0
2025-03-06 22:00:00+00:00,3.0923,77108.2972,3.091,337106.0
2025-03-06 23:00:00+00:00,3.0557,51281.5071,3.056,282174.0
2025-03-07 00:00:00+00:00,2.8999,392276.3408,2.899,1781990.0
2025-03-07 01:00:00+00:00,3.0103,191527.7946,3.009,515775.0
2025-03-07 02:00:00+00:00,2.9636,131690.436,2.965,239394.0
2025-03-07 03:00:00+00:00,2.947,100414.0516,2.946,244843.0
2025-03-07 04:00:00+00:00,2.9561,90041.1038,2.957,128806.0
2025-03-07 05:00:00+00:00,2.9893,98895.9141,2.988,234572.0
2025-03-07 06:00:00+00:00,3.0027,90552.3524,3.002,276776.0
2025-03-07 07:00:00+00:00,3.0084,164536.3581,3.008,438423.0
2025-03-07 08:00:00+00:00,2.9727,157980.6156,2.975,637805.0
2025-03-07 09:00:00+00:00,2.9964,129763.4586,2.998,307130.0
2025-03-07 10:00:00+00:00,2.9884,105672.2411,2.985,162682.0
2025-03-07 11:00:00+00:00,3.0115,228403.3299,3.01,1721636.0
2025-03-07 12:00:00+00:00,2.9808,123895.506,2.98,552368.0
2025-03-07 13:00:00+00:00,3.0065,196941.6051,3.005,786790.0
2025-03-07 14:00:00+00:00,3.041,158544.9,3.041,642536.0
2025-03-07 15:00:00+00:00,3.0039,152924.6872,3.005,548823.0
2025-03-07 16:00:00+00:00,2.9454,172415.5562,2.946,544548.0
2025-03-07 17:00:00+00:00,2.9855,121182.3728,2.988,607602.0
2025-03-07 18:00:00+00:00,3.0816,134496.1808,3.081,717632.0
2025-03-07 19:00:00+00:00,3.0296,137814.1239,3.028,445250.0
2025-03-07 20:00:00+00:00,3.0118,129872.2902,3.013,681381.0
2025-03-07 21:00:00+00:00,2.9619,163137.53809942,2.962,801315.0
2025-03-07 22:00:00+00:00,2.9862,110008.8685,2.986,191373.0
2025-03-07 23:00:00+00:00,2.9422,72661.2914,2.941,361251.0
2025-03-08 00:00:00+00:00,2.9504,96398.4488,2.951,199682.0
2025-03-08 01:00:00+00:00,2.9223,127483.6888,2.922,515408.0
2025-03-08 02:00:00+00:00,2.9293,80053.1836,2.929,79279.0
2025-03-08 03:00:00+00:00,2.9189,89800.7484,2.918,176642.0
2025-03-08 04:00:00+00:00,2.9486,85381.4589,2.948,208495.0
2025-03-08 05:00:00+00:00,2.9105,72991.1548,2.911,68845.0
2025-03-08 06:00:00+00:00,2.9141,81461.4607,2.914,106692.0
2025-03-08 07:00:00+00:00,2.8935,94246.0139,2.891,484953.0
2025-03-08 08:00:00+00:00,2.8714,80294.8956,2.872,265464.0
2025-03-08 09:00:00+00:00,2.8523,90338.1186,2.851,239870.0
2025-03-08 10:00:00+00:00,2.8677,82780.7223,2.865,73663.0
2025-03-08 11:00:00+00:00,2.8526,121210.4783,2.849,160266.0
2025-03-08 12:00:00+00:00,2.8765,125228.3456,2.876,246202.0
2025-03-08 13:00:00+00:00,2.9011,105659.5189,2.901,103878.0
2025-03-08 14:00:00+00:00,2.8755,143304.4119,2.875,289284.0
2025-03-08 15:00:00+00:00,2.872,137757.6852,2.873,256246.0
2025-03-08 16:00:00+00:00,2.8595,139274.681,2.859,139984.0
2025-03-08 17:00:00+00:00,2.8918,123528.3477,2.888,88444.0
2025-03-08 18:00:00+00:00,2.8854,85969.1325,2.888,69284.0
2025-03-08 19:00:00+00:00,2.9188,100947.2621,2.915,84706.0
2025-03-08 20:00:00+00:00,2.919,104695.9494,2.919,507056.0
2025-03-08 21:00:00+00:00,2.9232,82257.2851,2.923,81297.0
2025-03-08 22:00:00+00:00,2.9151,79725.2043,2.914,508927.0
2025-03-08 23:00:00+00:00,2.8851,55374.9477,2.882,223900.0
2025-03-09 00:00:00+00:00,2.8848,79583.721,2.886,56441.0
2025-03-09 01:00:00+00:00,2.8654,86246.5617,2.866,97301.0
2025-03-09 02:00:00+00:00,2.8469,94774.6968,2.849,46939.0
2025-03-09 03:00:00+00:00,2.8585,83047.201,2.859,61057.0
2025-03-09 04:00:00+00:00,2.8644,87022.7362,2.867,99451.0
2025-03-09 05:00:00+00:00,2.8525,82530.3642,2.852,177709.0
2025-03-09 06:00:00+00:00,2.8274,90058.8282,2.827,168950.0
2025-03-09 07:00:00+00:00,2.8461,74622.4963,2.847,125393.0
2025-03-09 08:00:00+00:00,2.8131,93140.0085,2.814,97570.0
2025-03-09 09:00:00+00:00,2.8105,88214.1514,2.809,135837.0
2025-03-09 10:00:00+00:00,2.7634,128565.1243,2.763,565567.0
2025-03-09 11:00:00+00:00,2.7702,95195.2853,2.771,501417.0
2025-03-09 12:00:00+00:00,2.7752,99442.05,2.771,255635.0
2025-03-09 13:00:00+00:00,2.7201,114204.5707,2.72,341881.0
2025-03-09 14:00:00+00:00,2.7224,121094.8671,2.724,214138.0
2025-03-09 15:00:00+00:00,2.7195,169509.5812,2.72,397007.0
2025-03-09 16:00:00+00:00,2.6628,157339.0921,2.664,312786.0
2025-03-09 17:00:00+00:00,2.5972,192095.3132,2.599,944166.0
2025-03-09 18:00:00+00:00,2.5718,229647.0535,2.571,2083314.0
2025-03-09 19:00:00+00:00,2.5768,159447.9484,2.577,477501.0
2025-03-09 20:00:00+00:00,2.5762,142916.6286,2.578,252027.0
2025-03-09 21:00:00+00:00,2.5176,157542.3921,2.516,1355946.0
2025-03-09 22:00:00+00:00,2.5289,151283.7241,2.528,834586.0
2025-03-09 23:00:00+00:00,2.5515,136763.7559,2.551,336742.0
2025-03-10 00:00:00+00:00,2.6064,131990.4496,2.606,566477.0
2025-03-10 01:00:00+00:00,2.5701,267909.153,2.567,286190.0
2025-03-10 02:00:00+00:00,2.5602,271042.8508,2.56,388462.0
2025-03-10 03:00:00+00:00,2.5579,131455.5037,2.556,134149.0
2025-03-10 04:00:00+00:00,2.5944,108818.1933,2.596,103539.0
2025-03-10 05:00:00+00:00,2.5843,110323.9021,2.584,148363.0
2025-03-10 06:00:00+00:00,2.574,101454.0589,2.575,56232.0
2025-03-10 07:00:00+00:00,2.5854,109042.5017,2.582,112866.0
2025-03-10 08:00:00+00:00,2.5405,128106.1614,2.541,177358.0
2025-03-10 09:00:00+00:00,2.6002,202733.4356,2.601,570698.0
2025-03-10 10:00:00+00:00,2.5957,148457.3445,2.597,279123.0
2025-03-10 11:00:00+00:00,2.6414,173538.2788,2.647,673896.0
2025-03-10 12:00:00+00:00,2.6475,179610.5205,2.648,715456.0
2025-03-10 13:00:00+00:00,2.5758,183287.1836,2.573,683006.0
2025-03-10 14:00:00+00:00,2.4438,253671.45449999,2.444,2179768.0
2025-03-10 15:00:00+00:00,2.4724,213256.7423,2.471,894919.0
2025-03-10 16:00:00+00:00,2.4308,190724.0127,2.43,473300.0
2025-03-10 17:00:00+00:00,2.3206,304292.51409235,2.324,1718362.0
2025-03-10 18:00:00+00:00,2.2464,249221.5337,2.245,2334444.0
2025-03-10 19:00:00+00:00,2.3316,250807.0841,2.331,1554701.0
2025-03-10 20:00:00+00:00,2.3233,181414.66,2.324,678119.0
2025-03-10 21:00:00+00:00,2.3183,142982.6304,2.318,225425.0
2025-03-10 22:00:00+00:00,2.2983,150153.4996,2.298,270553.0
2025-03-10 23:00:00+00:00,2.2852,139576.4981,2.284,509120.0
2025-03-11 00:00:00+00:00,2.2088,369642.6015,2.209,2501618.0
2025-03-11 01:00:00+00:00,2.2966,238897.9691428,2.295,954346.0
2025-03-11 02:00:00+00:00,2.3369,257594.4117,2.337,1288151.0
2025-03-11 03:00:00+00:00,2.335,166794.3638,2.334,280422.0
2025-03-11 04:00:00+00:00,2.3624,163533.232,2.359,300721.0
2025-03-11 05:00:00+00:00,2.4132,178309.0303,2.41,518240.0
2025-03-11 06:00:00+00:00,2.4029,208308.2929,2.4,212536.0
2025-03-11 07:00:00+00:00,2.4436,182467.2746,2.445,917963.0
2025-03-11 08:00:00+00:00,2.4429,132439.6371,2.44,343030.0
2025-03-11 09:00:00+00:00,2.4477,149764.0815,2.447,231489.0
2025-03-11 10:00:00+00:00,2.4538,164776.4933,2.452,437364.0
2025-03-11 11:00:00+00:00,2.4762,135273.3042,2.477,319462.0
2025-03-11 12:00:00+00:00,2.43,203828.3022,2.429,261554.0
2025-03-11 13:00:00+00:00,2.4546,277005.1791,2.458,1781347.0
2025-03-11 14:00:00+00:00,2.39,218194.2078,2.391,1234160.0
2025-03-11 15:00:00+00:00,2.4837,189510.3714,2.487,840675.0
2025-03-11 16:00:00+00:00,2.4914,269362.2711,2.49,396055.0
2025-03-11 17:00:00+00:00,2.4443,172291.7074,2.443,689432.0
2025-03-11 18:00:00+00:00,2.5439,198765.2186,2.543,782778.0
2025-03-11 19:00:00+00:00,2.5333,130432.5856,2.534,241510.0
2025-03-11 20:00:00+00:00,2.5093,122593.7983,2.513,473558.0
2025-03-11 21:00:00+00:00,2.4977,97934.1622,2.5,272417.0
2025-03-11 22:00:00+00:00,2.4942,119183.6429,2.496,271858.0
2025-03-11 23:00:00+00:00,2.4488,139084.1875,2.45,1885748.0
2025-03-12 00:00:00+00:00,2.4429,114129.567,2.444,312963.0
2025-03-12 01:00:00+00:00,2.4897,139937.8562,2.491,613675.0
2025-03-12 02:00:00+00:00,2.4398,140193.5435,2.44,282828.0
2025-03-12 03:00:00+00:00,2.3914,148751.3224,2.389,379807.0
2025-03-12 04:00:00+00:00,2.3841,189628.5908,2.383,1047418.0
2025-03-12 05:00:00+00:00,2.4134,154796.2338,2.416,662664.0
2025-03-12 06:00:00+00:00,2.4064,114194.9363,2.407,117044.0
2025-03-12 07:00:00+00:00,2.4459,126130.7200002,2.444,330310.0
2025-03-12 08:00:00+00:00,2.473,153974.5007,2.473,428694.0
2025-03-12 09:00:00+00:00,2.4463,163457.7998,2.447,612628.0
2025-03-12 10:00:00+00:00,2.4424,131747.8714,2.444,298417.0
2025-03-12 11:00:00+00:00,2.4805,161703.8978,2.48,752504.0
2025-03-12 12:00:00+00:00,2.5494,287116.3355,2.547,1330931.0
2025-03-12 13:00:00+00:00,2.4701,209645.3688,2.469,1200491.0
2025-03-12 14:00:00+00:00,2.4198,179812.9498,2.418,892081.0
2025-03-12 15:00:00+00:00,2.4592,195781.6184,2.459,832323.0
2025-03-12 16:00:00+00:00,2.5103,182457.7754,2.511,401721.0
2025-03-12 17:00:00+00:00,2.5008,170696.483,2.5,952691.0
2025-03-12 18:00:00+00:00,2.5244,165677.2103,2.525,340475.0
2025-03-12 19:00:00+00:00,2.5335,157490.614,2.535,107973.0
2025-03-12 20:00:00+00:00,2.5414,142115.5203,2.542,257784.0
2025-03-12 21:00:00+00:00,2.5268,124937.647,2.527,506339.0
2025-03-12 22:00:00+00:00,2.5731,173399.7643,2.571,427707.0
2025-03-12 23:00:00+00:00,2.5564,95397.7641,2.556,243539.0
2025-03-13 00:00:00+00:00,2.5336,121492.6137,2.535,204661.0
2025-03-13 01:00:00+00:00,2.5755,175111.0662,2.573,1100797.0
2025-03-13 02:00:00+00:00,2.5678,239923.393,2.567,2143775.0
2025-03-13 03:00:00+00:00,2.5689,133815.1892,2.569,151639.0
2025-03-13 04:00:00+00:00,2.5495,142231.4124,2.548,176831.0
2025-03-13 05:00:00+00:00,2.5332,156183.0155,2.534,295152.0
2025-03-13 06:00:00+00:00,2.5408,143913.5868,2.544,210516.0
2025-03-13 07:00:00+00:00,2.5615,134198.0899,2.563,173296.0
2025-03-13 08:00:00+00:00,2.5591,145447.4286,2.557,202227.0
2025-03-13 09:00:00+00:00,2.6195,145159.9248,2.62,422854.0
2025-03-13 10:00:00+00:00,2.643,184517.5412,2.642,826300.0
2025-03-13 11:00:00+00:00,2.6204,151794.669,2.617,630679.0
2025-03-13 12:00:00+00:00,2.6005,233588.3813,2.6,436871.0
2025-03-13 13:00:00+00:00,2.5587,174202.0787,2.551,391981.0
2025-03-13 14:00:00+00:00,2.5796,226142.2536,2.579,217091.0
2025-03-13 15:00:00+00:00,2.5534,146205.7503,2.552,207058.0
2025-03-13 16:00:00+00:00,2.5251,167886.2904,2.526,163374.0
2025-03-13 17:00:00+00:00,2.488,179963.2731,2.488,989688.0
2025-03-13 18:00:00+00:00,2.53,229292.6222,2.532,935829.0
2025-03-13 19:00:00+00:00,2.5263,125501.5398,2.533,338308.0
2025-03-13 20:00:00+00:00,2.5203,127581.7926,2.526,177209.0
2025-03-13 21:00:00+00:00,2.5343,107308.0666,2.529,933848.0
2025-03-13 22:00:00+00:00,2.576,120688.3408,2.577,806390.0
2025-03-13 23:00:00+00:00,2.5714,78835.6752,2.572,379499.0
2025-03-14 00:00:00+00:00,2.5865,131844.1243,2.587,290437.0
2025-03-14 01:00:00+00:00,2.603,111327.0779,2.601,524203.0
2025-03-14 02:00:00+00:00,2.6542,140390.4487,2.658,651266.0
2025-03-14 03:00:00+00:00,2.6643,119298.6384,2.665,329811.0
2025-03-14 04:00:00+00:00,2.669,92289.4837,2.667,351982.0
2025-03-14 05:00:00+00:00,2.6661,158383.1517,2.665,796023.0
2025-03-14 06:00:00+00:00,2.6225,462556.2988,2.623,4292000.0
2025-03-14 07:00:00+00:00,2.6374,185677.0539,2.637,1482251.0
2025-03-14 08:00:00+00:00,2.6972,280910.6655,2.697,2487987.0
2025-03-14 09:00:00+00:00,2.6736,328827.1868,2.673,2536456.0
2025-03-14 10:00:00+00:00,2.6391,188197.5653,2.64,584258.0
2025-03-14 11:00:00+00:00,2.6469,137664.6353,2.649,430711.0
2025-03-14 12:00:00+00:00,2.6386,145526.41778745,2.637,249804.0
2025-03-14 13:00:00+00:00,2.6527,111360.5914,2.654,529090.0
2025-03-14 14:00:00+00:00,2.6497,188230.3867,2.647,758854.0
2025-03-14 15:00:00+00:00,2.6741,174442.103,2.671,1027039.0
2025-03-14 16:00:00+00:00,2.6698,279361.7109,2.669,358180.0
2025-03-14 17:00:00+00:00,2.6474,173638.9776,2.648,166787.0
2025-03-14 18:00:00+00:00,2.6462,107546.2224,2.648,133603.0
2025-03-14 19:00:00+00:00,2.6411,93982.4086,2.642,101396.0
2025-03-14 20:00:00+00:00,2.6269,118799.7111,2.63,455346.0
2025-03-14 21:00:00+00:00,2.6323,92115.065,2.633,295835.0
2025-03-14 22:00:00+00:00,2.6432,92132.8858,2.643,404882.0
2025-03-14 23:00:00+00:00,2.6082,54192.332,2.607,467970.0
2025-03-15 00:00:00+00:00,2.6204,79881.4178,2.619,324711.0
2025-03-15 01:00:00+00:00,2.616,177583.8795,2.616,86904.0
2025-03-15 02:00:00+00:00,2.6273,136981.1873,2.63,133011.0
2025-03-15 03:00:00+00:00,2.6428,91421.0995,2.635,64028.0
2025-03-15 04:00:00+00:00,2.6693,109744.5656,2.671,163095.0
2025-03-15 05:00:00+00:00,2.6491,156945.2943,2.652,100656.0
2025-03-15 06:00:00+00:00,2.6616,68012.2794,2.667,96748.0
2025-03-15 07:00:00+00:00,2.6339,72825.1918,2.633,151393.0
2025-03-15 08:00:00+00:00,2.6528,98920.2721,2.655,258022.0
2025-03-15 09:00:00+00:00,2.6439,77989.881,2.643,544127.0
2025-03-15 10:00:00+00:00,2.6222,138537.7401,2.624,119835.0
2025-03-15 11:00:00+00:00,2.6312,91818.1495,2.632,146498.0
2025-03-15 12:00:00+00:00,2.6298,93620.8319,2.628,104275.0
2025-03-15 13:00:00+00:00,2.6587,110185.0716,2.658,121702.0
2025-03-15 14:00:00+00:00,2.6391,106813.8596,2.639,95056.0
2025-03-15 15:00:00+00:00,2.6501,95815.7328,2.649,97635.0
2025-03-15 16:00:00+00:00,2.6603,96588.0164,2.659,56952.0
2025-03-15 17:00:00+00:00,2.6623,97221.6485,2.662,96121.0
2025-03-15 18:00:00+00:00,2.6469,102834.4239,2.648,91872.0
2025-03-15 19:00:00+00:00,2.647,103471.4557,2.649,338894.0
2025-03-15 20:00:00+00:00,2.6793,92554.0566,2.68,277362.0
2025-03-15 21:00:00+00:00,2.6835,97926.2573,2.681,200099.0
2025-03-15 22:00:00+00:00,2.6601,104089.6812,2.662,101717.0
2025-03-15 23:00:00+00:00,2.6426,62278.4462,2.643,164391.0
2025-03-16 00:00:00+00:00,2.6304,69815.1322,2.631,202559.0
2025-03-16 01:00:00+00:00,2.61,111473.1809,2.609,272921.0
2025-03-16 02:00:00+00:00,2.6188,125448.4944,2.615,314207.0
2025-03-16 03:00:00+00:00,2.6478,103398.1759,2.647,220202.0
2025-03-16 04:00:00+00:00,2.6426,90261.4694,2.643,63009.0
2025-03-16 05:00:00+00:00,2.6664,91691.1398,2.663,45175.0
2025-03-16 06:00:00+00:00,2.6504,92070.9191,2.651,251740.0
2025-03-16 07:00:00+00:00,2.6553,92959.1014,2.654,58912.0
2025-03-16 08:00:00+00:00,2.6555,142384.6736,2.657,479163.0
2025-03-16 09:00:00+00:00,2.6196,92585.0494,2.619,121507.0
2025-03-16 10:00:00+00:00,2.6059,99298.5318,2.604,90765.0
2025-03-16 11:00:00+00:00,2.5441,256631.6431,2.546,630385.0
2025-03-16 12:00:00+00:00,2.5357,142872.4389,2.536,171633.0
2025-03-16 13:00:00+00:00,2.5082,166476.6502,2.51,301064.0
2025-03-16 14:00:00+00:00,2.5383,131542.2628,2.537,176323.0
2025-03-16 15:00:00+00:00,2.5239,191709.5384,2.526,227191.0
2025-03-16 16:00:00+00:00,2.5741,195273.342,2.573,517010.0
2025-03-16 17:00:00+00:00,2.5627,149156.2194,2.562,419365.0
2025-03-16 18:00:00+00:00,2.5385,137814.503,2.539,786103.0
2025-03-16 19:00:00+00:00,2.5203,160424.8356,2.521,931804.0
2025-03-16 20:00:00+00:00,2.5259,116039.492,2.529,446626.0
2025-03-16 21:00:00+00:00,2.5187,87483.278,2.519,165447.0
2025-03-16 22:00:00+00:00,2.4962,106905.2943,2.496,161912.0
2025-03-16 23:00:00+00:00,2.5155,78177.3905,2.516,392807.0
2025-03-17 00:00:00+00:00,2.5566,101200.5295,2.555,370748.0
2025-03-17 01:00:00+00:00,2.5531,114510.205,2.556,162107.0
2025-03-17 02:00:00+00:00,2.5542,89762.868,2.556,75571.0
2025-03-17 03:00:00+00:00,2.5632,91829.9385,2.564,23844.0
2025-03-17 04:00:00+00:00,2.5567,93136.7259,2.554,78395.0
2025-03-17 05:00:00+00:00,2.5351,100079.1595,2.536,116204.0
2025-03-17 06:00:00+00:00,2.5252,103907.9911,2.525,133931.0
2025-03-17 07:00:00+00:00,2.5553,120816.09,2.554,213547.0
2025-03-17 08:00:00+00:00,2.5637,102706.2718,2.566,188108.0
2025-03-17 09:00:00+00:00,2.5873,99623.8534,2.59,173686.0
2025-03-17 10:00:00+00:00,2.5724,93209.5236,2.576,318574.0
2025-03-17 11:00:00+00:00,2.5694,111447.2113,2.572,108784.0
2025-03-17 12:00:00+00:00,2.5442,215044.5581,2.546,1349392.0
2025-03-17 13:00:00+00:00,2.5412,108060.0996,2.543,229891.0
2025-03-17 14:00:00+00:00,2.5391,157504.8316,2.538,617304.0
2025-03-17 15:00:00+00:00,2.5764,148170.2453,2.577,282339.0
2025-03-17 16:00:00+00:00,2.5763,120064.8179,2.576,121094.0
2025-03-17 17:00:00+00:00,2.6264,145558.7651,2.626,388717.0
2025-03-17 18:00:00+00:00,2.676,140858.4208,2.677,878614.0
2025-03-17 19:00:00+00:00,2.6706,143907.0812,2.67,246066.0
2025-03-17 20:00:00+00:00,2.6459,120144.4551,2.647,377620.0
2025-03-17 21:00:00+00:00,2.6548,105377.1178,2.655,135532.0
2025-03-17 22:00:00+00:00,2.6578,85736.8839,2.662,51345.0
2025-03-17 23:00:00+00:00,2.6373,88073.8908,2.636,428927.0
2025-03-18 00:00:00+00:00,2.6285,89141.0706,2.629,246199.0
2025-03-18 01:00:00+00:00,2.5856,139547.38,2.587,272515.0
2025-03-18 02:00:00+00:00,2.5997,127054.1139,2.603,257689.0
2025-03-18 03:00:00+00:00,2.5509,143724.5289,2.553,504561.0
2025-03-18 04:00:00+00:00,2.5574,101036.9611,2.556,278541.0
2025-03-18 05:00:00+00:00,2.5685,101390.5655,2.565,120328.0
2025-03-18 06:00:00+00:00,2.5313,113718.2931,2.533,400714.0
2025-03-18 07:00:00+00:00,2.5655,110282.3645,2.565,143822.0
2025-03-18 08:00:00+00:00,2.5792,116118.9269,2.582,166535.0
2025-03-18 09:00:00+00:00,2.5533,104516.2582,2.552,133020.0
2025-03-18 10:00:00+00:00,2.5524,111849.928,2.545,82760.0
2025-03-18 11:00:00+00:00,2.5383,115449.1047,2.536,384233.0
2025-03-18 12:00:00+00:00,2.5416,128301.5675,2.538,637775.0
2025-03-18 13:00:00+00:00,2.528,162585.4464,2.528,788410.0
2025-03-18 14:00:00+00:00,2.5653,134530.8726,2.566,364416.0
2025-03-18 15:00:00+00:00,2.5346,111898.8859,2.533,212245.0
2025-03-18 16:00:00+00:00,2.5446,113118.3876,2.544,286656.0
2025-03-18 17:00:00+00:00,2.5078,132069.0151,2.508,324485.0
2025-03-18 18:00:00+00:00,2.5258,112819.1688,2.526,109551.0
2025-03-18 19:00:00+00:00,2.5482,115354.23817188,2.546,66471.0
2025-03-18 20:00:00+00:00,2.5326,111658.4314,2.532,110005.0
2025-03-18 21:00:00+00:00,2.5284,94405.0245,2.529,279079.0
2025-03-18 22:00:00+00:00,2.5601,96696.3375,2.564,72067.0
2025-03-18 23:00:00+00:00,2.5853,88283.3613,2.585,196922.0
2025-03-19 00:00:00+00:00,2.5971,86968.2546,2.594,150927.0
2025-03-19 01:00:00+00:00,2.5651,86413.4407,2.569,133653.0
2025-03-19 02:00:00+00:00,2.5805,77252.4564,2.58,64205.0
2025-03-19 03:00:00+00:00,2.5984,96274.2003,2.598,171645.0
2025-03-19 04:00:00+00:00,2.5904,115969.3002,2.594,98612.0
2025-03-19 05:00:00+00:00,2.5971,99637.2892,2.597,57668.0
2025-03-19 06:00:00+00:00,2.5863,79351.11160961,2.587,26049.0
2025-03-19 07:00:00+00:00,2.5671,93318.358,2.567,88735.0
2025-03-19 08:00:00+00:00,2.5805,107586.5733,2.58,111310.0
2025-03-19 09:00:00+00:00,2.6107,296025.7152,2.61,2406056.0
2025-03-19 10:00:00+00:00,2.6162,278529.7474,2.619,1630813.0
2025-03-19 11:00:00+00:00,2.7227,309260.383,2.719,2571450.0
2025-03-19 12:00:00+00:00,2.7177,175442.1159,2.721,1115401.0
2025-03-19 13:00:00+00:00,2.7386,190485.0602,2.736,987095.0
2025-03-19 14:00:00+00:00,2.7664,242953.76560635,2.772,1403945.0
2025-03-19 15:00:00+00:00,2.786,140567.7778,2.784,769104.0
2025-03-19 16:00:00+00:00,2.7892,129568.9029,2.789,526676.0
2025-03-19 17:00:00+00:00,2.7704,140647.1557,2.768,474003.0
2025-03-19 18:00:00+00:00,2.8057,269291.0009,2.806,2702671.0
2025-03-19 19:00:00+00:00,2.7838,161203.491,2.782,784221.0
2025-03-19 20:00:00+00:00,2.7791,131473.4282,2.779,361394.0
2025-03-19 21:00:00+00:00,2.7729,89522.5307,2.767,376472.0
2025-03-19 22:00:00+00:00,2.7875,106880.9967,2.788,405230.0
2025-03-19 23:00:00+00:00,2.7908,66246.6982,2.791,522000.0
2025-03-20 00:00:00+00:00,2.7592,114588.18228421,2.76,449760.0
2025-03-20 01:00:00+00:00,2.7389,100526.2941,2.741,1195104.0
2025-03-20 02:00:00+00:00,2.7544,95841.3575,2.756,114249.0
2025-03-20 03:00:00+00:00,2.7206,77518.0661,2.723,81580.0
2025-03-20 04:00:00+00:00,2.7226,84447.1066,2.726,128179.0
2025-03-20 05:00:00+00:00,2.7255,133981.0568,2.726,521318.0
2025-03-20 06:00:00+00:00,2.7327,70357.4138,2.735,290428.0
2025-03-20 07:00:00+00:00,2.7323,73575.5313,2.735,206980.0
2025-03-20 08:00:00+00:00,2.7528,70729.4879,2.756,88174.0
2025-03-20 09:00:00+00:00,2.7433,55596.1948,2.739,238585.0
2025-03-20 10:00:00+00:00,2.6971,137905.7816,2.699,995753.0
2025-03-20 11:00:00+00:00,2.7031,89249.5328,2.702,83423.0
2025-03-20 12:00:00+00:00,2.7186,90438.99008762,2.719,161242.0
2025-03-20 13:00:00+00:00,2.7199,110718.0853,2.715,173698.0
2025-03-20 14:00:00+00:00,2.7589,145713.9,2.758,602183.0
2025-03-20 15:00:00+00:00,2.7114,183253.788,2.712,300255.0
2025-03-20 16:00:00+00:00,2.687,173708.9963,2.688,652381.0
2025-03-20 17:00:00+00:00,2.7282,97954.3243,2.726,574520.0
2025-03-20 18:00:00+00:00,2.717,97892.6376,2.715,199229.0
2025-03-20 19:00:00+00:00,2.7199,98020.392,2.724,50914.0
2025-03-20 20:00:00+00:00,2.7413,74626.6651,2.741,71287.0
2025-03-20 21:00:00+00:00,2.7359,52122.4043,2.744,171594.0
2025-03-20 22:00:00+00:00,2.7261,87766.7709,2.721,56001.0
2025-03-20 23:00:00+00:00,2.7413,63070.6017,2.739,175730.0
2025-03-21 00:00:00+00:00,2.7412,80375.1635,2.741,150706.0
2025-03-21 01:00:00+00:00,2.7535,73738.9892,2.754,44425.0
2025-03-21 02:00:00+00:00,2.7405,97709.3655,2.739,50541.0
2025-03-21 03:00:00+00:00,2.723,178277.3901,2.725,552334.0
2025-03-21 04:00:00+00:00,2.7463,143939.9493,2.746,152018.0
2025-03-21 05:00:00+00:00,2.7447,120127.6992,2.744,67979.0
2025-03-21 06:00:00+00:00,2.7531,154249.7887,2.757,142176.0
2025-03-21 07:00:00+00:00,2.7445,150850.5288,2.744,120689.0
2025-03-21 08:00:00+00:00,2.7354,175598.8861,2.735,177093.0
2025-03-21 09:00:00+00:00,2.7232,131015.0635,2.723,99603.0
2025-03-21 10:00:00+00:00,2.7044,186793.8008,2.708,275986.0
2025-03-21 11:00:00+00:00,2.704,141027.2873,2.706,128470.0
2025-03-21 12:00:00+00:00,2.6886,175209.0914,2.686,240981.0
2025-03-21 13:00:00+00:00,2.7108,218407.1722,2.712,141909.0
2025-03-21 14:00:00+00:00,2.714,269440.6387,2.715,92811.0
2025-03-21 15:00:00+00:00,2.7029,100100.0126,2.704,164892.0
2025-03-21 16:00:00+00:00,2.7237,62309.8744,2.722,405271.0
2025-03-21 17:00:00+00:00,2.744,67863.5494,2.745,336273.0
2025-03-21 18:00:00+00:00,2.7557,94845.6315,2.757,327295.0
2025-03-21 19:00:00+00:00,2.7195,97932.0081,2.719,288081.0
2025-03-21 20:00:00+00:00,2.7362,61666.2404,2.737,109798.0
2025-03-21 21:00:00+00:00,2.7459,49530.0484,2.744,149799.0
2025-03-21 22:00:00+00:00,2.723,61840.812,2.724,143738.0
2025-03-21 23:00:00+00:00,2.715,46581.84,2.716,356408.0
2025-03-22 00:00:00+00:00,2.745,90724.942,2.747,174189.0
2025-03-22 01:00:00+00:00,2.7299,99015.0874,2.732,156852.0
2025-03-22 02:00:00+00:00,2.7398,97358.8864,2.74,133741.0
2025-03-22 03:00:00+00:00,2.7357,125119.0745,2.737,95348.0
2025-03-22 04:00:00+00:00,2.736,83561.636,2.735,108747.0
2025-03-22 05:00:00+00:00,2.7417,190076.6611,2.741,112030.0
2025-03-22 06:00:00+00:00,2.7516,122100.9982,2.747,155779.0
2025-03-22 07:00:00+00:00,2.7579,91269.4035,2.758,28517.0
2025-03-22 08:00:00+00:00,2.7689,89771.4902,2.771,134464.0
2025-03-22 09:00:00+00:00,2.7755,105013.7343,2.776,205978.0
2025-03-22 10:00:00+00:00,2.7901,111442.3872,2.791,389854.0
2025-03-22 11:00:00+00:00,2.7811,75560.7288,2.782,238518.0
2025-03-22 12:00:00+00:00,2.7643,185031.6697,2.769,126008.0
2025-03-22 13:00:00+00:00,2.7545,77599.1711,2.754,309430.0
2025-03-22 14:00:00+00:00,2.7272,78471.2167,2.727,130981.0
2025-03-22 15:00:00+00:00,2.7393,100839.5483,2.742,81800.0
2025-03-22 16:00:00+00:00,2.759,124341.2859,2.757,144451.0
2025-03-22 17:00:00+00:00,2.7774,100795.281,2.774,261478.0
2025-03-22 18:00:00+00:00,2.7802,83505.8747,2.781,118925.0
2025-03-22 19:00:00+00:00,2.769,91054.0912,2.77,45762.0
2025-03-22 20:00:00+00:00,2.7551,79695.1661,2.756,104446.0
2025-03-22 21:00:00+00:00,2.7409,83777.7219,2.74,116945.0
2025-03-22 22:00:00+00:00,2.7353,75892.0265,2.737,48172.0
2025-03-22 23:00:00+00:00,2.7314,72855.818,2.733,431223.0
2025-03-23 00:00:00+00:00,2.738,136560.1012,2.738,107755.0
2025-03-23 01:00:00+00:00,2.7607,133861.4978,2.763,218518.0
2025-03-23 02:00:00+00:00,2.7719,142672.3686,2.772,95056.0
2025-03-23 03:00:00+00:00,2.7922,113659.4315,2.789,475370.0
2025-03-23 04:00:00+00:00,2.7737,106137.7544,2.772,202062.0
2025-03-23 05:00:00+00:00,2.781,115607.4774,2.78,311124.0
2025-03-23 06:00:00+00:00,2.7894,108215.5362,2.79,173512.0
2025-03-23 07:00:00+00:00,2.7877,107534.2776,2.788,108594.0
2025-03-23 08:00:00+00:00,2.771,58851.9995,2.771,107851.0
2025-03-23 09:00:00+00:00,2.7752,75039.5633,2.776,251634.0
2025-03-23 10:00:00+00:00,2.777,89279.6151,2.777,57321.0
2025-03-23 11:00:00+00:00,2.7739,144832.6972,2.775,317977.0
2025-03-23 12:00:00+00:00,2.7748,79323.8988,2.776,132180.0
2025-03-23 13:00:00+00:00,2.7881,66034.00531452,2.788,85800.0
2025-03-23 14:00:00+00:00,2.7532,87025.4116,2.754,104713.0
2025-03-23 15:00:00+00:00,2.7593,42101.9071,2.761,78865.0
2025-03-23 16:00:00+00:00,2.7448,47720.098,2.745,119057.0
2025-03-23 17:00:00+00:00,2.7337,58392.5282,2.735,179394.0
2025-03-23 18:00:00+00:00,2.728,56088.4861,2.729,268167.0
2025-03-23 19:00:00+00:00,2.7343,35907.3135,2.734,183244.0
2025-03-23 20:00:00+00:00,2.7252,41889.8501,2.726,149996.0
2025-03-23 21:00:00+00:00,2.7353,47012.2458,2.737,163447.0
2025-03-23 22:00:00+00:00,2.7434,47841.0172,2.744,290051.0
2025-03-23 23:00:00+00:00,2.7788,66247.2487,2.778,139633.0
2025-03-24 00:00:00+00:00,2.794,131636.2049,2.794,468004.0
2025-03-24 01:00:00+00:00,2.7648,179255.1677,2.763,468263.0
2025-03-24 02:00:00+00:00,2.8071,109190.117,2.806,145729.0
2025-03-24 03:00:00+00:00,2.8442,166525.5758,2.845,584878.0
2025-03-24 04:00:00+00:00,2.8704,119546.9449,2.871,539795.0
2025-03-24 05:00:00+00:00,2.8823,115885.5183,2.882,332038.0
2025-03-24 06:00:00+00:00,2.9003,170926.0784,2.902,797135.0
2025-03-24 07:00:00+00:00,2.885,118237.2982,2.884,443196.0
2025-03-24 08:00:00+00:00,2.917,129774.8629,2.917,114373.0
2025-03-24 09:00:00+00:00,2.9314,124994.4797,2.931,133859.0
2025-03-24 10:00:00+00:00,2.9384,166890.6085,2.94,846052.0
2025-03-24 11:00:00+00:00,2.9338,132046.6015,2.934,188481.0
2025-03-24 12:00:00+00:00,2.9565,192498.0292,2.956,899907.0
2025-03-24 13:00:00+00:00,3.006,237432.4238,3.008,1039019.0
2025-03-24 14:00:00+00:00,2.9679,203111.6404,2.966,1104064.0
2025-03-24 15:00:00+00:00,2.971,118453.8393,2.97,442185.0
2025-03-24 16:00:00+00:00,2.9394,150103.8519,2.936,383504.0
2025-03-24 17:00:00+00:00,2.9353,145126.37,2.938,184974.0
2025-03-24 18:00:00+00:00,2.9435,130691.0055,2.944,288860.0
2025-03-24 19:00:00+00:00,2.9395,111022.579,2.942,229864.0
2025-03-24 20:00:00+00:00,2.9309,75054.1793,2.93,74077.0
2025-03-24 21:00:00+00:00,2.9252,66346.8541,2.924,94461.0
2025-03-24 22:00:00+00:00,2.9164,81699.5172,2.914,83250.0
2025-03-24 23:00:00+00:00,2.9213,51993.6621,2.923,216172.0
2025-03-25 00:00:00+00:00,2.9472,74093.528,2.947,201997.0
2025-03-25 01:00:00+00:00,2.9306,110144.5369,2.93,192163.0
2025-03-25 02:00:00+00:00,2.9236,107004.1511,2.923,161464.0
2025-03-25 03:00:00+00:00,2.9105,109183.3984,2.911,282493.0
2025-03-25 04:00:00+00:00,2.9283,94288.9618,2.928,89974.0
2025-03-25 05:00:00+00:00,2.9325,80679.5357,2.933,66018.0
2025-03-25 06:00:00+00:00,2.9278,89971.5706,2.926,75033.0
2025-03-25 07:00:00+00:00,2.9266,96101.173,2.926,48561.0
2025-03-25 08:00:00+00:00,2.9344,66434.2862,2.935,386530.0
2025-03-25 09:00:00+00:00,2.9463,68149.5015,2.947,141192.0
2025-03-25 10:00:00+00:00,2.9573,77377.4647,2.957,186127.0
2025-03-25 11:00:00+00:00,2.9844,133194.2391,2.988,473936.0
2025-03-25 12:00:00+00:00,2.981,132884.4089,2.981,238783.0
2025-03-25 13:00:00+00:00,2.9946,176124.1051,2.996,615937.0
2025-03-25 14:00:00+00:00,3.0041,142065.4823,3.003,302399.0
2025-03-25 15:00:00+00:00,3.014,135666.0986,3.014,443620.0
2025-03-25 16:00:00+00:00,2.9973,116264.5088,2.996,391296.0
2025-03-25 17:00:00+00:00,3.0389,134434.0599,3.04,231993.0
2025-03-25 18:00:00+00:00,3.0503,150726.1151,3.05,375841.0
2025-03-25 19:00:00+00:00,3.0517,90747.5589,3.051,415513.0
2025-03-25 20:00:00+00:00,3.033,177371.9858,3.03,1068724.0
2025-03-25 21:00:00+00:00,3.031,81689.79465651,3.032,198563.0
2025-03-25 22:00:00+00:00,3.0284,70059.3624,3.031,223779.0
2025-03-25 23:00:00+00:00,3.0256,48737.2852,3.026,507652.0
2025-03-26 00:00:00+00:00,3.0289,63820.9851,3.03,222430.0
2025-03-26 01:00:00+00:00,3.0664,74953.5534,3.066,164573.0
2025-03-26 02:00:00+00:00,3.0214,85393.8938,3.023,174441.0
2025-03-26 03:00:00+00:00,3.0217,53104.3125,3.022,181746.0
2025-03-26 04:00:00+00:00,3.0254,66865.2494,3.028,46942.0
2025-03-26 05:00:00+00:00,3.0176,75202.4513,3.017,535747.0
2025-03-26 06:00:00+00:00,3.047,82724.1509,3.047,700220.0
2025-03-26 07:00:00+00:00,3.0616,99941.8825,3.064,143762.0
2025-03-26 09:00:00+00:00,3.026,103520.1701,3.026,859816.0
2025-03-26 10:00:00+00:00,3.0466,88991.9488,3.047,296700.0
2025-03-26 11:00:00+00:00,3.0295,85676.4399,3.031,132934.0
2025-03-26 12:00:00+00:00,3.0418,241852.4529,3.043,1154204.0
2025-03-26 13:00:00+00:00,3.0117,155121.2449,3.013,388838.0
2025-03-26 14:00:00+00:00,3.0018,201282.3219,2.999,1064512.0
2025-03-26 15:00:00+00:00,2.9794,164187.0227,2.976,526824.0
2025-03-26 16:00:00+00:00,2.999,102147.3911,2.998,151417.0
2025-03-26 17:00:00+00:00,2.9716,104142.2761,2.971,162183.0
2025-03-26 18:00:00+00:00,2.9559,210475.6251,2.954,1006885.0
2025-03-26 19:00:00+00:00,2.9821,121643.73686019,2.98,782990.0
2025-03-26 20:00:00+00:00,3.0071,108885.3182,3.005,431309.0
2025-03-26 21:00:00+00:00,3.0036,68356.573,3.005,262513.0
2025-03-26 22:00:00+00:00,2.9904,122589.0056,2.99,161480.0
2025-03-26 23:00:00+00:00,2.9844,77228.2987,2.984,143976.0
2025-03-27 00:00:00+00:00,3.0484,111791.5786,3.049,766945.0
2025-03-27 01:00:00+00:00,3.0553,84677.8499,3.054,85070.0
2025-03-27 02:00:00+00:00,3.0651,97850.2006,3.067,456853.0
2025-03-27 03:00:00+00:00,3.0621,144537.9237,3.063,1185198.0
2025-03-27 04:00:00+00:00,3.06,79768.6818,3.054,39703.0
2025-03-27 05:00:00+00:00,3.0252,118684.2626,3.027,168564.0
2025-03-27 06:00:00+00:00,3.0129,124829.2798,3.012,126417.0
2025-03-27 07:00:00+00:00,2.9959,122930.8226,2.995,573881.0
2025-03-27 08:00:00+00:00,3.0062,156481.0437,3.006,535002.0
2025-03-27 09:00:00+00:00,3.0057,111020.9818,3.006,91997.0
2025-03-27 10:00:00+00:00,3.003,125268.623,3.005,337949.0
2025-03-27 11:00:00+00:00,2.9813,109482.4565,2.983,157282.0
2025-03-27 12:00:00+00:00,2.9813,113871.5399,2.982,200702.0
2025-03-27 13:00:00+00:00,2.9579,153845.8234,2.957,779139.0
2025-03-27 14:00:00+00:00,2.9985,229780.2928,3.0,1749593.0
2025-03-27 15:00:00+00:00,3.0041,146529.2452,3.004,94909.0
2025-03-27 16:00:00+00:00,2.9978,71498.1898,2.996,110791.0
2025-03-27 17:00:00+00:00,3.0076,106841.0855,3.008,82330.0
2025-03-27 18:00:00+00:00,3.0192,120416.8286,3.021,282772.0
2025-03-27 19:00:00+00:00,3.0234,213345.3965,3.022,68915.0
2025-03-27 20:00:00+00:00,3.0312,116539.45147098,3.028,93004.0
2025-03-27 21:00:00+00:00,3.0309,90616.1681,3.032,51431.0
2025-03-27 22:00:00+00:00,3.0119,64188.7222,3.015,65996.0
2025-03-27 23:00:00+00:00,3.0125,58205.9739,3.01,106016.0
2025-03-28 00:00:00+00:00,3.0293,65673.6181,3.028,185198.0
2025-03-28 01:00:00+00:00,3.0221,90944.2286,3.021,53253.0
2025-03-28 02:00:00+00:00,3.0134,69692.5544,3.014,38289.0
2025-03-28 03:00:00+00:00,2.9796,152150.94933004,2.981,1683467.0
2025-03-28 04:00:00+00:00,2.9194,148625.2138,2.917,1162325.0
2025-03-28 05:00:00+00:00,2.8595,116263.8448,2.863,660543.0
2025-03-28 06:00:00+00:00,2.8403,108060.0699,2.842,262459.0
2025-03-28 07:00:00+00:00,2.8148,101870.5954,2.815,972267.0
2025-03-28 08:00:00+00:00,2.7982,87856.4712,2.799,642442.0
2025-03-28 09:00:00+00:00,2.7884,153969.7481,2.789,307567.0
2025-03-28 10:00:00+00:00,2.773,98099.3321,2.773,992377.0
2025-03-28 11:00:00+00:00,2.8035,124976.5156,2.798,515823.0
2025-03-28 12:00:00+00:00,2.7583,169939.6343,2.758,581928.0
2025-03-28 13:00:00+00:00,2.7518,186357.22126006,2.754,831417.0
2025-03-28 14:00:00+00:00,2.7397,213328.2693,2.74,838941.0
2025-03-28 15:00:00+00:00,2.745,162448.8283,2.746,787116.0
2025-03-28 16:00:00+00:00,2.7291,125779.2707,2.732,509336.0
2025-03-28 17:00:00+00:00,2.7322,117076.6212,2.732,362179.0
2025-03-28 18:00:00+00:00,2.7238,193159.44263721,2.724,90496.0
2025-03-28 19:00:00+00:00,2.7044,93720.0244,2.704,289362.0
2025-03-28 20:00:00+00:00,2.6787,163099.7406,2.678,604098.0
2025-03-28 21:00:00+00:00,2.7009,210309.8766,2.703,440515.0
2025-03-28 22:00:00+00:00,2.7369,60850.4607,2.736,369345.0
2025-03-28 23:00:00+00:00,2.7326,62113.6839,2.733,386365.0
2025-03-29 00:00:00+00:00,2.7247,41000.1956,2.727,159579.0
2025-03-29 01:00:00+00:00,2.7241,81102.5157,2.725,158988.0
2025-03-29 02:00:00+00:00,2.7175,74136.5943,2.72,72730.0
2025-03-29 03:00:00+00:00,2.7577,86681.8046,2.758,384848.0
2025-03-29 04:00:00+00:00,2.7431,83183.9051,2.74,75417.0
2025-03-29 05:00:00+00:00,2.7206,70798.5081,2.72,641792.0
2025-03-29 06:00:00+00:00,2.6925,94192.1871,2.695,466570.0
2025-03-29 07:00:00+00:00,2.666,149301.66,2.666,342868.0
2025-03-29 08:00:00+00:00,2.681,95108.3708,2.682,236113.0
2025-03-29 09:00:00+00:00,2.6543,114533.3628,2.656,652404.0
2025-03-29 10:00:00+00:00,2.6312,175368.8879,2.632,1963693.0
2025-03-29 11:00:00+00:00,2.5978,314243.411,2.596,2248674.0
2025-03-29 12:00:00+00:00,2.6111,104444.9944,2.611,160714.0
2025-03-29 13:00:00+00:00,2.6244,80032.5903,2.624,52122.0
2025-03-29 14:00:00+00:00,2.5932,92342.2263,2.594,257151.0
2025-03-29 15:00:00+00:00,2.5772,74415.0769,2.576,420911.0
2025-03-29 16:00:00+00:00,2.5488,99424.9065,2.547,570127.0
2025-03-29 17:00:00+00:00,2.5353,131159.0772,2.536,885751.0
2025-03-29 18:00:00+00:00,2.5316,126452.2177,2.534,449493.0
2025-03-29 19:00:00+00:00,2.5505,106251.6404,2.549,348405.0
2025-03-29 20:00:00+00:00,2.5289,93445.9167,2.53,184098.0
2025-03-29 21:00:00+00:00,2.5548,114879.6323,2.565,314923.0
2025-03-29 22:00:00+00:00,2.5708,78893.7495,2.571,51512.0
2025-03-29 23:00:00+00:00,2.5655,55598.7609,2.566,155240.0
2025-03-30 00:00:00+00:00,2.5744,79669.0779,2.575,221032.0
2025-03-30 01:00:00+00:00,2.6072,104141.234,2.605,287422.0
2025-03-30 02:00:00+00:00,2.6452,87699.4655,2.64,243189.0
2025-03-30 03:00:00+00:00,2.6233,67881.3812,2.623,196503.0
2025-03-30 04:00:00+00:00,2.6272,72831.5496,2.626,77454.0
2025-03-30 05:00:00+00:00,2.6161,55973.1187,2.615,48054.0
2025-03-30 06:00:00+00:00,2.6148,82486.9433,2.614,273984.0
2025-03-30 07:00:00+00:00,2.645,97712.3287,2.645,455817.0
2025-03-30 08:00:00+00:00,2.6604,114470.1656,2.66,123852.0
2025-03-30 09:00:00+00:00,2.6701,83452.3381,2.667,170036.0
2025-03-30 10:00:00+00:00,2.6508,79205.1659,2.651,258856.0
2025-03-30 11:00:00+00:00,2.7211,167186.8601,2.72,1199234.0
2025-03-30 12:00:00+00:00,2.6785,206111.7369,2.681,1923610.0
2025-03-30 13:00:00+00:00,2.6268,160451.4303,2.627,504190.0
2025-03-30 14:00:00+00:00,2.634,125751.6549,2.634,409740.0
2025-03-30 15:00:00+00:00,2.639,129914.9686,2.637,383247.0
2025-03-30 16:00:00+00:00,2.6031,145837.0853,2.606,499351.0
2025-03-30 17:00:00+00:00,2.6083,114734.1269,2.609,297847.0
2025-03-30 18:00:00+00:00,2.6552,135498.4706,2.655,509882.0
2025-03-30 19:00:00+00:00,2.63,87704.0317,2.632,198703.0
2025-03-30 20:00:00+00:00,2.6154,70876.1304,2.617,373845.0
2025-03-30 21:00:00+00:00,2.5995,65668.7573,2.598,642692.0
2025-03-30 22:00:00+00:00,2.5975,130911.5218,2.596,1160422.0
2025-03-30 23:00:00+00:00,2.5924,78683.1282,2.592,215295.0
2025-03-31 00:00:00+00:00,2.5445,217254.92160875,2.547,665312.0
2025-03-31 01:00:00+00:00,2.6055,141487.3292,2.604,200705.0
2025-03-31 02:00:00+00:00,2.5955,121984.1119,2.593,120297.0
2025-03-31 03:00:00+00:00,2.5618,121920.8029,2.56,244826.0
2025-03-31 04:00:00+00:00,2.5781,107208.3047,2.578,172742.0
2025-03-31 05:00:00+00:00,2.5868,122281.3584,2.583,187494.0
2025-03-31 06:00:00+00:00,2.5792,153296.0981,2.579,687895.0
2025-03-31 07:00:00+00:00,2.5491,178664.9488,2.548,635951.0
2025-03-31 08:00:00+00:00,2.5226,127525.6614,2.525,304588.0
2025-03-31 09:00:00+00:00,2.4857,232428.1135,2.487,1052826.0
2025-03-31 10:00:00+00:00,2.5258,224832.3285,2.525,1636303.0
2025-03-31 11:00:00+00:00,2.5379,116927.41308539,2.536,187713.0
2025-03-31 12:00:00+00:00,2.5893,158750.3817,2.59,770818.0
2025-03-31 13:00:00+00:00,2.5423,190750.3601,2.543,463894.0
2025-03-31 14:00:00+00:00,2.6108,167613.6428,2.61,477549.0
2025-03-31 15:00:00+00:00,2.5995,112962.0254,2.6,227584.0
2025-03-31 16:00:00+00:00,2.5814,102468.5301,2.582,234541.0
2025-03-31 17:00:00+00:00,2.5519,159534.9285,2.553,975039.0
2025-03-31 18:00:00+00:00,2.563,136474.2604,2.564,633329.0
2025-03-31 19:00:00+00:00,2.5117,170864.4835,2.51,947283.0
2025-03-31 20:00:00+00:00,2.4976,372342.2661,2.499,465273.0
2025-03-31 21:00:00+00:00,2.5027,119757.4108,2.504,129981.0
2025-03-31 22:00:00+00:00,2.511,79146.1179,2.51,119037.0
2025-03-31 23:00:00+00:00,2.5088,52524.5195,2.511,216563.0
2025-04-01 00:00:00+00:00,2.507,116203.8133,2.506,228749.0
2025-04-01 01:00:00+00:00,2.512,103324.2301,2.512,81295.0
2025-04-01 02:00:00+00:00,2.5606,83824.7547,2.559,191774.0
2025-04-01 03:00:00+00:00,2.5684,86602.1839,2.568,153173.0
2025-04-01 04:00:00+00:00,2.5565,73618.9746,2.556,148904.0
2025-04-01 05:00:00+00:00,2.536,63006.0578,2.537,156886.0
2025-04-01 06:00:00+00:00,2.5664,75285.0621,2.565,139772.0
2025-04-01 07:00:00+00:00,2.5656,86289.6474,2.566,35424.0
2025-04-01 08:00:00+00:00,2.6387,140855.1193,2.639,447905.0
2025-04-01 09:00:00+00:00,2.6349,141845.997,2.635,329074.0
2025-04-01 10:00:00+00:00,2.6399,331626.1811,2.639,1066918.0
2025-04-01 11:00:00+00:00,2.6259,116084.4957,2.627,300356.0
2025-04-01 12:00:00+00:00,2.6079,110198.3143,2.61,353470.0
2025-04-01 13:00:00+00:00,2.6306,269100.7875,2.631,329508.0
2025-04-01 14:00:00+00:00,2.6376,227018.309,2.64,555943.0
2025-04-01 15:00:00+00:00,2.6834,225082.6178,2.684,544450.0
2025-04-01 16:00:00+00:00,2.6728,152545.2709,2.673,331007.0
2025-04-01 17:00:00+00:00,2.6643,119616.1691,2.664,564019.0
2025-04-01 18:00:00+00:00,2.6481,237732.9069,2.649,287844.0
2025-04-01 19:00:00+00:00,2.6709,90553.8416,2.668,137418.0
2025-04-01 20:00:00+00:00,2.6796,114835.8911,2.679,616581.0
2025-04-01 21:00:00+00:00,2.6798,87604.2218,2.681,220062.0
2025-04-01 22:00:00+00:00,2.6639,104619.953,2.664,189575.0
2025-04-01 23:00:00+00:00,2.6495,64091.4283,2.65,256139.0
2025-04-02 00:00:00+00:00,2.6314,73608.9044,2.63,265713.0
2025-04-02 01:00:00+00:00,2.631,80275.0616,2.628,173107.0
2025-04-02 02:00:00+00:00,2.595,149639.9911,2.596,814161.0
2025-04-02 03:00:00+00:00,2.5852,112897.6462,2.589,376545.0
2025-04-02 04:00:00+00:00,2.5717,98720.1538,2.575,177659.0
2025-04-02 05:00:00+00:00,2.5251,134641.2035,2.527,227225.0
2025-04-02 06:00:00+00:00,2.5279,152200.1382,2.527,144716.0
2025-04-02 07:00:00+00:00,2.5426,166764.3604,2.541,347477.0
2025-04-02 08:00:00+00:00,2.5606,119441.8232,2.561,529698.0
2025-04-02 09:00:00+00:00,2.5836,142075.2429,2.581,158557.0
2025-04-02 10:00:00+00:00,2.5725,144676.97508976,2.573,479064.0
2025-04-02 11:00:00+00:00,2.5681,111657.1311,2.567,292717.0
2025-04-02 12:00:00+00:00,2.6059,139696.5531,2.605,133707.0
2025-04-02 13:00:00+00:00,2.596,194653.954,2.596,1250313.0
2025-04-02 14:00:00+00:00,2.6561,240230.7569,2.654,471495.0
2025-04-02 15:00:00+00:00,2.6965,257906.789,2.695,749104.0
2025-04-02 16:00:00+00:00,2.6533,219233.4331,2.648,931510.0
2025-04-02 17:00:00+00:00,2.6292,177755.5055,2.631,426759.0
2025-04-02 18:00:00+00:00,2.6423,135928.4479,2.642,256596.0
2025-04-02 19:00:00+00:00,2.6554,133737.5058,2.654,126002.0
2025-04-02 20:00:00+00:00,2.6232,549200.3783,2.625,2197209.0
2025-04-02 21:00:00+00:00,2.5714,196522.3199,2.569,1440837.0
2025-04-02 22:00:00+00:00,2.4207,362171.00379399,2.423,1719460.0
2025-04-02 23:00:00+00:00,2.4488,131879.6215,2.444,815265.0
2025-04-03 00:00:00+00:00,2.5113,141508.527,2.511,1688607.0
2025-04-03 01:00:00+00:00,2.5311,119104.4088,2.533,384922.0
2025-04-03 02:00:00+00:00,2.5351,148280.8744,2.534,176256.0
2025-04-03 03:00:00+00:00,2.5131,112518.9971,2.512,255576.0
2025-04-03 04:00:00+00:00,2.5354,86205.2546,2.536,131099.0
2025-04-03 05:00:00+00:00,2.5101,72412.507,2.511,79606.0
2025-04-03 06:00:00+00:00,2.4615,104074.8018,2.462,176019.0
2025-04-03 07:00:00+00:00,2.4753,149161.19217298,2.479,209268.0
2025-04-03 08:00:00+00:00,2.4649,146665.4231,2.465,157288.0
2025-04-03 09:00:00+00:00,2.4304,132834.3127,2.43,180401.0
2025-04-03 10:00:00+00:00,2.3917,320556.2023,2.395,913063.0
2025-04-03 11:00:00+00:00,2.3717,244235.2257,2.373,355201.0
2025-04-03 12:00:00+00:00,2.3706,285092.2094,2.37,2801145.0
2025-04-03 13:00:00+00:00,2.4257,240826.7321,2.427,2318741.0
2025-04-03 14:00:00+00:00,2.3798,282693.8526,2.378,790860.0
2025-04-03 15:00:00+00:00,2.402,140330.5704,2.403,328988.0
2025-04-03 16:00:00+00:00,2.4056,122011.3385,2.405,134879.0
2025-04-03 17:00:00+00:00,2.4378,134517.7321,2.44,485719.0
2025-04-03 18:00:00+00:00,2.4638,95009.9283,2.464,487342.0
2025-04-03 19:00:00+00:00,2.4798,153761.2237,2.475,118053.0
2025-04-03 20:00:00+00:00,2.4809,106843.8313,2.479,1143103.0
2025-04-03 21:00:00+00:00,2.4995,119001.3299,2.504,210199.0
2025-04-03 22:00:00+00:00,2.5069,154716.0223,2.506,826751.0
2025-04-03 23:00:00+00:00,2.5081,72295.0464,2.508,281775.0
2025-04-04 00:00:00+00:00,2.4951,135147.3696,2.496,294475.0
2025-04-04 01:00:00+00:00,2.4652,137847.3036,2.469,555780.0
2025-04-04 02:00:00+00:00,2.4912,109874.676,2.492,194680.0
2025-04-04 03:00:00+00:00,2.4806,122781.3965,2.481,90792.0
2025-04-04 04:00:00+00:00,2.4577,119564.2109,2.456,272480.0
2025-04-04 05:00:00+00:00,2.4961,145976.2778,2.496,261033.0
2025-04-04 06:00:00+00:00,2.5056,123316.1704,2.503,202770.0
2025-04-04 07:00:00+00:00,2.5473,144240.483,2.546,372197.0
2025-04-04 08:00:00+00:00,2.5575,191091.5558,2.558,308467.0
2025-04-04 09:00:00+00:00,2.5537,113632.0123,2.559,107394.0
2025-04-04 10:00:00+00:00,2.4548,307515.2878,2.456,584309.0
2025-04-04 11:00:00+00:00,2.4342,139134.2898,2.436,920253.0
2025-04-04 12:00:00+00:00,2.4689,164984.3493,2.469,928900.0
2025-04-04 13:00:00+00:00,2.4742,155305.2279,2.474,811162.0
2025-04-04 14:00:00+00:00,2.4614,158691.99065288,2.462,514711.0
2025-04-04 15:00:00+00:00,2.4631,148702.9214,2.465,868932.0
2025-04-04 16:00:00+00:00,2.4474,155500.1999,2.447,986576.0
2025-04-04 17:00:00+00:00,2.5054,172159.6434,2.503,589368.0
2025-04-04 18:00:00+00:00,2.4846,255472.7392,2.481,870746.0
2025-04-04 19:00:00+00:00,2.493,170066.4518,2.494,206482.0
2025-04-04 20:00:00+00:00,2.4981,205930.8576,2.499,311972.0
2025-04-04 21:00:00+00:00,2.511,124933.5231,2.513,185213.0
2025-04-04 22:00:00+00:00,2.505,73430.3765,2.504,102072.0
2025-04-04 23:00:00+00:00,2.5079,38448.6556,2.507,99177.0
2025-04-05 00:00:00+00:00,2.5166,92018.5757,2.517,77554.0
2025-04-05 01:00:00+00:00,2.5083,95578.8326,2.51,119063.0
2025-04-05 02:00:00+00:00,2.4987,65185.4521,2.5,53747.0
2025-04-05 03:00:00+00:00,2.4957,57734.8677,2.501,11323.0
2025-04-05 04:00:00+00:00,2.4977,47326.5108,2.495,6119.0
2025-04-05 05:00:00+00:00,2.4825,115758.7828,2.483,909321.0
2025-04-05 06:00:00+00:00,2.4702,80777.9473,2.471,93551.0
2025-04-05 07:00:00+00:00,2.484,109962.7454,2.484,45013.0
2025-04-05 08:00:00+00:00,2.4733,86039.7377,2.476,188508.0
2025-04-05 09:00:00+00:00,2.4877,72485.3147,2.487,47413.0
2025-04-05 10:00:00+00:00,2.4746,59528.5571,2.474,40233.0
2025-04-05 11:00:00+00:00,2.4627,77000.3188,2.464,93302.0
2025-04-05 12:00:00+00:00,2.4568,60684.6765,2.455,190523.0
2025-04-05 13:00:00+00:00,2.4352,78199.0914,2.433,80186.0
2025-04-05 14:00:00+00:00,2.4346,177474.8131,2.436,294648.0
2025-04-05 15:00:00+00:00,2.4301,148075.1028,2.431,271924.0
2025-04-05 16:00:00+00:00,2.4293,76974.8161,2.432,134951.0
2025-04-05 17:00:00+00:00,2.4356,65826.11,2.439,42705.0
2025-04-05 18:00:00+00:00,2.4363,88408.5468,2.439,23386.0
2025-04-05 19:00:00+00:00,2.4126,65292.1228,2.414,285757.0
2025-04-05 20:00:00+00:00,2.4209,66675.6267,2.419,143686.0
2025-04-05 21:00:00+00:00,2.4045,206929.0725,2.406,162385.0
2025-04-05 22:00:00+00:00,2.4177,33461.0233,2.419,30497.0
2025-04-05 23:00:00+00:00,2.4419,56666.9959,2.444,259313.0
2025-04-06 00:00:00+00:00,2.444,65744.7558,2.443,106018.0
2025-04-06 01:00:00+00:00,2.4372,74679.3014,2.44,147139.0
2025-04-06 02:00:00+00:00,2.4215,72381.5547,2.422,54242.0
2025-04-06 03:00:00+00:00,2.4208,53425.4035,2.421,283804.0
2025-04-06 04:00:00+00:00,2.4255,43129.6322,2.424,80216.0
2025-04-06 05:00:00+00:00,2.4341,58125.6078,2.432,45393.0
2025-04-06 06:00:00+00:00,2.4115,56691.6378,2.412,77997.0
2025-04-06 07:00:00+00:00,2.3914,97599.159,2.392,136544.0
2025-04-06 08:00:00+00:00,2.4121,66864.7351,2.411,199901.0
2025-04-06 09:00:00+00:00,2.3936,197422.2923,2.392,158673.0
2025-04-06 10:00:00+00:00,2.387,80713.0563,2.386,107504.0
2025-04-06 11:00:00+00:00,2.3909,76742.0808,2.396,416249.0
2025-04-06 12:00:00+00:00,2.3523,137858.2291,2.352,676928.0
2025-04-06 13:00:00+00:00,2.3028,247260.1629,2.304,1012914.0
2025-04-06 14:00:00+00:00,2.3511,204159.9752,2.35,727526.0
2025-04-06 15:00:00+00:00,2.3379,148000.8092,2.336,204621.0
2025-04-06 16:00:00+00:00,2.2977,130419.8482,2.298,286431.0
2025-04-06 17:00:00+00:00,2.2273,476008.81884762,2.227,1530478.0
2025-04-06 18:00:00+00:00,2.1699,487011.3596,2.166,2673810.0
2025-04-06 19:00:00+00:00,2.1882,465324.0834,2.19,753645.0
2025-04-06 20:00:00+00:00,2.1449,379447.6144,2.147,1134201.0
2025-04-06 21:00:00+00:00,2.1485,209822.8476,2.15,692154.0
2025-04-06 22:00:00+00:00,2.1397,378240.7108,2.14,1508296.0
2025-04-06 23:00:00+00:00,2.1623,309452.2458,2.164,1924270.0
2025-04-07 00:00:00+00:00,2.147,233968.8357,2.149,595738.0
2025-04-07 01:00:00+00:00,2.2112,265831.66419642,2.209,1183556.0
2025-04-07 02:00:00+00:00,2.1794,163863.3582,2.178,350435.0
2025-04-07 03:00:00+00:00,2.1216,212038.4832,2.122,981848.0
2025-04-07 04:00:00+00:00,2.1462,303317.1768,2.151,360537.0
2025-04-07 05:00:00+00:00,2.1311,326344.4232,2.128,613672.0
2025-04-07 06:00:00+00:00,1.9998,587678.5364,2.0,3959520.0
2025-04-07 07:00:00+00:00,1.9894,846149.5299,1.991,2407176.0
2025-04-07 08:00:00+00:00,2.0474,575228.4,2.047,1550191.0
2025-04-07 09:00:00+00:00,2.0379,395056.1699,2.038,1781418.0
2025-04-07 10:00:00+00:00,2.0458,323530.8462,2.043,921787.0
2025-04-07 11:00:00+00:00,2.0185,530554.7678,2.018,500339.0
2025-04-07 12:00:00+00:00,2.0636,428216.2378,2.063,1228671.0
2025-04-07 13:00:00+00:00,2.1189,453957.6251,2.118,3352856.0
2025-04-07 14:00:00+00:00,2.1361,779942.856,2.136,5376371.0
2025-04-07 15:00:00+00:00,2.1317,351702.9002,2.132,1441393.0
2025-04-07 16:00:00+00:00,2.0389,458340.0798,2.04,1447853.0
2025-04-07 17:00:00+00:00,2.113,393592.1046,2.113,968885.0
2025-04-07 18:00:00+00:00,2.0893,217945.5282,2.09,397608.0
2025-04-07 19:00:00+00:00,2.089,303915.5617,2.088,613294.0
2025-04-07 20:00:00+00:00,2.1234,415896.0941,2.12,477975.0
2025-04-07 21:00:00+00:00,2.1215,218803.9258,2.118,315710.0
2025-04-07 22:00:00+00:00,2.1405,189944.4986,2.139,344358.0
2025-04-07 23:00:00+00:00,2.1184,144509.67299051,2.117,277209.0
2025-04-08 00:00:00+00:00,2.07,188716.2474,2.072,997947.0
2025-04-08 01:00:00+00:00,2.1419,225061.612,2.141,659814.0
2025-04-08 02:00:00+00:00,2.139,228446.8515,2.141,942204.0
2025-04-08 03:00:00+00:00,2.1194,167610.0755,2.113,305141.0
2025-04-08 04:00:00+00:00,2.155,152702.9326,2.156,382399.0
2025-04-08 05:00:00+00:00,2.1235,164381.632,2.123,824533.0
2025-04-08 06:00:00+00:00,2.0811,237967.978,2.081,471153.0
2025-04-08 07:00:00+00:00,2.0937,139761.8128,2.092,406698.0
2025-04-08 08:00:00+00:00,2.0675,153007.5593,2.067,406238.0
2025-04-08 09:00:00+00:00,2.0718,141537.3253,2.072,292702.0
2025-04-08 10:00:00+00:00,2.0899,152952.4341,2.088,210242.0
2025-04-08 11:00:00+00:00,2.146,246686.7826,2.146,280129.0
2025-04-08 12:00:00+00:00,2.118,232977.0525,2.12,300040.0
2025-04-08 13:00:00+00:00,2.1157,266527.5223,2.118,1031818.0
2025-04-08 14:00:00+00:00,2.0599,401570.2796,2.06,1903837.0
2025-04-08 15:00:00+00:00,2.0696,299579.2971,2.071,871205.0
2025-04-08 16:00:00+00:00,2.0071,415045.0421,2.008,1703254.0
2025-04-08 17:00:00+00:00,1.9451,766388.6582,1.945,1991392.0
2025-04-08 18:00:00+00:00,1.9194,597389.977,1.92,1690524.0
2025-04-08 19:00:00+00:00,1.899,507411.579,1.898,2596729.0
2025-04-08 20:00:00+00:00,1.9138,323640.2465,1.912,1033753.0
2025-04-08 21:00:00+00:00,1.9118,230476.0844,1.912,639246.0
2025-04-08 22:00:00+00:00,1.891,339467.8726,1.891,1227348.0
2025-04-08 23:00:00+00:00,1.9077,131724.649,1.907,594367.0
2025-04-09 00:00:00+00:00,1.8954,229615.6377,1.895,791928.0
2025-04-09 01:00:00+00:00,1.8893,369129.2369,1.889,1801039.0
2025-04-09 02:00:00+00:00,1.8683,269549.9575,1.868,738889.0
2025-04-09 03:00:00+00:00,1.8577,336211.8067,1.859,984200.0
2025-04-09 04:00:00+00:00,1.9034,474728.9527,1.902,1944794.0
2025-04-09 05:00:00+00:00,1.9158,270450.2558,1.914,500689.0
2025-04-09 06:00:00+00:00,1.905,219318.1405,1.905,202737.0
2025-04-09 07:00:00+00:00,1.922,269118.5803,1.924,608906.0
2025-04-09 08:00:00+00:00,1.9219,236789.7729,1.924,532188.0
2025-04-09 09:00:00+00:00,1.9162,172251.5207,1.917,188011.0
2025-04-09 10:00:00+00:00,1.914,238361.5863,1.914,428737.0
2025-04-09 11:00:00+00:00,1.8531,467973.3042,1.853,1506431.0
2025-04-09 12:00:00+00:00,1.8617,302831.7094,1.863,2303887.0
2025-04-09 13:00:00+00:00,1.9031,528889.009,1.904,3229575.0
2025-04-09 14:00:00+00:00,1.8856,367082.8589,1.884,2349789.0
2025-04-09 15:00:00+00:00,1.9035,290334.0483,1.897,1124342.0
2025-04-09 16:00:00+00:00,1.9402,221490.8821,1.939,1876197.0
2025-04-09 17:00:00+00:00,2.1312,1066237.4932,2.131,11429913.0
2025-04-09 18:00:00+00:00,2.0874,769891.7369,2.088,3082314.0
2025-04-09 19:00:00+00:00,2.0692,430573.5218,2.069,2518593.0
2025-04-09 20:00:00+00:00,2.1176,237162.85797427,2.116,1188808.0
2025-04-09 21:00:00+00:00,2.1272,187170.201,2.127,491630.0
2025-04-09 22:00:00+00:00,2.1159,155650.4647,2.114,243969.0
2025-04-09 23:00:00+00:00,2.1033,208638.22867711,2.102,671181.0
2025-04-10 00:00:00+00:00,2.0688,235819.3766,2.07,445508.0
2025-04-10 01:00:00+00:00,2.0612,200697.3745,2.06,271152.0
2025-04-10 02:00:00+00:00,2.0728,150557.036,2.074,328579.0
2025-04-10 03:00:00+00:00,2.0499,226783.5386,2.05,557584.0
2025-04-10 04:00:00+00:00,2.0567,201358.7698,2.054,436220.0
2025-04-10 05:00:00+00:00,2.0745,163358.0167,2.076,587359.0
2025-04-10 06:00:00+00:00,2.0786,177468.8529,2.077,521309.0
2025-04-10 07:00:00+00:00,2.0611,188458.2052,2.063,213002.0
2025-04-10 08:00:00+00:00,2.0489,203558.8468,2.051,128929.0
2025-04-10 09:00:00+00:00,2.0517,181997.8903,2.052,364272.0
2025-04-10 10:00:00+00:00,2.0418,140496.4392,2.041,152084.0
2025-04-10 11:00:00+00:00,2.0469,112678.5234,2.047,127004.0
2025-04-10 12:00:00+00:00,2.0412,351051.853,2.039,1633587.0
2025-04-10 13:00:00+00:00,2.0345,292686.1811,2.034,1032370.0
2025-04-10 14:00:00+00:00,2.0355,333731.9896185,2.035,1533013.0
2025-04-10 15:00:00+00:00,1.9507,578979.9158,1.951,4192063.0
2025-04-10 16:00:00+00:00,1.978,457178.9128,1.977,1268458.0
2025-04-10 17:00:00+00:00,1.9789,398267.3938,1.98,672775.0
2025-04-10 18:00:00+00:00,1.9945,348274.61232462,1.985,438309.0
2025-04-10 19:00:00+00:00,1.9882,345172.3826,1.988,497447.0
2025-04-10 20:00:00+00:00,2.0035,205752.189,2.006,373375.0
2025-04-10 21:00:00+00:00,2.0085,181872.7253,2.005,265378.0
2025-04-10 22:00:00+00:00,2.0054,240421.8865,2.008,132886.0
2025-04-10 23:00:00+00:00,2.0033,173050.8219,2.004,437123.0
2025-04-11 00:00:00+00:00,2.005,187303.4428,2.006,299272.0
2025-04-11 01:00:00+00:00,2.0421,209332.7723,2.037,403656.0
2025-04-11 02:00:00+00:00,2.0284,177392.5112,2.029,653883.0
2025-04-11 03:00:00+00:00,2.024,189980.36874755,2.024,566645.0
2025-04-11 04:00:00+00:00,2.0322,134661.1328,2.029,269824.0
2025-04-11 05:00:00+00:00,2.033,137728.3625,2.031,105626.0
2025-04-11 06:00:00+00:00,2.0473,156861.3687,2.049,632809.0
2025-04-11 07:00:00+00:00,2.0467,140113.5686,2.046,347170.0
2025-04-11 08:00:00+00:00,2.039,222249.399,2.034,980880.0
2025-04-11 09:00:00+00:00,2.0597,156401.0539,2.059,369020.0
2025-04-11 10:00:00+00:00,2.0671,261015.0239,2.065,452787.0
2025-04-11 11:00:00+00:00,2.051,155313.9016,2.05,302811.0
2025-04-11 12:00:00+00:00,2.055,255301.4214,2.054,621324.0
2025-04-11 13:00:00+00:00,2.0862,314631.3768,2.085,385725.0
2025-04-11 14:00:00+00:00,2.063,440677.7327,2.063,1164525.0
2025-04-11 15:00:00+00:00,2.068,186181.6243,2.066,559877.0
2025-04-11 16:00:00+00:00,2.0756,283156.9745,2.076,685500.0
2025-04-11 17:00:00+00:00,2.0843,212193.0252,2.084,465773.0
2025-04-11 18:00:00+00:00,2.0933,246105.6821,2.094,818319.0
2025-04-11 19:00:00+00:00,2.1013,197125.8942,2.098,156036.0
2025-04-11 20:00:00+00:00,2.1064,159755.9956,2.104,225825.0
2025-04-11 21:00:00+00:00,2.1009,146534.9151,2.106,482066.0
2025-04-11 22:00:00+00:00,2.1007,202910.3386,2.1,121487.0
2025-04-11 23:00:00+00:00,2.0889,116986.1084,2.088,315798.0
2025-04-12 00:00:00+00:00,2.0874,171274.8416,2.088,428563.0
2025-04-12 01:00:00+00:00,2.0855,139573.161,2.085,71192.0
2025-04-12 02:00:00+00:00,2.0678,128820.5314,2.067,277411.0
2025-04-12 03:00:00+00:00,2.071,122981.3981,2.071,257577.0
2025-04-12 04:00:00+00:00,2.1079,198400.503,2.108,708256.0
2025-04-12 05:00:00+00:00,2.1103,175040.4211,2.11,474022.0
2025-04-12 06:00:00+00:00,2.1131,167558.2182,2.113,161798.0
2025-04-12 07:00:00+00:00,2.1307,164460.0635,2.13,374046.0
2025-04-12 08:00:00+00:00,2.1303,180149.7797,2.131,704852.0
2025-04-12 09:00:00+00:00,2.1165,167901.5584,2.116,856007.0
2025-04-12 10:00:00+00:00,2.1054,158058.1486,2.103,685217.0
2025-04-12 11:00:00+00:00,2.1184,122720.1661,2.118,200229.0
2025-04-12 12:00:00+00:00,2.1364,176849.2981,2.136,483518.0
2025-04-12 13:00:00+00:00,2.16,253805.2185,2.161,987235.0
2025-04-12 14:00:00+00:00,2.1952,298135.8031,2.195,1317841.0
2025-04-12 15:00:00+00:00,2.2057,227006.7217,2.204,533687.0
2025-04-12 16:00:00+00:00,2.2035,259977.0832,2.203,1263201.0
2025-04-12 17:00:00+00:00,2.1926,146990.9002,2.192,176332.0
2025-04-12 18:00:00+00:00,2.2176,145087.3134,2.217,360118.0
2025-04-12 19:00:00+00:00,2.2077,173308.0857,2.207,113328.0
2025-04-12 20:00:00+00:00,2.2114,184429.3037,2.213,180841.0
2025-04-12 21:00:00+00:00,2.2173,197415.225,2.217,325681.0
2025-04-12 22:00:00+00:00,2.2206,144377.2433,2.219,270627.0
2025-04-12 23:00:00+00:00,2.2134,149483.2043,2.213,250791.0
2025-04-13 00:00:00+00:00,2.2153,158136.4367,2.22,275883.0
2025-04-13 01:00:00+00:00,2.1895,219696.951,2.189,458035.0
2025-04-13 02:00:00+00:00,2.1969,180644.118,2.197,426103.0
2025-04-13 03:00:00+00:00,2.1926,105700.2091,2.192,105921.0
2025-04-13 04:00:00+00:00,2.1695,124788.9303,2.167,402610.0
2025-04-13 05:00:00+00:00,2.1617,111852.0974,2.162,139309.0
2025-04-13 06:00:00+00:00,2.1701,111307.2531,2.17,213164.0
2025-04-13 07:00:00+00:00,2.172,104167.5112,2.172,223717.0
2025-04-13 08:00:00+00:00,2.1717,133757.0792,2.174,317601.0
2025-04-13 09:00:00+00:00,2.2021,146988.8879,2.201,349015.0
2025-04-13 10:00:00+00:00,2.1953,178925.7365,2.196,689054.0
2025-04-13 11:00:00+00:00,2.1777,147008.6769,2.176,228159.0
2025-04-13 12:00:00+00:00,2.1721,155671.8644,2.17,483514.0
2025-04-13 13:00:00+00:00,2.1409,179055.1797,2.14,638232.0
2025-04-13 14:00:00+00:00,2.1509,143777.9479,2.151,382369.0
2025-04-13 15:00:00+00:00,2.1463,135121.0983,2.147,381866.0
2025-04-13 16:00:00+00:00,2.1638,139208.6992,2.166,265378.0
2025-04-13 17:00:00+00:00,2.2265,152563.6942,2.225,715907.0
2025-04-13 18:00:00+00:00,2.2287,155881.4841,2.229,966331.0
2025-04-13 19:00:00+00:00,2.1514,241407.9318,2.151,2917716.0
2025-04-13 20:00:00+00:00,2.1303,214521.3594,2.131,1299763.0
2025-04-13 21:00:00+00:00,2.1147,165123.1797,2.117,1131615.0
2025-04-13 22:00:00+00:00,2.086,178757.7987,2.083,442366.0
2025-04-13 23:00:00+00:00,2.0951,167167.9462,2.093,414278.0
2025-04-14 00:00:00+00:00,2.1307,222544.1285,2.131,539416.0
2025-04-14 01:00:00+00:00,2.1097,198550.8579,2.102,301777.0
2025-04-14 02:00:00+00:00,2.1653,267501.0477,2.164,824891.0
2025-04-14 03:00:00+00:00,2.1088,221229.7136,2.104,858650.0
2025-04-14 04:00:00+00:00,2.1378,129499.0572,2.145,327493.0
2025-04-14 05:00:00+00:00,2.1195,198434.4791,2.119,341877.0
2025-04-14 06:00:00+00:00,2.1,193259.7702,2.1,267698.0
2025-04-14 07:00:00+00:00,2.1261,279920.0315,2.125,475239.0
2025-04-14 08:00:00+00:00,2.1379,198135.7647,2.136,217217.0
2025-04-14 09:00:00+00:00,2.14,256479.7166,2.14,872789.0
2025-04-14 10:00:00+00:00,2.1968,260781.5424,2.197,776329.0
2025-04-14 11:00:00+00:00,2.1856,274093.3451,2.185,599216.0
2025-04-14 12:00:00+00:00,2.1981,226796.3944,2.196,394972.0
2025-04-14 13:00:00+00:00,2.1535,271337.0869,2.154,551309.0
2025-04-14 14:00:00+00:00,2.1917,240282.3043,2.19,992189.0
2025-04-14 15:00:00+00:00,2.1106,321851.9287,2.11,1353497.0
2025-04-14 16:00:00+00:00,2.1116,226752.8914,2.117,533981.0
2025-04-14 17:00:00+00:00,2.1417,333539.8974,2.142,1016231.0
2025-04-14 18:00:00+00:00,2.164,288911.8142,2.164,628623.0
2025-04-14 19:00:00+00:00,2.1549,242517.1104,2.154,495011.0
2025-04-14 20:00:00+00:00,2.1439,197744.6725,2.144,369188.0
2025-04-14 21:00:00+00:00,2.1351,154518.6697,2.136,304161.0
2025-04-14 22:00:00+00:00,2.119,179885.6877,2.119,1190208.0
2025-04-14 23:00:00+00:00,2.1151,105371.9187,2.114,239380.0
2025-04-15 00:00:00+00:00,2.1149,248798.5506,2.118,389569.0
2025-04-15 01:00:00+00:00,2.1151,224284.8965,2.115,256283.0
2025-04-15 02:00:00+00:00,2.1056,240134.4606,2.104,659659.0
2025-04-15 03:00:00+00:00,2.1278,234996.1461,2.126,369286.0
2025-04-15 04:00:00+00:00,2.1228,188260.1275,2.123,589873.0
2025-04-15 05:00:00+00:00,2.1189,143414.4801,2.118,216906.0
2025-04-15 06:00:00+00:00,2.1004,135763.4985,2.102,220581.0
2025-04-15 07:00:00+00:00,2.1177,96891.1441,2.121,287731.0
2025-04-15 08:00:00+00:00,2.1085,11859.7533,2.108,164216.0
2025-04-15 09:00:00+00:00,2.1179,54128.9541,2.118,343845.0
2025-04-15 10:00:00+00:00,2.1037,158487.8424,2.104,282925.0
2025-04-15 11:00:00+00:00,2.0924,170518.2885,2.094,482475.0
2025-04-15 12:00:00+00:00,2.1082,210215.0028,2.109,489639.0
2025-04-15 13:00:00+00:00,2.1053,232833.4489,2.104,942022.0
2025-04-15 14:00:00+00:00,2.0742,327336.6378,2.075,2427066.0
2025-04-15 15:00:00+00:00,2.066,239247.0714,2.061,547181.0
2025-04-15 16:00:00+00:00,2.0502,215577.4492,2.049,522323.0
2025-04-15 17:00:00+00:00,2.0424,225638.7655,2.04,376950.0
2025-04-15 18:00:00+00:00,2.0414,234939.2796,2.04,695273.0
2025-04-15 19:00:00+00:00,2.0457,203766.3606,2.047,218242.0
2025-04-15 20:00:00+00:00,2.0377,164477.2305,2.038,239466.0
2025-04-15 21:00:00+00:00,2.0453,157378.0085,2.046,149886.0
2025-04-15 22:00:00+00:00,2.0264,194007.8166,2.023,554449.0
2025-04-15 23:00:00+00:00,2.039,109940.6304,2.039,383136.0
2025-04-16 00:00:00+00:00,2.0212,253595.3769,2.021,399042.0
2025-04-16 01:00:00+00:00,2.0482,207617.4379,2.049,235464.0
2025-04-16 02:00:00+00:00,2.0521,102273.6919,2.051,114697.0
2025-04-16 03:00:00+00:00,2.0452,115352.2761,2.044,178395.0
2025-04-16 04:00:00+00:00,2.0397,155153.4261,2.039,136402.0
2025-04-16 05:00:00+00:00,2.027,188917.9225,2.029,164293.0
2025-04-16 06:00:00+00:00,2.0342,133967.2382,2.036,57702.0
2025-04-16 07:00:00+00:00,2.0064,162114.4509,2.005,394612.0
2025-04-16 08:00:00+00:00,2.0237,220247.2696,2.023,643017.0
2025-04-16 09:00:00+00:00,2.004,160425.532,2.004,140414.0
2025-04-16 10:00:00+00:00,2.0161,161211.0892,2.017,151470.0
2025-04-16 11:00:00+00:00,2.0159,199956.3299,2.017,294244.0
2025-04-16 12:00:00+00:00,1.9971,229531.4572,1.997,93547.0
2025-04-16 13:00:00+00:00,1.9984,227449.7977,1.998,358937.0
2025-04-16 14:00:00+00:00,2.0364,367495.1649,2.034,522512.0
2025-04-16 15:00:00+00:00,2.0158,376749.4573,2.016,983569.0
2025-04-16 16:00:00+00:00,1.9866,183942.4281,1.986,1142249.0
2025-04-16 17:00:00+00:00,1.9205,469440.8866,1.922,2497060.0
2025-04-16 18:00:00+00:00,1.9523,440392.8015,1.954,1562141.0
2025-04-16 19:00:00+00:00,1.9948,383389.03,1.994,592970.0
2025-04-16 20:00:00+00:00,1.9661,246063.4244,1.964,950408.0
2025-04-16 21:00:00+00:00,1.9836,213920.8831,1.986,501364.0
2025-04-16 22:00:00+00:00,1.9764,160091.21,1.977,102903.0
2025-04-16 23:00:00+00:00,1.9666,91534.6837,1.966,267131.0
2025-04-17 00:00:00+00:00,1.9684,136098.0864,1.967,128713.0
2025-04-17 01:00:00+00:00,1.9737,123547.8233,1.973,152250.0
2025-04-17 02:00:00+00:00,1.9738,90728.4342,1.971,273541.0
2025-04-17 03:00:00+00:00,1.9683,90038.01616265,1.968,64920.0
2025-04-17 04:00:00+00:00,1.9855,97055.2541,1.985,93252.0
2025-04-17 05:00:00+00:00,2.0029,132653.3199,2.002,376622.0
2025-04-17 06:00:00+00:00,2.0172,128231.254,2.018,186528.0
2025-04-17 07:00:00+00:00,2.0271,80408.2964,2.025,144384.0
2025-04-17 08:00:00+00:00,2.0329,109186.8484,2.03,320548.0
2025-04-17 09:00:00+00:00,2.0309,132133.1665,2.031,304326.0
2025-04-17 10:00:00+00:00,2.0296,147001.4728,2.029,243926.0
2025-04-17 11:00:00+00:00,2.0302,185054.8074,2.029,118674.0
2025-04-17 12:00:00+00:00,2.0463,205467.5905,2.046,318638.0
2025-04-17 13:00:00+00:00,2.0373,190342.9763,2.035,404059.0
2025-04-17 14:00:00+00:00,2.0072,236251.2564,2.008,1492784.0
2025-04-17 15:00:00+00:00,2.0349,271053.8655,2.034,674505.0
2025-04-17 16:00:00+00:00,2.0631,332271.3093,2.063,1440043.0
2025-04-17 17:00:00+00:00,2.0719,299014.8246,2.075,307189.0
2025-04-17 18:00:00+00:00,2.0638,270699.5465,2.065,637913.0
2025-04-17 19:00:00+00:00,2.0499,306248.9692,2.051,696218.0
2025-04-17 20:00:00+00:00,2.0601,250695.9322,2.055,95471.0
2025-04-17 21:00:00+00:00,2.0551,151171.8834,2.058,57991.0
2025-04-17 22:00:00+00:00,2.0314,165595.5454,2.034,108798.0
2025-04-17 23:00:00+00:00,2.0523,69579.8931,2.052,360525.0
2025-04-18 00:00:00+00:00,2.0333,170730.8913,2.031,185957.0
2025-04-18 01:00:00+00:00,2.0389,188438.5981,2.039,209402.0
2025-04-18 02:00:00+00:00,2.044,194522.3368,2.052,75737.0
2025-04-18 03:00:00+00:00,2.0388,172679.2242,2.04,179239.0
2025-04-18 04:00:00+00:00,2.0559,181661.6918,2.054,250648.0
2025-04-18 05:00:00+00:00,2.0737,292938.542,2.072,735912.0
2025-04-18 06:00:00+00:00,2.0731,138919.6833,2.072,250927.0
2025-04-18 07:00:00+00:00,2.0742,186110.2505,2.073,118529.0
2025-04-18 08:00:00+00:00,2.0819,152112.5702,2.077,152417.0
2025-04-18 09:00:00+00:00,2.0722,188353.6613,2.075,228630.0
2025-04-18 10:00:00+00:00,2.0647,222435.0488,2.061,125031.0
2025-04-18 11:00:00+00:00,2.0676,165286.0704,2.068,90804.0
2025-04-18 12:00:00+00:00,2.0703,139784.0591,2.071,140732.0
2025-04-18 13:00:00+00:00,2.0662,143463.2665,2.063,122715.0
2025-04-18 14:00:00+00:00,2.0606,143940.5941,2.059,99418.0
2025-04-18 15:00:00+00:00,2.0562,163795.4277,2.057,797698.0
2025-04-18 16:00:00+00:00,2.0508,165398.1246,2.051,759942.0
2025-04-18 17:00:00+00:00,2.0621,188936.1691,2.061,579626.0
2025-04-18 18:00:00+00:00,2.0608,204792.6906,2.064,514637.0
2025-04-18 19:00:00+00:00,2.0547,181155.9683,2.054,283035.0
2025-04-18 20:00:00+00:00,2.0568,163779.8273,2.055,76026.0
2025-04-18 21:00:00+00:00,2.0602,123728.1718,2.059,61409.0
2025-04-18 22:00:00+00:00,2.0536,135918.041,2.053,61738.0
2025-04-18 23:00:00+00:00,2.0563,71441.1535,2.056,289828.0
2025-04-19 00:00:00+00:00,2.0614,117581.6313,2.061,135991.0
2025-04-19 01:00:00+00:00,2.0789,159724.3553,2.078,978714.0
2025-04-19 02:00:00+00:00,2.0862,132576.3646,2.085,272165.0
2025-04-19 03:00:00+00:00,2.0974,139726.5646,2.096,242500.0
2025-04-19 04:00:00+00:00,2.1019,170428.909,2.1,354285.0
2025-04-19 05:00:00+00:00,2.0913,104727.2623,2.091,131201.0
2025-04-19 06:00:00+00:00,2.0887,107095.252,2.089,371537.0
2025-04-19 07:00:00+00:00,2.1127,106478.9217,2.11,464727.0
2025-04-19 08:00:00+00:00,2.1103,124255.9973,2.111,222292.0
2025-04-19 09:00:00+00:00,2.1105,123785.3618,2.112,291597.0
2025-04-19 10:00:00+00:00,2.0995,111743.4325,2.101,107973.0
2025-04-19 11:00:00+00:00,2.0973,95854.8577,2.097,1100901.0
2025-04-19 12:00:00+00:00,2.1086,88402.2782,2.108,359829.0
2025-04-19 13:00:00+00:00,2.1197,111875.87,2.118,282790.0
2025-04-19 14:00:00+00:00,2.1177,124671.2076,2.119,104716.0
2025-04-19 15:00:00+00:00,2.124,180870.8698,2.123,204770.0
2025-04-19 16:00:00+00:00,2.1152,212032.1957,2.118,1452731.0
2025-04-19 17:00:00+00:00,2.157,197196.8303,2.156,597497.0
2025-04-19 18:00:00+00:00,2.168,186035.6617,2.168,517095.0
2025-04-19 19:00:00+00:00,2.1635,148525.0963,2.164,255312.0
2025-04-19 20:00:00+00:00,2.1812,139091.5032,2.185,383529.0
2025-04-19 21:00:00+00:00,2.18,133085.7627,2.18,641184.0
2025-04-19 22:00:00+00:00,2.1819,89344.035,2.184,450899.0
2025-04-19 23:00:00+00:00,2.1836,85557.6506,2.182,128948.0
2025-04-20 00:00:00+00:00,2.1698,181069.7222,2.17,247087.0
2025-04-20 01:00:00+00:00,2.195,122224.3495,2.194,131881.0
2025-04-20 02:00:00+00:00,2.1873,119090.2556,2.187,64596.0
2025-04-20 03:00:00+00:00,2.1976,125734.764,2.198,188133.0
2025-04-20 04:00:00+00:00,2.1976,99555.4794,2.195,151002.0
2025-04-20 05:00:00+00:00,2.189,112269.8573,2.189,454687.0
2025-04-20 06:00:00+00:00,2.1898,139686.1062,2.19,369081.0
2025-04-20 07:00:00+00:00,2.1755,179307.6247,2.176,379402.0
2025-04-20 08:00:00+00:00,2.1706,142632.0293,2.171,292710.0
2025-04-20 09:00:00+00:00,2.1723,142634.4328,2.171,113755.0
2025-04-20 10:00:00+00:00,2.162,174985.8053,2.159,821661.0
2025-04-20 11:00:00+00:00,2.154,143921.5092,2.153,266120.0
2025-04-20 12:00:00+00:00,2.1627,102991.2039,2.163,161825.0
2025-04-20 13:00:00+00:00,2.1678,124614.3652821,2.167,27810.0
2025-04-20 14:00:00+00:00,2.1841,178845.74947162,2.184,219139.0
2025-04-20 15:00:00+00:00,2.1756,118021.2975,2.172,101504.0
2025-04-20 16:00:00+00:00,2.2098,162708.505,2.21,351662.0
2025-04-20 17:00:00+00:00,2.2083,165928.6009,2.208,328841.0
2025-04-20 18:00:00+00:00,2.223,162008.5675,2.224,98596.0
2025-04-20 19:00:00+00:00,2.2487,113323.99006073,2.248,252707.0
2025-04-20 20:00:00+00:00,2.252,198030.5369,2.249,1005155.0
2025-04-20 21:00:00+00:00,2.244,85949.1938,2.245,205132.0
2025-04-20 22:00:00+00:00,2.2246,108734.2258,2.223,271255.0
2025-04-20 23:00:00+00:00,2.2436,88651.8478,2.243,304521.0
2025-04-21 00:00:00+00:00,2.2909,189794.5133,2.287,436208.0
2025-04-21 01:00:00+00:00,2.2882,226544.0218,2.286,709945.0
2025-04-21 02:00:00+00:00,2.2668,173992.7352,2.268,811518.0
2025-04-21 03:00:00+00:00,2.2662,119674.8419,2.264,35056.0
2025-04-21 04:00:00+00:00,2.278,123682.2657,2.279,147333.0
2025-04-21 05:00:00+00:00,2.281,184304.2779,2.281,543728.0
2025-04-21 06:00:00+00:00,2.2979,119309.2984,2.297,584853.0
2025-04-21 07:00:00+00:00,2.2975,71689.1038,2.296,190322.0
2025-04-21 08:00:00+00:00,2.3256,138761.0355,2.324,362827.0
2025-04-21 09:00:00+00:00,2.3213,128704.3819,2.318,192292.0
2025-04-21 10:00:00+00:00,2.3134,161002.8603,2.312,117779.0
2025-04-21 11:00:00+00:00,2.2897,143043.3099,2.29,241571.0
2025-04-21 12:00:00+00:00,2.2852,153617.3848,2.285,281759.0
2025-04-21 13:00:00+00:00,2.2762,169131.3575,2.277,529989.0
2025-04-21 14:00:00+00:00,2.3069,257248.4506,2.306,468500.0
2025-04-21 15:00:00+00:00,2.2881,236975.7251,2.287,294095.0
2025-04-21 16:00:00+00:00,2.245,226841.6537,2.245,868444.0
2025-04-21 17:00:00+00:00,2.2376,211024.9753,2.234,842133.0
2025-04-21 18:00:00+00:00,2.2264,205495.57329116,2.227,124701.0
2025-04-21 19:00:00+00:00,2.2531,180628.4582,2.252,142736.0
2025-04-21 20:00:00+00:00,2.2525,153032.3547,2.251,224633.0
2025-04-21 21:00:00+00:00,2.2366,124531.4751,2.238,124092.0
2025-04-21 22:00:00+00:00,2.2315,130450.8826,2.235,27078.0
2025-04-21 23:00:00+00:00,2.217,91776.5604,2.22,382415.0
2025-04-22 00:00:00+00:00,2.187,230175.4136,2.186,627203.0
2025-04-22 01:00:00+00:00,2.2214,197746.1406,2.221,269679.0
2025-04-22 02:00:00+00:00,2.1947,152181.3397,2.198,277384.0
2025-04-22 03:00:00+00:00,2.1894,181097.1816,2.186,305020.0
2025-04-22 04:00:00+00:00,2.1635,143002.8846,2.162,187150.0
2025-04-22 05:00:00+00:00,2.179,126424.2835,2.182,134281.0
2025-04-22 06:00:00+00:00,2.1652,151327.1986,2.165,435339.0
2025-04-22 07:00:00+00:00,2.1972,166722.9075,2.197,421278.0
2025-04-22 08:00:00+00:00,2.1978,158356.7041,2.197,202250.0
2025-04-22 09:00:00+00:00,2.1905,161597.4043,2.187,613571.0
2025-04-22 10:00:00+00:00,2.2024,148457.81373876,2.198,222352.0
2025-04-22 11:00:00+00:00,2.2367,170756.909,2.237,440349.0
2025-04-22 12:00:00+00:00,2.243,175115.1773,2.242,500702.0
2025-04-22 13:00:00+00:00,2.2695,306618.1909,2.265,1441643.0
2025-04-22 14:00:00+00:00,2.292,284084.9088,2.291,326244.0
2025-04-22 15:00:00+00:00,2.2964,267582.2574,2.294,1329183.0
2025-04-22 16:00:00+00:00,2.2804,208927.1229,2.278,396042.0
2025-04-22 17:00:00+00:00,2.3022,219567.7018,2.304,293748.0
2025-04-22 18:00:00+00:00,2.3173,217034.1368,2.317,374324.0
2025-04-22 19:00:00+00:00,2.3216,163747.9003,2.322,182907.0
2025-04-22 20:00:00+00:00,2.3151,151152.6793,2.316,124306.0
2025-04-22 21:00:00+00:00,2.3898,353412.1813,2.387,1259431.0
2025-04-22 22:00:00+00:00,2.3961,229690.1983,2.398,403767.0
2025-04-22 23:00:00+00:00,2.4041,195202.1706,2.4,881952.0
2025-04-23 00:00:00+00:00,2.4064,235787.7131,2.406,640251.0
2025-04-23 01:00:00+00:00,2.4001,192024.3794,2.4,254498.0
2025-04-23 02:00:00+00:00,2.4313,154907.8669,2.43,250717.0
2025-04-23 03:00:00+00:00,2.4439,121656.5206,2.443,188225.0
2025-04-23 04:00:00+00:00,2.4786,162757.587,2.476,645485.0
2025-04-23 05:00:00+00:00,2.4677,150999.84024656,2.467,275424.0
2025-04-23 06:00:00+00:00,2.4834,152869.9727,2.484,457223.0
2025-04-23 07:00:00+00:00,2.4928,154825.8996,2.491,393154.0
2025-04-23 08:00:00+00:00,2.4905,190427.9575,2.491,165091.0
2025-04-23 09:00:00+00:00,2.5035,128247.4772,2.504,315865.0
2025-04-23 10:00:00+00:00,2.4831,166197.3906,2.482,529909.0
2025-04-23 11:00:00+00:00,2.4785,126391.5925,2.473,146399.0
2025-04-23 12:00:00+00:00,2.5013,157325.7049,2.5,306891.0
2025-04-23 13:00:00+00:00,2.4741,400202.8681,2.475,2705221.0
2025-04-23 14:00:00+00:00,2.4872,232190.37345183,2.488,1077514.0
2025-04-23 15:00:00+00:00,2.4901,281056.3799,2.491,1027633.0
2025-04-23 16:00:00+00:00,2.4944,194389.2642,2.496,265981.0
2025-04-23 17:00:00+00:00,2.5055,170985.445,2.508,360968.0
2025-04-23 18:00:00+00:00,2.5033,195615.5299,2.506,549247.0
2025-04-23 19:00:00+00:00,2.4919,204986.5643,2.494,714255.0
2025-04-23 20:00:00+00:00,2.5039,137624.4834,2.505,163159.0
2025-04-23 21:00:00+00:00,2.4754,117818.7376,2.474,469219.0
2025-04-23 22:00:00+00:00,2.4844,86299.2879,2.485,137125.0
2025-04-23 23:00:00+00:00,2.4702,70679.4076,2.468,137582.0
2025-04-24 00:00:00+00:00,2.4606,136502.1327,2.46,183872.0
2025-04-24 01:00:00+00:00,2.4473,144188.6404,2.454,214459.0
2025-04-24 02:00:00+00:00,2.425,167857.9009,2.425,318901.0
2025-04-24 03:00:00+00:00,2.3997,174083.7122,2.398,429998.0
2025-04-24 04:00:00+00:00,2.4008,174550.509,2.402,1042327.0
2025-04-24 05:00:00+00:00,2.4128,117897.569,2.42,112483.0
2025-04-24 06:00:00+00:00,2.4067,171551.9128,2.407,336535.0
2025-04-24 07:00:00+00:00,2.3963,178428.7149,2.395,308469.0
2025-04-24 08:00:00+00:00,2.3797,251597.0986,2.382,1155113.0
2025-04-24 09:00:00+00:00,2.4252,218205.477,2.425,451478.0
2025-04-24 10:00:00+00:00,2.4183,150181.8879,2.419,161582.0
2025-04-24 11:00:00+00:00,2.422,124987.8767,2.418,392778.0
2025-04-24 12:00:00+00:00,2.4426,169621.8816,2.443,216066.0
2025-04-24 13:00:00+00:00,2.4654,178383.3193,2.465,1105634.0
2025-04-24 14:00:00+00:00,2.5475,301363.02642353,2.539,2982874.0
2025-04-24 15:00:00+00:00,2.5175,313739.3432,2.514,1329660.0
2025-04-24 16:00:00+00:00,2.5348,302309.1844,2.533,753861.0
2025-04-24 17:00:00+00:00,2.5026,206676.8094,2.503,1524146.0
2025-04-24 18:00:00+00:00,2.5179,181194.6072,2.519,435695.0
2025-04-24 19:00:00+00:00,2.5166,158994.9938,2.518,159195.0
2025-04-24 20:00:00+00:00,2.528,159075.7439,2.526,244476.0
2025-04-24 21:00:00+00:00,2.528,96088.4469,2.528,688631.0
2025-04-24 22:00:00+00:00,2.5253,110830.363,2.525,145440.0
2025-04-24 23:00:00+00:00,2.543,93985.8034,2.539,210997.0
2025-04-25 00:00:00+00:00,2.5494,75686.4024,2.551,436628.0
2025-04-25 01:00:00+00:00,2.5276,120017.5099,2.527,556723.0
2025-04-25 02:00:00+00:00,2.495,96300.3996,2.496,499147.0
2025-04-25 03:00:00+00:00,2.5266,162969.5711,2.527,145000.0
2025-04-25 04:00:00+00:00,2.5369,152840.5105,2.537,91051.0
2025-04-25 05:00:00+00:00,2.5388,125205.86,2.539,139566.0
2025-04-25 06:00:00+00:00,2.5832,213153.7228,2.581,366688.0
2025-04-25 07:00:00+00:00,2.5827,177154.7562,2.581,915003.0
2025-04-25 08:00:00+00:00,2.5985,151889.0507,2.596,389189.0
2025-04-25 09:00:00+00:00,2.6414,233437.0013,2.64,728086.0
2025-04-25 10:00:00+00:00,2.5856,202541.371,2.585,381677.0
2025-04-25 11:00:00+00:00,2.623,171014.9128,2.62,255984.0
2025-04-25 12:00:00+00:00,2.591,351926.4846,2.59,1706662.0
2025-04-25 13:00:00+00:00,2.5938,253399.5771,2.597,621805.0
2025-04-25 14:00:00+00:00,2.6302,226561.3713,2.629,528422.0
2025-04-25 15:00:00+00:00,2.6023,226165.0609,2.601,1322164.0
2025-04-25 16:00:00+00:00,2.6176,154140.3149,2.616,584281.0
2025-04-25 17:00:00+00:00,2.5868,165929.7457,2.586,580695.0
2025-04-25 18:00:00+00:00,2.6083,141179.799,2.606,178708.0
2025-04-25 19:00:00+00:00,2.618,141529.7493,2.618,135161.0
2025-04-25 20:00:00+00:00,2.6202,116926.3378,2.622,258980.0
2025-04-25 21:00:00+00:00,2.6079,113694.7911,2.609,476409.0
2025-04-25 22:00:00+00:00,2.6443,98627.1045,2.64,184063.0
2025-04-25 23:00:00+00:00,2.6194,82367.3373,2.619,301895.0
2025-04-26 00:00:00+00:00,2.6727,122916.0936,2.672,384771.0
2025-04-26 01:00:00+00:00,2.6993,170074.261,2.701,2650422.0
2025-04-26 02:00:00+00:00,2.7073,152334.911,2.708,277681.0
2025-04-26 03:00:00+00:00,2.7138,161223.5247,2.715,300641.0
2025-04-26 04:00:00+00:00,2.6904,145952.0266,2.691,1218040.0
2025-04-26 05:00:00+00:00,2.6857,165264.1841,2.689,1583847.0
2025-04-26 06:00:00+00:00,2.7025,123781.467,2.704,162763.0
2025-04-26 07:00:00+00:00,2.6781,118992.8928,2.679,306719.0
2025-04-26 08:00:00+00:00,2.6808,163377.0207,2.682,281775.0
2025-04-26 09:00:00+00:00,2.6549,159386.01574505,2.656,231890.0
2025-04-26 10:00:00+00:00,2.6469,151127.1014,2.649,635032.0
2025-04-26 11:00:00+00:00,2.6087,172812.1654,2.608,355473.0
2025-04-26 12:00:00+00:00,2.5727,202458.6446,2.576,1242331.0
2025-04-26 13:00:00+00:00,2.5819,213455.5772,2.582,623179.0
2025-04-26 14:00:00+00:00,2.5828,228122.40158161,2.583,806767.0
2025-04-26 15:00:00+00:00,2.6054,124566.278,2.607,484172.0
2025-04-26 16:00:00+00:00,2.5968,134609.2935,2.597,855767.0
2025-04-26 17:00:00+00:00,2.6058,110768.0761,2.602,188117.0
2025-04-26 18:00:00+00:00,2.6035,99900.9484,2.605,140823.0
2025-04-26 19:00:00+00:00,2.6166,90548.1006,2.618,78200.0
2025-04-26 20:00:00+00:00,2.5995,81136.9939,2.601,83938.0
2025-04-26 21:00:00+00:00,2.6046,51164.1448,2.606,163001.0
2025-04-26 22:00:00+00:00,2.6259,81139.8349,2.625,398236.0
2025-04-26 23:00:00+00:00,2.621,70038.5665,2.621,374469.0
2025-04-27 00:00:00+00:00,2.6514,107360.4626,2.65,151091.0
2025-04-27 01:00:00+00:00,2.5844,259024.7103,2.578,901164.0
2025-04-27 02:00:00+00:00,2.6006,125210.4123,2.6,175404.0
2025-04-27 03:00:00+00:00,2.6056,108443.232,2.606,61865.0
2025-04-27 04:00:00+00:00,2.5707,109517.0201,2.57,88734.0
2025-04-27 05:00:00+00:00,2.5547,146883.8716,2.549,303765.0
2025-04-27 06:00:00+00:00,2.5571,109729.0297,2.556,215704.0
2025-04-27 07:00:00+00:00,2.5691,88955.4528,2.569,144127.0
2025-04-27 08:00:00+00:00,2.5849,104750.1383,2.586,145112.0
2025-04-27 09:00:00+00:00,2.5725,74948.4394,2.571,85711.0
2025-04-27 10:00:00+00:00,2.5565,94701.7051,2.555,163943.0
2025-04-27 11:00:00+00:00,2.5515,93791.9608,2.551,91093.0
2025-04-27 12:00:00+00:00,2.5473,163263.5791,2.548,605641.0
2025-04-27 13:00:00+00:00,2.5569,158682.2101,2.557,404378.0
2025-04-27 14:00:00+00:00,2.5296,111565.8663,2.529,111741.0
2025-04-27 15:00:00+00:00,2.5135,120055.1926,2.514,352267.0
2025-04-27 16:00:00+00:00,2.5004,142606.9015,2.502,381068.0
2025-04-27 17:00:00+00:00,2.506,96890.4415,2.506,81680.0
2025-04-27 18:00:00+00:00,2.5205,86820.6819,2.52,174829.0
2025-04-27 19:00:00+00:00,2.5447,114134.6495,2.544,207265.0
2025-04-27 20:00:00+00:00,2.5147,93048.273,2.515,64244.0
2025-04-27 21:00:00+00:00,2.5296,82822.5169,2.534,215478.0
2025-04-27 22:00:00+00:00,2.5068,114698.3198,2.507,198663.0
2025-04-27 23:00:00+00:00,2.4886,66730.3406,2.488,436684.0
2025-04-28 00:00:00+00:00,2.4709,193027.77,2.471,1188751.0
2025-04-28 01:00:00+00:00,2.4365,186968.7139,2.436,894631.0
2025-04-28 02:00:00+00:00,2.467,124555.8125,2.466,92986.0
2025-04-28 03:00:00+00:00,2.4995,113338.3683,2.501,155213.0
2025-04-28 04:00:00+00:00,2.5336,134469.5802,2.533,358045.0
2025-04-28 05:00:00+00:00,2.5069,166607.7129,2.507,433286.0
2025-04-28 06:00:00+00:00,2.5348,115318.1016,2.535,387212.0
2025-04-28 07:00:00+00:00,2.5599,153365.5243,2.559,238211.0
2025-04-28 08:00:00+00:00,2.5668,141155.1234,2.562,338906.0
2025-04-28 09:00:00+00:00,2.5627,204383.7592,2.561,153832.0
2025-04-28 10:00:00+00:00,2.5753,215723.701,2.574,572769.0
2025-04-28 11:00:00+00:00,2.577,133793.7166,2.577,285394.0
2025-04-28 12:00:00+00:00,2.5641,132989.8987,2.564,154047.0
2025-04-28 13:00:00+00:00,2.5205,185592.8482,2.522,671719.0
2025-04-28 14:00:00+00:00,2.5346,191776.5538,2.531,759581.0
2025-04-28 15:00:00+00:00,2.4921,222381.6734,2.491,1576230.0
2025-04-28 16:00:00+00:00,2.5024,151073.8263,2.503,361527.0
2025-04-28 17:00:00+00:00,2.5776,249224.9624,2.577,1376416.0
2025-04-28 18:00:00+00:00,2.562,167262.9794,2.564,330459.0
2025-04-28 19:00:00+00:00,2.5977,176529.7733,2.597,1141837.0
2025-04-28 20:00:00+00:00,2.6239,172321.6727,2.623,786881.0
2025-04-28 21:00:00+00:00,2.6166,110370.209,2.616,390031.0
2025-04-28 22:00:00+00:00,2.6195,104334.8777,2.621,147527.0
2025-04-28 23:00:00+00:00,2.5852,93466.5628,2.586,515064.0
2025-04-29 00:00:00+00:00,2.594,296717.402,2.592,518095.0
2025-04-29 01:00:00+00:00,2.5664,167611.8522,2.568,167392.0
2025-04-29 02:00:00+00:00,2.551,164774.8209,2.552,494625.0
2025-04-29 03:00:00+00:00,2.5603,100216.5714,2.562,75646.0
2025-04-29 04:00:00+00:00,2.5298,125349.7198,2.531,404476.0
2025-04-29 05:00:00+00:00,2.5366,103214.8335,2.534,117450.0
2025-04-29 06:00:00+00:00,2.5848,154513.2312,2.585,673474.0
2025-04-29 07:00:00+00:00,2.5943,136690.45815551,2.594,370104.0
2025-04-29 08:00:00+00:00,2.6001,161372.2604,2.6,410849.0
2025-04-29 09:00:00+00:00,2.5954,142113.3276,2.596,279408.0
2025-04-29 10:00:00+00:00,2.575,136518.225,2.575,362732.0
2025-04-29 11:00:00+00:00,2.5764,132256.2569,2.576,207787.0
2025-04-29 12:00:00+00:00,2.5643,130010.3914,2.564,215271.0
2025-04-29 13:00:00+00:00,2.5812,186704.97478337,2.58,186447.0
2025-04-29 14:00:00+00:00,2.6004,198704.3447,2.6,760227.0
2025-04-29 15:00:00+00:00,2.5695,106234.8289,2.57,376412.0
2025-04-29 16:00:00+00:00,2.5559,127490.6948,2.558,206811.0
2025-04-29 17:00:00+00:00,2.5592,122221.6799,2.559,254764.0
2025-04-29 18:00:00+00:00,2.5698,93476.6795,2.569,85409.0
2025-04-29 19:00:00+00:00,2.5616,81660.7125,2.56,53544.0
2025-04-29 20:00:00+00:00,2.5496,120097.0973,2.549,223476.0
2025-04-29 21:00:00+00:00,2.5404,153288.6666,2.541,325171.0
2025-04-29 22:00:00+00:00,2.5121,173701.7447,2.511,865060.0
2025-04-29 23:00:00+00:00,2.529,87490.3365,2.529,324389.0
2025-04-30 00:00:00+00:00,2.527,173711.8604,2.527,361331.0
2025-04-30 01:00:00+00:00,2.5278,118402.3173,2.527,147887.0
2025-04-30 02:00:00+00:00,2.5444,129980.5496,2.544,131630.0
2025-04-30 03:00:00+00:00,2.541,113804.6216,2.542,81298.0
2025-04-30 04:00:00+00:00,2.5485,98144.5003,2.549,75611.0
2025-04-30 05:00:00+00:00,2.5295,91490.2875,2.53,178297.0
2025-04-30 06:00:00+00:00,2.5329,91058.5264,2.533,47514.0
2025-04-30 07:00:00+00:00,2.5125,111903.7014,2.51,230036.0
2025-04-30 08:00:00+00:00,2.5093,90517.6643,2.508,166089.0
2025-04-30 09:00:00+00:00,2.5271,141305.8839,2.527,492175.0
2025-04-30 10:00:00+00:00,2.5239,82818.607,2.523,110094.0
2025-04-30 11:00:00+00:00,2.5233,109672.238,2.523,90175.0
2025-04-30 12:00:00+00:00,2.4665,203834.6067,2.469,1155552.0
2025-04-30 13:00:00+00:00,2.3836,332874.9926,2.384,1247326.0
2025-04-30 14:00:00+00:00,2.4411,282994.0906,2.441,1548276.0
2025-04-30 15:00:00+00:00,2.4202,177402.9504,2.421,258424.0
2025-04-30 16:00:00+00:00,2.4413,140043.3526,2.442,289016.0
2025-04-30 17:00:00+00:00,2.4554,131487.1063,2.456,281022.0
2025-04-30 18:00:00+00:00,2.4587,148434.1729,2.458,515700.0
2025-04-30 19:00:00+00:00,2.4641,106062.7368,2.464,251231.0
2025-04-30 20:00:00+00:00,2.4746,132547.5239,2.475,253473.0
2025-04-30 21:00:00+00:00,2.4553,104202.6637,2.455,659537.0
2025-04-30 22:00:00+00:00,2.4675,110055.4419,2.467,296493.0
2025-04-30 23:00:00+00:00,2.4634,79793.5783,2.462,491508.0
2025-05-01 00:00:00+00:00,2.4845,79074.7943,2.488,127979.0
2025-05-01 01:00:00+00:00,2.4992,127522.157,2.499,284917.0
2025-05-01 02:00:00+00:00,2.4842,130282.0504,2.484,306796.0
2025-05-01 03:00:00+00:00,2.4778,136779.0823,2.476,236456.0
2025-05-01 04:00:00+00:00,2.4802,126911.5626,2.48,51969.0
2025-05-01 05:00:00+00:00,2.4965,140877.7411,2.496,129507.0
2025-05-01 06:00:00+00:00,2.4959,122127.0887,2.496,94837.0
2025-05-01 07:00:00+00:00,2.5001,106039.4994,2.5,469968.0
2025-05-01 08:00:00+00:00,2.5207,144824.495,2.52,318592.0
2025-05-01 09:00:00+00:00,2.5442,135122.8212,2.544,289877.0
2025-05-01 10:00:00+00:00,2.5827,281383.0227,2.582,1187180.0
2025-05-01 11:00:00+00:00,2.5835,135011.4673,2.582,188222.0
2025-05-01 12:00:00+00:00,2.5825,159157.5804,2.582,246241.0
2025-05-01 13:00:00+00:00,2.5344,230079.03592624,2.535,775660.0
2025-05-01 14:00:00+00:00,2.5778,210693.3576,2.577,587739.0
2025-05-01 15:00:00+00:00,2.5531,210637.6433,2.552,353224.0
2025-05-01 16:00:00+00:00,2.5746,137219.8324,2.576,447904.0
2025-05-01 17:00:00+00:00,2.5776,130352.7661,2.576,300663.0
2025-05-01 18:00:00+00:00,2.5852,131395.1711,2.584,309551.0
2025-05-01 19:00:00+00:00,2.5837,148201.8849,2.585,528831.0
2025-05-01 20:00:00+00:00,2.577,136161.4631,2.577,97910.0
2025-05-01 21:00:00+00:00,2.569,98949.472,2.573,77239.0
2025-05-01 22:00:00+00:00,2.5601,172190.46937131,2.558,139033.0
2025-05-01 23:00:00+00:00,2.5413,272173.5572,2.541,365174.0
2025-05-02 00:00:00+00:00,2.5852,129067.2056,2.585,277939.0
2025-05-02 01:00:00+00:00,2.569,170957.5198,2.57,317985.0
2025-05-02 02:00:00+00:00,2.6035,183623.7364,2.603,194528.0
2025-05-02 03:00:00+00:00,2.5809,189303.4908,2.582,725652.0
2025-05-02 04:00:00+00:00,2.5503,146664.1706,2.55,222769.0
2025-05-02 05:00:00+00:00,2.54,163037.3707,2.54,295143.0
2025-05-02 06:00:00+00:00,2.5357,127735.6404,2.536,330004.0
2025-05-02 07:00:00+00:00,2.5263,130452.3536,2.526,338730.0
2025-05-02 08:00:00+00:00,2.5447,117364.5652,2.544,212588.0
2025-05-02 09:00:00+00:00,2.5391,94919.774,2.54,97786.0
2025-05-02 10:00:00+00:00,2.5515,139621.8605,2.551,222124.0
2025-05-02 11:00:00+00:00,2.5461,120909.3223,2.545,76172.0
2025-05-02 12:00:00+00:00,2.5725,198335.4793,2.569,536045.0
2025-05-02 13:00:00+00:00,2.5566,167102.8433,2.557,398675.0
2025-05-02 14:00:00+00:00,2.5874,168405.7819,2.587,245335.0
2025-05-02 15:00:00+00:00,2.5796,206887.0984,2.58,587422.0
2025-05-02 16:00:00+00:00,2.5832,191284.3476,2.586,626373.0
2025-05-02 17:00:00+00:00,2.5613,139900.3156,2.562,328901.0
2025-05-02 18:00:00+00:00,2.5456,135578.1084,2.545,616594.0
2025-05-02 19:00:00+00:00,2.5128,153409.9625,2.512,1082107.0
2025-05-02 20:00:00+00:00,2.5169,123162.4739,2.517,316039.0
2025-05-02 21:00:00+00:00,2.5006,126254.965,2.503,1661913.0
2025-05-02 22:00:00+00:00,2.5036,122590.6452,2.501,691393.0
2025-05-02 23:00:00+00:00,2.5108,91508.4819,2.51,86960.0
2025-05-03 00:00:00+00:00,2.4869,166578.547,2.487,803872.0
2025-05-03 01:00:00+00:00,2.472,156749.2897,2.471,832371.0
2025-05-03 02:00:00+00:00,2.4791,104699.9409,2.478,171319.0
2025-05-03 03:00:00+00:00,2.4745,97072.5743,2.477,40734.0
2025-05-03 04:00:00+00:00,2.4927,127832.8967,2.492,357536.0
2025-05-03 05:00:00+00:00,2.4927,116978.7963,2.494,140383.0
2025-05-03 06:00:00+00:00,2.4825,97867.1647,2.481,121323.0
2025-05-03 07:00:00+00:00,2.4699,112112.1371,2.471,257615.0
2025-05-03 08:00:00+00:00,2.4854,224744.331,2.485,1545933.0
2025-05-03 09:00:00+00:00,2.4754,104672.4671,2.471,186572.0
2025-05-03 10:00:00+00:00,2.4506,145608.7476,2.448,435072.0
2025-05-03 11:00:00+00:00,2.448,114932.7314,2.45,322044.0
2025-05-03 12:00:00+00:00,2.4699,110408.2169,2.468,126334.0
2025-05-03 13:00:00+00:00,2.4654,156953.1963,2.466,680479.0
2025-05-03 14:00:00+00:00,2.4694,98786.2387,2.468,289281.0
2025-05-03 15:00:00+00:00,2.4594,167066.0097,2.459,677526.0
2025-05-03 16:00:00+00:00,2.4333,150640.6283,2.431,527277.0
2025-05-03 17:00:00+00:00,2.4354,134719.5791,2.433,1092560.0
2025-05-03 18:00:00+00:00,2.4275,99211.3851,2.426,354632.0
2025-05-03 19:00:00+00:00,2.4615,100789.5723,2.463,155458.0
2025-05-03 20:00:00+00:00,2.4432,112629.2902,2.445,77891.0
2025-05-03 21:00:00+00:00,2.4414,89257.0125,2.44,191496.0
2025-05-03 22:00:00+00:00,2.4406,75824.1167,2.444,65612.0
2025-05-03 23:00:00+00:00,2.4215,126599.8786,2.422,795848.0
2025-05-04 00:00:00+00:00,2.4101,174813.8322,2.413,998001.0
2025-05-04 01:00:00+00:00,2.4315,120577.2836,2.431,167345.0
2025-05-04 02:00:00+00:00,2.4312,152124.7967,2.433,275369.0
2025-05-04 03:00:00+00:00,2.4269,107628.2263,2.427,51855.0
2025-05-04 04:00:00+00:00,2.418,99387.6848,2.422,81982.0
2025-05-04 05:00:00+00:00,2.4256,114575.9937,2.425,120863.0
2025-05-04 06:00:00+00:00,2.424,104300.7529,2.422,76288.0
2025-05-04 07:00:00+00:00,2.4219,95010.1774,2.421,147735.0
2025-05-04 08:00:00+00:00,2.3994,172085.6161,2.399,352870.0
2025-05-04 09:00:00+00:00,2.3891,116293.3958,2.391,387386.0
2025-05-04 10:00:00+00:00,2.3921,110170.4311,2.395,246985.0
2025-05-04 11:00:00+00:00,2.3882,102325.5242,2.39,321517.0
2025-05-04 12:00:00+00:00,2.3749,116750.0833,2.375,525570.0
2025-05-04 13:00:00+00:00,2.3713,131930.5247,2.371,656350.0
2025-05-04 14:00:00+00:00,2.3722,206846.4517,2.374,754272.0
2025-05-04 15:00:00+00:00,2.3529,131495.8416,2.352,461573.0
2025-05-04 16:00:00+00:00,2.3395,120901.0096,2.339,501375.0
2025-05-04 17:00:00+00:00,2.3293,318391.8191,2.329,888719.0
2025-05-04 18:00:00+00:00,2.3175,163772.1207,2.317,486845.0
2025-05-04 19:00:00+00:00,2.3232,114645.5266,2.323,379320.0
2025-05-04 20:00:00+00:00,2.3384,119765.2467,2.339,319546.0
2025-05-04 21:00:00+00:00,2.3415,216873.7886,2.34,226878.0
2025-05-04 22:00:00+00:00,2.3195,176503.64,2.316,1962455.0
2025-05-04 23:00:00+00:00,2.3212,96627.254,2.322,259842.0
2025-05-05 00:00:00+00:00,2.3454,134340.0672,2.348,232336.0
2025-05-05 01:00:00+00:00,2.3174,184981.5741,2.318,577971.0
2025-05-05 02:00:00+00:00,2.3506,159120.4139,2.351,345956.0
2025-05-05 03:00:00+00:00,2.3354,140310.5843,2.335,166881.0
2025-05-05 04:00:00+00:00,2.3595,148608.3851,2.359,179252.0
2025-05-05 05:00:00+00:00,2.3805,136460.7081,2.381,241650.0
2025-05-05 06:00:00+00:00,2.3774,117513.1878,2.378,294520.0
2025-05-05 07:00:00+00:00,2.3874,147839.9085,2.385,100054.0
2025-05-05 08:00:00+00:00,2.3824,203324.4704,2.383,391431.0
2025-05-05 09:00:00+00:00,2.3672,116450.1993,2.367,230905.0
2025-05-05 10:00:00+00:00,2.3405,188382.2948,2.34,464642.0
2025-05-05 11:00:00+00:00,2.3384,174723.3149,2.339,435355.0
2025-05-05 12:00:00+00:00,2.325,222017.7301,2.324,199834.0
2025-05-05 13:00:00+00:00,2.3373,170205.0717,2.338,429336.0
2025-05-05 14:00:00+00:00,2.3328,228276.0409,2.333,414872.0
2025-05-05 15:00:00+00:00,2.3159,170556.4108,2.316,552838.0
2025-05-05 16:00:00+00:00,2.3272,204460.8816,2.328,279102.0
2025-05-05 17:00:00+00:00,2.3494,149567.9944,2.349,699425.0
2025-05-05 18:00:00+00:00,2.3568,137715.3915,2.357,422305.0
2025-05-05 19:00:00+00:00,2.3299,149955.0698,2.329,125484.0
2025-05-05 20:00:00+00:00,2.3002,180361.1905,2.301,675913.0
2025-05-05 21:00:00+00:00,2.3208,109886.6709,2.322,220868.0
2025-05-05 22:00:00+00:00,2.3378,127852.487,2.339,152560.0
2025-05-05 23:00:00+00:00,2.3145,78761.3238,2.315,235064.0
2025-05-06 00:00:00+00:00,2.3226,109482.5335,2.315,239789.0
2025-05-06 01:00:00+00:00,2.3254,172532.3815,2.329,268363.0
2025-05-06 02:00:00+00:00,2.3212,165807.856,2.321,1213409.0
2025-05-06 03:00:00+00:00,2.3298,158775.8019,2.33,841134.0
2025-05-06 04:00:00+00:00,2.3276,132444.8932,2.327,27089.0
2025-05-06 05:00:00+00:00,2.3164,128019.532,2.316,88089.0
2025-05-06 06:00:00+00:00,2.325,120136.8738,2.325,51268.0
2025-05-06 07:00:00+00:00,2.3215,166195.728,2.321,61378.0
2025-05-06 08:00:00+00:00,2.3114,189271.6757,2.311,491673.0
2025-05-06 09:00:00+00:00,2.3013,188035.6852,2.301,890266.0
2025-05-06 10:00:00+00:00,2.2749,255354.4892,2.276,633133.0
2025-05-06 11:00:00+00:00,2.2777,328937.3369,2.274,547293.0
2025-05-06 12:00:00+00:00,2.2803,196659.1133,2.281,125558.0
2025-05-06 13:00:00+00:00,2.2644,239491.0282,2.266,703245.0
2025-05-06 14:00:00+00:00,2.2839,225754.8857,2.286,593279.0
2025-05-06 15:00:00+00:00,2.272,173632.8201,2.273,250747.0
2025-05-06 16:00:00+00:00,2.2607,173001.7664,2.261,155753.0
2025-05-06 17:00:00+00:00,2.2734,180503.3136,2.275,643616.0
2025-05-06 18:00:00+00:00,2.3138,251114.5832,2.317,848401.0
2025-05-06 19:00:00+00:00,2.2915,167713.3047,2.294,228558.0
2025-05-06 20:00:00+00:00,2.2707,238401.6512,2.274,610536.0
2025-05-06 21:00:00+00:00,2.2601,239594.5018,2.263,1081600.0
2025-05-06 22:00:00+00:00,2.3241,295929.2378,2.326,1159278.0
2025-05-06 23:00:00+00:00,2.3277,168626.2257,2.326,686303.0
2025-05-07 00:00:00+00:00,2.3651,132527.3336,2.365,731615.0
2025-05-07 01:00:00+00:00,2.3796,99875.768,2.381,506347.0
2025-05-07 02:00:00+00:00,2.3118,318364.8355,2.311,3301243.0
2025-05-07 03:00:00+00:00,2.3109,236869.494,2.309,481648.0
2025-05-07 04:00:00+00:00,2.3014,148763.90109785,2.302,327152.0
2025-05-07 05:00:00+00:00,2.2875,169290.0993,2.288,257336.0
2025-05-07 06:00:00+00:00,2.2983,176718.8326,2.297,339653.0
2025-05-07 07:00:00+00:00,2.3469,264893.4019,2.346,1076174.0
2025-05-07 08:00:00+00:00,2.3353,230532.7208,2.335,738124.0
2025-05-07 09:00:00+00:00,2.3371,160140.2018,2.335,392944.0
2025-05-07 10:00:00+00:00,2.3283,136096.4633,2.332,42846.0
2025-05-07 11:00:00+00:00,2.3325,117653.061,2.333,160581.0
2025-05-07 12:00:00+00:00,2.3081,284515.7043,2.302,280082.0
2025-05-07 13:00:00+00:00,2.3149,210181.5889,2.315,448573.0
2025-05-07 14:00:00+00:00,2.297,250103.6647,2.298,848968.0
2025-05-07 15:00:00+00:00,2.2761,319158.4353,2.278,1275656.0
2025-05-07 16:00:00+00:00,2.2712,305788.9084,2.271,1445774.0
2025-05-07 17:00:00+00:00,2.2665,227654.297,2.264,377194.0
2025-05-07 18:00:00+00:00,2.2468,616611.3947,2.253,4419130.0
2025-05-07 19:00:00+00:00,2.2409,181220.4198,2.243,1099174.0
2025-05-07 20:00:00+00:00,2.2589,218461.6819,2.259,163021.0
2025-05-07 21:00:00+00:00,2.2647,257717.3839,2.266,678429.0
2025-05-07 22:00:00+00:00,2.2883,188667.2998,2.288,176832.0
2025-05-07 23:00:00+00:00,2.2844,151827.1048,2.285,364584.0
2025-05-08 00:00:00+00:00,2.3096,188384.1762,2.31,318524.0
2025-05-08 01:00:00+00:00,2.3208,236906.8289,2.32,699446.0
2025-05-08 02:00:00+00:00,2.3567,177400.134,2.357,399307.0
2025-05-08 03:00:00+00:00,2.4016,194658.6827,2.402,333700.0
2025-05-08 04:00:00+00:00,2.4089,259732.8582,2.407,1078178.0
2025-05-08 05:00:00+00:00,2.398,201909.6289,2.4,568897.0
2025-05-08 06:00:00+00:00,2.4244,174291.5411,2.424,165161.0
2025-05-08 07:00:00+00:00,2.4385,283567.8801,2.433,1096183.0
2025-05-08 08:00:00+00:00,2.4516,198787.5824,2.449,542946.0
2025-05-08 09:00:00+00:00,2.4607,146666.4127,2.46,324715.0
2025-05-08 10:00:00+00:00,2.4931,291218.5838,2.493,558205.0
2025-05-08 11:00:00+00:00,2.4972,208228.7787,2.498,469587.0
2025-05-08 12:00:00+00:00,2.4948,251254.3861,2.494,1887979.0
2025-05-08 13:00:00+00:00,2.5037,333801.1871,2.509,329049.0
2025-05-08 14:00:00+00:00,2.5116,261884.8169,2.512,396177.0
2025-05-08 15:00:00+00:00,2.5868,418262.7575,2.585,2918701.0
2025-05-08 16:00:00+00:00,2.6145,353965.9653,2.613,679176.0
2025-05-08 17:00:00+00:00,2.5936,249887.1193,2.594,268234.0
2025-05-08 18:00:00+00:00,2.6095,291175.555,2.61,284244.0
2025-05-08 19:00:00+00:00,2.6263,214506.4812,2.627,326250.0
2025-05-08 20:00:00+00:00,2.6891,309792.9189,2.69,534925.0
2025-05-08 21:00:00+00:00,2.6928,496228.2797,2.692,1575831.0
2025-05-08 22:00:00+00:00,2.6836,170431.6647,2.684,399429.0
2025-05-08 23:00:00+00:00,2.7357,266801.2845,2.734,1171776.0
2025-05-09 00:00:00+00:00,2.7341,240516.7628,2.739,842149.0
2025-05-09 01:00:00+00:00,2.7753,288817.1627,2.775,1276255.0
2025-05-09 02:00:00+00:00,2.7853,211142.188,2.785,439630.0
2025-05-09 03:00:00+00:00,2.7506,244603.9668,2.749,876047.0
2025-05-09 04:00:00+00:00,2.7555,248806.1177,2.754,483726.0
2025-05-09 05:00:00+00:00,2.7788,190418.603,2.779,260428.0
2025-05-09 06:00:00+00:00,2.8213,185132.7237,2.822,306669.0
2025-05-09 07:00:00+00:00,2.8839,287803.5546,2.886,1283114.0
2025-05-09 08:00:00+00:00,2.8919,512939.2156,2.892,2101745.0
2025-05-09 09:00:00+00:00,2.8678,215525.8996,2.87,1113064.0
2025-05-09 10:00:00+00:00,2.9265,269454.9112,2.925,311385.0
2025-05-09 11:00:00+00:00,2.9262,391827.5414,2.927,1882917.0
2025-05-09 12:00:00+00:00,2.9275,292793.6566,2.929,612559.0
2025-05-09 13:00:00+00:00,2.9323,397720.5565,2.933,3376160.0
2025-05-09 14:00:00+00:00,2.8783,460489.3912,2.88,6636219.0
2025-05-09 15:00:00+00:00,2.8947,213868.4583,2.896,328892.0
2025-05-09 16:00:00+00:00,2.8477,231821.734,2.851,976287.0
2025-05-09 17:00:00+00:00,2.9059,283793.7177,2.908,1377835.0
2025-05-09 18:00:00+00:00,2.9029,174443.631,2.903,369679.0
2025-05-09 19:00:00+00:00,2.8916,183088.1807,2.888,521306.0
2025-05-09 20:00:00+00:00,2.9042,142406.1188,2.905,491051.0
2025-05-09 21:00:00+00:00,2.9052,124515.8384,2.902,396348.0
2025-05-09 22:00:00+00:00,2.8827,84835.3551,2.886,57298.0
2025-05-09 23:00:00+00:00,2.9014,56084.26905832,2.902,568439.0
2025-05-10 00:00:00+00:00,2.8848,115291.5716,2.887,1283050.0
2025-05-10 01:00:00+00:00,2.9088,90445.4338,2.912,259615.0
2025-05-10 02:00:00+00:00,2.9334,84256.9431,2.938,263073.0
2025-05-10 03:00:00+00:00,2.945,109633.0415,2.947,247629.0
2025-05-10 04:00:00+00:00,2.9485,195226.3065,2.952,682205.0
2025-05-10 05:00:00+00:00,2.9648,175180.054,2.969,351971.0
2025-05-10 06:00:00+00:00,2.9876,175371.8481,2.989,1169646.0
2025-05-10 07:00:00+00:00,2.9865,194371.3449,2.995,393408.0
2025-05-10 08:00:00+00:00,2.9778,245191.942,2.98,619213.0
2025-05-10 09:00:00+00:00,3.0203,178113.0066,3.027,1470422.0
2025-05-10 10:00:00+00:00,2.9692,168989.1752,2.969,931254.0
2025-05-10 11:00:00+00:00,2.9249,204874.812,2.926,1692944.0
2025-05-10 12:00:00+00:00,2.9488,124713.3649,2.95,437815.0
2025-05-10 13:00:00+00:00,3.0068,132203.0426,3.008,594726.0
2025-05-10 14:00:00+00:00,2.9992,139805.5252,3.001,579233.0
2025-05-10 15:00:00+00:00,2.9627,155057.9704,2.963,681424.0
2025-05-10 16:00:00+00:00,3.0282,195011.564,3.029,412685.0
2025-05-10 17:00:00+00:00,3.0236,266966.966,3.023,1495293.0
2025-05-10 18:00:00+00:00,3.0536,166337.4116,3.054,640024.0
2025-05-10 19:00:00+00:00,3.0734,165810.1439,3.073,569598.0
2025-05-10 20:00:00+00:00,3.1347,204587.8268,3.134,980258.0
2025-05-10 21:00:00+00:00,3.1847,194967.271,3.182,671440.0
2025-05-10 22:00:00+00:00,3.2894,277014.7936,3.287,1381441.0
2025-05-10 23:00:00+00:00,3.3504,325440.5285,3.35,2256090.0
2025-05-11 00:00:00+00:00,3.3291,352147.6668,3.332,2289147.0
2025-05-11 01:00:00+00:00,3.2909,321647.2462,3.292,982796.0
2025-05-11 02:00:00+00:00,3.331,253868.3546,3.33,521565.0
2025-05-11 03:00:00+00:00,3.3071,247567.0562,3.309,1117853.0
2025-05-11 04:00:00+00:00,3.3056,224045.2781,3.307,723357.0
2025-05-11 05:00:00+00:00,3.3019,198832.3756,3.306,380607.0
2025-05-11 06:00:00+00:00,3.2645,260520.5887,3.268,797654.0
2025-05-11 07:00:00+00:00,3.1849,238741.1684,3.185,1817120.0
2025-05-11 08:00:00+00:00,3.1759,156235.81532913,3.177,517940.0
2025-05-11 09:00:00+00:00,3.1967,143062.2886,3.197,661688.0
2025-05-11 10:00:00+00:00,3.1864,148155.7752,3.185,196517.0
2025-05-11 11:00:00+00:00,3.2063,118917.7539,3.207,371558.0
2025-05-11 12:00:00+00:00,3.1815,167860.1984,3.182,664460.0
2025-05-11 13:00:00+00:00,3.0989,201426.5274,3.097,1145427.0
2025-05-11 14:00:00+00:00,3.1428,146720.4109,3.142,522126.0
2025-05-11 15:00:00+00:00,3.1146,152983.2001,3.116,906927.0
2025-05-11 16:00:00+00:00,3.1085,147438.7444,3.111,582023.0
2025-05-11 17:00:00+00:00,3.1513,168912.2353,3.15,457231.0
2025-05-11 18:00:00+00:00,3.1685,136959.0916,3.17,717955.0
2025-05-11 19:00:00+00:00,3.1653,151496.1625,3.168,717857.0
2025-05-11 20:00:00+00:00,3.1351,318503.1008,3.137,480142.0
2025-05-11 21:00:00+00:00,3.1445,301442.7402,3.149,273325.0
2025-05-11 22:00:00+00:00,3.1413,117613.9828,3.142,878674.0
2025-05-11 23:00:00+00:00,3.1405,112513.5702,3.142,669017.0
2025-05-12 00:00:00+00:00,3.179,116982.5976,3.179,743847.0
2025-05-12 01:00:00+00:00,3.1314,238200.1434,3.136,1168842.0
2025-05-12 02:00:00+00:00,3.1614,214282.8852,3.162,736147.0
2025-05-12 03:00:00+00:00,3.1873,178920.9139,3.188,431180.0
2025-05-12 04:00:00+00:00,3.2073,164580.4877,3.209,378129.0
2025-05-12 05:00:00+00:00,3.1602,202116.3782,3.162,698834.0
2025-05-12 06:00:00+00:00,3.2138,153352.9253,3.216,482784.0
2025-05-12 07:00:00+00:00,3.218,384781.5769,3.219,2051830.0
2025-05-12 08:00:00+00:00,3.2479,208154.9495,3.248,2255767.0
2025-05-12 09:00:00+00:00,3.2321,208617.5096,3.23,2284758.0
2025-05-12 10:00:00+00:00,3.2313,188011.6048,3.23,1079780.0
2025-05-12 11:00:00+00:00,3.1755,188256.8405,3.173,650366.0
2025-05-12 12:00:00+00:00,3.2369,225863.3467,3.236,768732.0
2025-05-12 13:00:00+00:00,3.2726,271846.209,3.27,1056847.0
2025-05-12 14:00:00+00:00,3.1775,345602.7852,3.176,1859071.0
2025-05-12 15:00:00+00:00,3.1369,202622.9004,3.136,1346209.0
2025-05-12 16:00:00+00:00,3.1827,133075.6555,3.182,875886.0
2025-05-12 17:00:00+00:00,3.149,123500.2911,3.147,1102626.0
2025-05-12 18:00:00+00:00,3.0732,242322.4545,3.074,2712459.0
2025-05-12 19:00:00+00:00,3.1323,142256.709,3.132,988099.0
2025-05-12 20:00:00+00:00,3.1574,230787.3546,3.16,1036626.0
2025-05-12 21:00:00+00:00,3.1815,91540.6283,3.185,604462.0
2025-05-12 22:00:00+00:00,3.187,68282.8045,3.186,840420.0
2025-05-12 23:00:00+00:00,3.1873,71447.5173,3.188,369994.0
2025-05-13 00:00:00+00:00,3.1269,150626.1948,3.127,582234.0
2025-05-13 01:00:00+00:00,3.0757,162972.6022,3.077,1271189.0
2025-05-13 02:00:00+00:00,3.0384,195969.192,3.042,2036937.0
2025-05-13 03:00:00+00:00,3.0116,157165.6736,3.014,736818.0
2025-05-13 04:00:00+00:00,3.103,207119.0525,3.104,1753225.0
2025-05-13 05:00:00+00:00,3.0749,130622.0674,3.076,1046727.0
2025-05-13 06:00:00+00:00,3.0534,128855.1834,3.055,467911.0
2025-05-13 07:00:00+00:00,3.0543,136413.629,3.055,865033.0
2025-05-13 08:00:00+00:00,3.0545,129273.7261,3.055,621228.0
2025-05-13 09:00:00+00:00,3.1004,119598.6447,3.102,204540.0
2025-05-13 10:00:00+00:00,3.0886,154709.4284,3.09,603809.0
2025-05-13 11:00:00+00:00,3.0849,151540.945,3.085,563021.0
2025-05-13 12:00:00+00:00,3.1178,235392.1723,3.119,1020094.0
2025-05-13 13:00:00+00:00,3.1326,175322.705,3.135,1031429.0
2025-05-13 14:00:00+00:00,3.0923,158593.2919,3.092,710358.0
2025-05-13 15:00:00+00:00,3.1507,133417.8314,3.149,486171.0
2025-05-13 16:00:00+00:00,3.1636,154543.4505,3.164,1297132.0
2025-05-13 17:00:00+00:00,3.1844,167847.3026,3.184,229586.0
2025-05-13 18:00:00+00:00,3.2223,160008.5201,3.223,423081.0
2025-05-13 19:00:00+00:00,3.2522,225901.8596,3.249,1296527.0
2025-05-13 20:00:00+00:00,3.2545,167305.0349,3.255,782353.0
2025-05-13 21:00:00+00:00,3.251,92786.5165,3.251,321360.0
2025-05-13 22:00:00+00:00,3.246,106227.2903,3.251,217764.0
2025-05-13 23:00:00+00:00,3.2067,82031.6844,3.208,3746604.0
2025-05-14 00:00:00+00:00,3.2419,120169.668,3.242,1613749.0
2025-05-14 01:00:00+00:00,3.2443,206567.9108,3.243,848786.0
2025-05-14 02:00:00+00:00,3.238,167528.6374,3.237,605282.0
2025-05-14 03:00:00+00:00,3.2321,111780.5041,3.231,200434.0
2025-05-14 04:00:00+00:00,3.2605,148469.4376,3.258,937005.0
2025-05-14 05:00:00+00:00,3.2536,109944.2054,3.251,516283.0
2025-05-14 06:00:00+00:00,3.2405,100122.8728,3.237,311407.0
2025-05-14 07:00:00+00:00,3.1929,133887.42,3.193,502801.0
2025-05-14 08:00:00+00:00,3.1062,279320.4024,3.104,1772381.0
2025-05-14 09:00:00+00:00,3.1389,147412.0708,3.138,417572.0
2025-05-14 10:00:00+00:00,3.1372,112163.0507,3.136,813911.0
2025-05-14 11:00:00+00:00,3.1463,137160.4475,3.146,465864.0
2025-05-14 12:00:00+00:00,3.1014,122192.0173,3.101,490815.0
2025-05-14 13:00:00+00:00,3.0993,172898.6878,3.106,2415947.0
2025-05-14 14:00:00+00:00,3.0755,184040.678,3.073,1092003.0
2025-05-14 15:00:00+00:00,3.0934,156189.6857,3.092,525228.0
2025-05-14 16:00:00+00:00,3.0655,161346.5489,3.065,1038642.0
2025-05-14 17:00:00+00:00,3.0649,140256.4999,3.064,956900.0
2025-05-14 18:00:00+00:00,3.0639,178251.6124,3.063,312560.0
2025-05-14 19:00:00+00:00,3.0671,117561.2918,3.065,73397.0
2025-05-14 20:00:00+00:00,3.0595,146008.1723,3.059,477988.0
2025-05-14 21:00:00+00:00,3.0721,173490.652,3.071,358507.0
2025-05-14 22:00:00+00:00,3.0456,94829.2123,3.045,358741.0
2025-05-14 23:00:00+00:00,3.051,75337.4774,3.05,638785.0
2025-05-15 00:00:00+00:00,3.0876,94938.0585,3.087,267749.0
2025-05-15 01:00:00+00:00,3.0236,110043.3912,3.022,1387293.0
2025-05-15 02:00:00+00:00,3.0393,91671.6421,3.038,417553.0
2025-05-15 03:00:00+00:00,3.0089,141556.7791,3.007,403537.0
2025-05-15 04:00:00+00:00,3.0142,178698.7737,3.017,2406022.0
2025-05-15 05:00:00+00:00,2.9603,170411.1219,2.962,1364390.0
2025-05-15 06:00:00+00:00,2.951,160920.7888,2.95,503454.0
2025-05-15 07:00:00+00:00,2.8648,210579.7766,2.866,1304350.0
2025-05-15 08:00:00+00:00,2.9383,169880.2562,2.939,2987804.0
2025-05-15 10:00:00+00:00,2.8605,241285.3665,2.861,1550190.0
2025-05-15 11:00:00+00:00,2.8825,149326.5062,2.885,528674.0
2025-05-15 12:00:00+00:00,2.8918,285291.2122,2.892,1465091.0
2025-05-15 13:00:00+00:00,2.8646,220129.8392,2.862,1382201.0
2025-05-15 14:00:00+00:00,2.8504,222908.1255,2.851,2012299.0
2025-05-15 15:00:00+00:00,2.9391,230306.0965,2.939,569692.0
2025-05-15 16:00:00+00:00,2.9836,198748.6107,2.985,948143.0
2025-05-15 17:00:00+00:00,2.9582,119323.337,2.959,551251.0
2025-05-15 18:00:00+00:00,2.8965,282259.8521,2.895,3326687.0
2025-05-15 19:00:00+00:00,2.9203,189391.6059,2.92,2127473.0
2025-05-15 20:00:00+00:00,2.9069,259986.3999,2.908,1474717.0
2025-05-15 21:00:00+00:00,2.8885,239264.8767,2.888,1197778.0
2025-05-15 22:00:00+00:00,2.8672,118782.2947,2.867,384123.0
2025-05-15 23:00:00+00:00,2.8827,100160.3164,2.883,1049241.0
2025-05-16 00:00:00+00:00,2.8956,129420.3343,2.895,238686.0
2025-05-16 01:00:00+00:00,2.9005,126891.645,2.901,217742.0
2025-05-16 02:00:00+00:00,2.9196,195891.254,2.92,1227184.0
2025-05-16 03:00:00+00:00,2.9328,108520.6641,2.933,314883.0
2025-05-16 04:00:00+00:00,2.9168,129931.2447,2.917,193990.0
2025-05-16 05:00:00+00:00,2.9258,104535.7887,2.928,141170.0
2025-05-16 06:00:00+00:00,2.9219,130121.2095,2.921,152586.0
2025-05-16 07:00:00+00:00,2.9265,136493.9146,2.926,219726.0
2025-05-16 08:00:00+00:00,2.8923,182902.8072,2.89,412177.0
2025-05-16 09:00:00+00:00,2.9489,152535.2754,2.947,175485.0
2025-05-16 10:00:00+00:00,2.9762,155000.166,2.974,409680.0
2025-05-16 11:00:00+00:00,2.9407,152645.0021,2.941,603442.0
2025-05-16 12:00:00+00:00,2.9024,136534.2148,2.905,490650.0
2025-05-16 13:00:00+00:00,2.9248,111887.5813,2.925,302370.0
2025-05-16 14:00:00+00:00,2.8726,193030.5603,2.873,849940.0
2025-05-16 15:00:00+00:00,2.8903,208493.1388,2.89,498957.0
2025-05-16 16:00:00+00:00,2.8704,170263.127,2.871,1094119.0
2025-05-16 17:00:00+00:00,2.8488,122834.2141,2.848,394767.0
2025-05-16 18:00:00+00:00,2.8508,118771.9723,2.85,368344.0
2025-05-16 19:00:00+00:00,2.8605,108819.9626,2.861,297266.0
2025-05-16 20:00:00+00:00,2.8217,147751.1131,2.822,2215424.0
2025-05-16 21:00:00+00:00,2.8155,112224.4361,2.818,507741.0
2025-05-16 22:00:00+00:00,2.7896,144943.7805,2.79,2547737.0
2025-05-16 23:00:00+00:00,2.7953,46476.6503,2.796,353805.0
2025-05-17 00:00:00+00:00,2.7648,189283.3577,2.765,1552651.0
2025-05-17 01:00:00+00:00,2.7335,182792.3022,2.734,872782.0
2025-05-17 02:00:00+00:00,2.741,140103.8178,2.741,586036.0
2025-05-17 03:00:00+00:00,2.7647,145468.3562,2.764,662621.0
2025-05-17 04:00:00+00:00,2.7951,131608.7456,2.795,231465.0
2025-05-17 05:00:00+00:00,2.7546,111569.5728,2.752,425389.0
2025-05-17 06:00:00+00:00,2.7771,104492.8925,2.771,442629.0
2025-05-17 07:00:00+00:00,2.7743,95705.9564,2.772,643187.0
2025-05-17 08:00:00+00:00,2.7576,110310.4222,2.76,368385.0
2025-05-17 09:00:00+00:00,2.7537,124144.1295,2.753,410134.0
2025-05-17 10:00:00+00:00,2.752,105426.7981,2.751,101373.0
2025-05-17 11:00:00+00:00,2.7348,103975.6795,2.733,323552.0
2025-05-17 12:00:00+00:00,2.7196,120242.7088,2.72,563775.0
2025-05-17 13:00:00+00:00,2.6883,159816.0737,2.685,1422025.0
2025-05-17 14:00:00+00:00,2.7356,127908.2664,2.733,684870.0
2025-05-17 15:00:00+00:00,2.7087,82102.0025,2.709,507934.0
2025-05-17 16:00:00+00:00,2.6934,146754.78,2.693,2014590.0
2025-05-17 17:00:00+00:00,2.6936,105334.5192,2.694,451330.0
2025-05-17 18:00:00+00:00,2.6776,170101.5696,2.678,782735.0
2025-05-17 19:00:00+00:00,2.6784,112640.6857,2.683,130707.0
2025-05-17 20:00:00+00:00,2.7238,139717.5049,2.726,368716.0
2025-05-17 21:00:00+00:00,2.7112,91129.5944,2.713,453309.0
2025-05-17 22:00:00+00:00,2.6737,96740.2664,2.675,426865.0
2025-05-17 23:00:00+00:00,2.6926,67404.3777,2.69,325130.0
2025-05-18 00:00:00+00:00,2.6912,131936.3849,2.69,239076.0
2025-05-18 01:00:00+00:00,2.7072,140957.0712,2.71,340780.0
2025-05-18 02:00:00+00:00,2.6913,122864.4546,2.691,279085.0
2025-05-18 03:00:00+00:00,2.6873,133319.598,2.69,594114.0
2025-05-18 04:00:00+00:00,2.7139,96391.1011,2.713,134172.0
2025-05-18 05:00:00+00:00,2.7698,139390.6261,2.77,446260.0
2025-05-18 06:00:00+00:00,2.7466,105175.2942,2.742,240934.0
2025-05-18 07:00:00+00:00,2.7837,94043.2006,2.784,244114.0
2025-05-18 08:00:00+00:00,2.8032,155308.7237,2.805,236468.0
2025-05-18 09:00:00+00:00,2.7745,154284.1784,2.773,609521.0
2025-05-18 10:00:00+00:00,2.7703,102882.9437,2.767,303396.0
2025-05-18 11:00:00+00:00,2.754,111419.2904,2.753,243028.0
2025-05-18 12:00:00+00:00,2.7702,150979.2402,2.77,570907.0
2025-05-18 13:00:00+00:00,2.8165,137862.6807,2.816,301008.0
2025-05-18 14:00:00+00:00,2.903,190050.0876,2.902,1377763.0
2025-05-18 15:00:00+00:00,2.9306,259162.2804,2.927,1165155.0
2025-05-18 16:00:00+00:00,2.9236,189838.1893,2.934,528295.0
2025-05-18 17:00:00+00:00,2.8028,233980.4729,2.802,1266010.0
2025-05-18 18:00:00+00:00,2.7566,270564.6084,2.759,1113236.0
2025-05-18 19:00:00+00:00,2.6961,169326.6919,2.695,804513.0
2025-05-18 20:00:00+00:00,2.7045,206739.7031,2.704,1398474.0
2025-05-18 21:00:00+00:00,2.7401,220249.7112,2.74,1631730.0
2025-05-18 22:00:00+00:00,2.794,229344.7318,2.793,1045355.0
2025-05-18 23:00:00+00:00,2.8658,131897.2856,2.87,1544627.0
2025-05-19 00:00:00+00:00,2.764,239710.3948,2.764,1807802.0
2025-05-19 01:00:00+00:00,2.7458,172537.9934,2.746,728595.0
2025-05-19 02:00:00+00:00,2.7382,189229.6536,2.736,894381.0
2025-05-19 03:00:00+00:00,2.6945,178875.8136,2.693,600140.0
2025-05-19 04:00:00+00:00,2.6804,202978.9711,2.681,472932.0
2025-05-19 05:00:00+00:00,2.6953,200881.2183,2.694,416330.0
2025-05-19 06:00:00+00:00,2.6528,171954.7484,2.653,1090729.0
2025-05-19 07:00:00+00:00,2.7144,233736.7188,2.717,1838842.0
2025-05-19 08:00:00+00:00,2.7055,163303.1308,2.706,1274147.0
2025-05-19 09:00:00+00:00,2.6904,298551.1708,2.692,631958.0
2025-05-19 10:00:00+00:00,2.6716,127173.886,2.673,207007.0
2025-05-19 11:00:00+00:00,2.6868,122851.0624,2.688,220289.0
2025-05-19 12:00:00+00:00,2.6599,160329.3322,2.661,532363.0
2025-05-19 13:00:00+00:00,2.7169,208536.6119,2.717,808007.0
2025-05-19 14:00:00+00:00,2.732,163395.8572,2.732,611970.0
2025-05-19 15:00:00+00:00,2.747,165924.994,2.749,433426.0
2025-05-19 16:00:00+00:00,2.7789,149936.6361,2.78,856100.0
2025-05-19 17:00:00+00:00,2.7651,167275.2375,2.767,866671.0
2025-05-19 18:00:00+00:00,2.7442,145346.6564,2.744,459543.0
2025-05-19 19:00:00+00:00,2.7702,128003.0965,2.772,508280.0
2025-05-19 20:00:00+00:00,2.7519,124455.3534,2.754,466334.0
2025-05-19 21:00:00+00:00,2.7641,110771.3416,2.765,887816.0
2025-05-19 22:00:00+00:00,2.7423,90674.1033,2.743,329160.0
2025-05-19 23:00:00+00:00,2.7697,45016.2567,2.771,339420.0
2025-05-20 00:00:00+00:00,2.7511,141293.7402,2.749,887787.0
2025-05-20 01:00:00+00:00,2.8221,169394.9188,2.823,990721.0
2025-05-20 02:00:00+00:00,2.8345,172118.9865,2.836,1171248.0
2025-05-20 03:00:00+00:00,2.8174,149203.2188,2.818,1079972.0
2025-05-20 04:00:00+00:00,2.8412,108671.8508,2.841,247227.0
2025-05-20 05:00:00+00:00,2.8273,122506.4275,2.827,700631.0
2025-05-20 06:00:00+00:00,2.8204,135750.42558038,2.823,253753.0
2025-05-20 07:00:00+00:00,2.7832,160091.5222,2.784,371435.0
2025-05-20 08:00:00+00:00,2.7815,138104.8414,2.779,678824.0
2025-05-20 09:00:00+00:00,2.7654,156078.7515,2.764,614162.0
2025-05-20 10:00:00+00:00,2.7395,187203.7938,2.738,522963.0
2025-05-20 11:00:00+00:00,2.7335,256554.685,2.731,616992.0
2025-05-20 12:00:00+00:00,2.7098,138389.177,2.709,878743.0
2025-05-20 13:00:00+00:00,2.7091,152533.9858,2.709,425555.0
2025-05-20 14:00:00+00:00,2.7093,154752.9745,2.708,242448.0
2025-05-20 15:00:00+00:00,2.723,234269.6199,2.723,440764.0
2025-05-20 16:00:00+00:00,2.7014,112530.4718,2.702,345344.0
2025-05-20 17:00:00+00:00,2.7424,153034.727,2.743,787749.0
2025-05-20 18:00:00+00:00,2.6812,258614.682,2.682,1093633.0
2025-05-20 19:00:00+00:00,2.7576,129853.1716,2.758,981121.0
2025-05-20 20:00:00+00:00,2.8047,175833.434,2.802,925141.0
2025-05-20 21:00:00+00:00,2.8107,228504.0203,2.81,1414621.0
2025-05-20 22:00:00+00:00,2.7952,137213.9011,2.797,1594688.0
2025-05-20 23:00:00+00:00,2.8108,65116.5087,2.81,234582.0
2025-05-21 00:00:00+00:00,2.8074,134395.0537,2.805,209761.0
2025-05-21 01:00:00+00:00,2.7905,133112.0342,2.789,103510.0
2025-05-21 02:00:00+00:00,2.8011,163877.7491,2.802,1499501.0
2025-05-21 03:00:00+00:00,2.8213,144993.4236,2.824,931419.0
2025-05-21 04:00:00+00:00,2.8183,175056.3456,2.822,787784.0
2025-05-21 05:00:00+00:00,2.8457,177808.1146,2.848,751526.0
2025-05-21 06:00:00+00:00,2.8471,125426.157,2.849,356674.0
2025-05-21 07:00:00+00:00,2.8008,162301.8226,2.801,1128212.0
2025-05-21 08:00:00+00:00,2.7733,148232.3675,2.772,507438.0
2025-05-21 09:00:00+00:00,2.7645,123606.8738,2.763,325700.0
2025-05-21 10:00:00+00:00,2.773,228496.4998,2.772,420643.0
2025-05-21 11:00:00+00:00,2.8103,128002.135,2.809,422056.0
2025-05-21 12:00:00+00:00,2.7935,134364.6586,2.792,428623.0
2025-05-21 13:00:00+00:00,2.8066,246840.0116,2.81,445285.0
2025-05-21 14:00:00+00:00,2.867,245928.4209,2.866,1415806.0
2025-05-21 15:00:00+00:00,2.8805,225774.1461,2.88,1524307.0
2025-05-21 16:00:00+00:00,2.9184,244218.9524,2.919,1342519.0
2025-05-21 17:00:00+00:00,2.7859,417323.6118,2.786,2617008.0
2025-05-21 18:00:00+00:00,2.7905,293573.6733,2.79,1835906.0
2025-05-21 19:00:00+00:00,2.8328,211861.1395,2.832,941014.0
2025-05-21 20:00:00+00:00,2.8329,271522.6309,2.827,535473.0
2025-05-21 21:00:00+00:00,2.8099,50172.7602,2.808,465736.0
2025-05-21 22:00:00+00:00,2.8601,85216.6315,2.858,497828.0
2025-05-21 23:00:00+00:00,2.8634,238266.5588,2.863,758994.0
2025-05-22 00:00:00+00:00,2.9116,133450.7774,2.912,628349.0
2025-05-22 01:00:00+00:00,2.8823,146126.2548,2.882,520305.0
2025-05-22 02:00:00+00:00,2.907,123433.9459,2.907,228880.0
2025-05-22 03:00:00+00:00,2.9455,142617.7723,2.944,432909.0
2025-05-22 04:00:00+00:00,2.9441,154457.0593,2.943,701200.0
2025-05-22 05:00:00+00:00,2.9153,108245.3749,2.916,281705.0
2025-05-22 06:00:00+00:00,2.9275,120978.2409,2.923,202894.0
2025-05-22 07:00:00+00:00,2.9684,164117.7888,2.968,957386.0
2025-05-22 08:00:00+00:00,2.9847,216746.4751,2.987,520184.0
2025-05-22 09:00:00+00:00,3.0151,174113.6061,3.017,720642.0
2025-05-22 10:00:00+00:00,3.011,181329.0301,3.015,827665.0
2025-05-22 11:00:00+00:00,3.0264,191528.7739,3.028,606231.0
2025-05-22 12:00:00+00:00,3.0017,165761.5959,3.001,541512.0
2025-05-22 13:00:00+00:00,2.9737,279373.6863,2.976,852725.0
2025-05-22 14:00:00+00:00,3.0316,295238.4074,3.034,1170447.0
2025-05-22 15:00:00+00:00,3.0586,211983.7742,3.061,1003238.0
2025-05-22 16:00:00+00:00,3.052,257252.0437,3.052,963841.0
2025-05-22 17:00:00+00:00,3.0669,165191.3758,3.068,407176.0
2025-05-22 18:00:00+00:00,3.0792,201802.6549,3.08,653726.0
2025-05-22 19:00:00+00:00,3.0687,101791.2302,3.07,283411.0
2025-05-22 20:00:00+00:00,3.0484,117046.6335,3.05,419975.0
2025-05-22 21:00:00+00:00,3.0408,90207.9035,3.041,453297.0
2025-05-22 22:00:00+00:00,3.0613,133515.7557,3.062,877137.0
2025-05-22 23:00:00+00:00,3.0761,69484.2111,3.076,553501.0
2025-05-23 00:00:00+00:00,3.0762,99986.6697,3.077,471952.0
2025-05-23 01:00:00+00:00,3.0854,172020.9644,3.086,676631.0
2025-05-23 02:00:00+00:00,3.1231,178866.4909,3.124,1113726.0
2025-05-23 03:00:00+00:00,3.1531,121125.2416,3.151,358952.0
2025-05-23 04:00:00+00:00,3.1059,142240.1027,3.107,578884.0
2025-05-23 05:00:00+00:00,3.0857,138106.521,3.084,669406.0
2025-05-23 06:00:00+00:00,3.0449,133810.1928,3.047,410950.0
2025-05-23 07:00:00+00:00,3.0414,108899.6601,3.043,617440.0
2025-05-23 08:00:00+00:00,3.0925,120348.4198,3.094,412664.0
2025-05-23 09:00:00+00:00,3.1245,135590.6499,3.126,317626.0
2025-05-23 10:00:00+00:00,3.0779,94166.6294,3.077,418923.0
2025-05-23 11:00:00+00:00,2.9205,438694.6801,2.922,3031221.0
2025-05-23 12:00:00+00:00,2.8946,339429.8174,2.893,2273144.0
2025-05-23 13:00:00+00:00,2.9526,151005.9469,2.951,759894.0
2025-05-23 14:00:00+00:00,2.9539,167128.808,2.956,724709.0
2025-05-23 15:00:00+00:00,2.9166,121442.4731,2.917,255574.0
2025-05-23 16:00:00+00:00,2.9304,95524.782,2.929,884000.0
2025-05-23 17:00:00+00:00,2.9386,89847.7687,2.938,373452.0
2025-05-23 18:00:00+00:00,2.9094,132095.3634,2.909,593764.0
2025-05-23 19:00:00+00:00,2.9144,93045.3087,2.912,582263.0
2025-05-23 20:00:00+00:00,2.8754,94097.061,2.874,676422.0
2025-05-23 21:00:00+00:00,2.8709,113891.633,2.87,867414.0
2025-05-23 22:00:00+00:00,2.852,102090.4125,2.851,308754.0
2025-05-23 23:00:00+00:00,2.7975,206256.9942,2.796,1480743.0
2025-05-24 00:00:00+00:00,2.804,144417.2446,2.804,472292.0
2025-05-24 01:00:00+00:00,2.8055,125208.9019,2.801,138963.0
2025-05-24 02:00:00+00:00,2.8234,93599.5255,2.821,280897.0
2025-05-24 03:00:00+00:00,2.8324,100027.0934,2.83,179454.0
2025-05-24 04:00:00+00:00,2.8462,95828.7889,2.846,203926.0
2025-05-24 05:00:00+00:00,2.8324,84830.3372,2.832,135195.0
2025-05-24 06:00:00+00:00,2.8274,83763.2989,2.826,102967.0
2025-05-24 07:00:00+00:00,2.8194,88925.3346,2.817,117330.0
2025-05-24 08:00:00+00:00,2.8262,109594.0348,2.826,254400.0
2025-05-24 09:00:00+00:00,2.8115,75535.6499,2.81,86892.0
2025-05-24 10:00:00+00:00,2.8471,106567.7296,2.847,168777.0
2025-05-24 11:00:00+00:00,2.8375,90390.5302,2.836,162560.0
2025-05-24 12:00:00+00:00,2.8299,97499.186,2.828,249865.0
2025-05-24 13:00:00+00:00,2.8082,185242.9654,2.808,131095.0
2025-05-24 14:00:00+00:00,2.8195,160507.7154,2.822,82954.0
2025-05-24 15:00:00+00:00,2.8065,90837.7832,2.809,532103.0
2025-05-24 16:00:00+00:00,2.8085,97954.5755,2.807,169130.0
2025-05-24 17:00:00+00:00,2.8005,91570.662,2.808,208814.0
2025-05-24 18:00:00+00:00,2.7814,123580.7376,2.781,278069.0
2025-05-24 19:00:00+00:00,2.7955,103081.9866,2.796,169706.0
2025-05-24 20:00:00+00:00,2.8003,92981.1902,2.799,101051.0
2025-05-24 21:00:00+00:00,2.7925,73127.4753,2.792,224950.0
2025-05-24 22:00:00+00:00,2.7694,83276.4453,2.765,342831.0
2025-05-24 23:00:00+00:00,2.7746,102212.1557,2.777,1279718.0
2025-05-25 00:00:00+00:00,2.7411,197899.8594,2.741,1720384.0
2025-05-25 01:00:00+00:00,2.7357,104464.22,2.736,569986.0
2025-05-25 02:00:00+00:00,2.7545,98857.1448,2.756,151375.0
2025-05-25 03:00:00+00:00,2.7647,89136.0115,2.765,85303.0
2025-05-25 04:00:00+00:00,2.7754,76833.6617,2.776,131833.0
2025-05-25 05:00:00+00:00,2.788,73266.2888,2.785,164091.0
2025-05-25 06:00:00+00:00,2.7724,72852.5048,2.767,196120.0
2025-05-25 07:00:00+00:00,2.7509,92578.6299,2.751,293943.0
2025-05-25 08:00:00+00:00,2.7104,163191.1417,2.709,3220839.0
2025-05-25 09:00:00+00:00,2.7053,104814.5896,2.705,625810.0
2025-05-25 10:00:00+00:00,2.6874,76548.665,2.687,354065.0
2025-05-25 11:00:00+00:00,2.6962,76894.2446,2.693,185884.0
2025-05-25 12:00:00+00:00,2.7127,87991.9376,2.714,642179.0
2025-05-25 13:00:00+00:00,2.7057,90799.599,2.705,230722.0
2025-05-25 14:00:00+00:00,2.6836,95882.0637,2.686,540647.0
2025-05-25 15:00:00+00:00,2.6795,158461.4134,2.679,1743041.0
2025-05-25 16:00:00+00:00,2.6649,103378.2087,2.665,230996.0
2025-05-25 17:00:00+00:00,2.6634,95646.8653,2.661,304537.0
2025-05-25 18:00:00+00:00,2.6667,86518.574,2.671,108812.0
2025-05-25 19:00:00+00:00,2.6926,97161.8377,2.693,354115.0
2025-05-25 20:00:00+00:00,2.6848,116348.9349,2.682,129900.0
2025-05-25 21:00:00+00:00,2.6826,73845.0598,2.686,245163.0
2025-05-25 22:00:00+00:00,2.8077,147222.1283,2.806,905640.0
2025-05-25 23:00:00+00:00,2.7959,79452.0366,2.797,249497.0
2025-05-26 00:00:00+00:00,2.8385,115268.3752,2.839,430530.0
2025-05-26 01:00:00+00:00,2.8157,120676.2431,2.817,386513.0
2025-05-26 02:00:00+00:00,2.7926,115027.1129,2.794,206699.0
2025-05-26 03:00:00+00:00,2.8104,73085.1472,2.81,78018.0
2025-05-26 04:00:00+00:00,2.8083,83142.6628,2.806,150753.0
2025-05-26 05:00:00+00:00,2.8167,52842.8277,2.815,99581.0
2025-05-26 06:00:00+00:00,2.8412,76939.5344,2.84,178687.0
2025-05-26 07:00:00+00:00,2.8575,130897.6166,2.856,415306.0
2025-05-26 08:00:00+00:00,2.829,135447.0604,2.823,224954.0
2025-05-26 09:00:00+00:00,2.8279,97539.7215,2.822,230997.0
2025-05-26 10:00:00+00:00,2.8178,68671.5612,2.816,175915.0
2025-05-26 11:00:00+00:00,2.8072,116863.9919,2.807,315545.0
2025-05-26 12:00:00+00:00,2.8344,108320.5489,2.835,458131.0
2025-05-26 13:00:00+00:00,2.7893,145899.2244,2.792,497208.0
2025-05-26 14:00:00+00:00,2.7847,123870.6041,2.782,593356.0
2025-05-26 15:00:00+00:00,2.8181,147435.0206,2.815,314441.0
2025-05-26 16:00:00+00:00,2.7804,138190.2147,2.779,445712.0
2025-05-26 17:00:00+00:00,2.7537,154003.9853,2.752,437665.0
2025-05-26 18:00:00+00:00,2.7538,89953.4461,2.753,163790.0
2025-05-26 19:00:00+00:00,2.7555,84210.3706,2.759,134273.0
2025-05-26 20:00:00+00:00,2.7773,118762.0209,2.776,252500.0
2025-05-26 21:00:00+00:00,2.7644,80432.8986,2.762,220764.0
2025-05-26 22:00:00+00:00,2.7497,89713.1484,2.749,93980.0
2025-05-26 23:00:00+00:00,2.7692,85833.1051,2.768,260908.0
2025-05-27 00:00:00+00:00,2.753,135057.3231,2.753,125695.0
2025-05-27 01:00:00+00:00,2.7269,143218.5027,2.726,883180.0
2025-05-27 02:00:00+00:00,2.7585,86442.3882,2.759,435055.0
2025-05-27 03:00:00+00:00,2.7862,122205.289,2.786,218587.0
2025-05-27 04:00:00+00:00,2.7848,84734.3995,2.785,334711.0
2025-05-27 05:00:00+00:00,2.8025,68956.5091,2.803,157186.0
2025-05-27 06:00:00+00:00,2.8209,133860.9399,2.821,399715.0
2025-05-27 07:00:00+00:00,2.8505,110355.6103,2.848,370405.0
2025-05-27 08:00:00+00:00,2.891,119313.5636,2.891,306839.0
2025-05-27 09:00:00+00:00,2.8711,155950.5728,2.872,395891.0
2025-05-27 10:00:00+00:00,2.8652,106859.2833,2.866,653824.0
2025-05-27 11:00:00+00:00,2.8785,105292.2452,2.877,471052.0
2025-05-27 12:00:00+00:00,2.8764,148200.48549728,2.879,582804.0
2025-05-27 13:00:00+00:00,2.8707,253100.7445,2.87,1528239.0
2025-05-27 14:00:00+00:00,2.8538,143966.5426,2.856,783841.0
2025-05-27 15:00:00+00:00,2.8806,172279.9528,2.881,543284.0
2025-05-27 16:00:00+00:00,2.8867,142887.2905,2.887,366174.0
2025-05-27 17:00:00+00:00,2.8895,134904.1981,2.891,251563.0
2025-05-27 18:00:00+00:00,2.8694,105450.6665,2.871,477344.0
2025-05-27 19:00:00+00:00,2.8634,104595.5214,2.864,106351.0
2025-05-27 20:00:00+00:00,2.8566,96011.8818,2.857,134408.0
2025-05-27 21:00:00+00:00,2.8375,72255.3716,2.837,403225.0
2025-05-27 22:00:00+00:00,2.8203,102742.7607,2.823,411807.0
2025-05-27 23:00:00+00:00,2.8165,47129.624,2.818,248418.0
2025-05-28 00:00:00+00:00,2.8293,117237.4825,2.827,600016.0
2025-05-28 01:00:00+00:00,2.8152,97142.8586,2.81,291285.0
2025-05-28 02:00:00+00:00,2.812,96868.0189,2.812,336509.0
2025-05-28 03:00:00+00:00,2.8294,105837.1415,2.829,274752.0
2025-05-28 04:00:00+00:00,2.8397,85724.4537,2.84,153458.0
2025-05-28 05:00:00+00:00,2.8368,84655.5732,2.836,147428.0
2025-05-28 06:00:00+00:00,2.8114,97974.179,2.813,222734.0
2025-05-28 07:00:00+00:00,2.8286,79044.7725,2.829,289514.0
2025-05-28 08:00:00+00:00,2.863,98406.1096,2.86,305154.0
2025-05-28 09:00:00+00:00,2.8477,128462.2385,2.847,348794.0
2025-05-28 10:00:00+00:00,2.8613,135786.6715,2.862,236078.0
2025-05-28 11:00:00+00:00,2.8668,163913.2335,2.871,476876.0
2025-05-28 12:00:00+00:00,2.8745,133905.4179,2.877,550877.0
2025-05-28 13:00:00+00:00,2.8371,267649.7915,2.835,319974.0
2025-05-28 14:00:00+00:00,2.8011,189913.7143,2.802,1049995.0
2025-05-28 15:00:00+00:00,2.78,171184.43429728,2.78,753155.0
2025-05-28 16:00:00+00:00,2.7992,241826.21019864,2.799,266470.0
2025-05-28 17:00:00+00:00,2.8118,231988.7943,2.813,459158.0
2025-05-28 18:00:00+00:00,2.7774,188586.0541,2.775,654188.0
2025-05-28 19:00:00+00:00,2.7482,223783.0834,2.751,285152.0
2025-05-28 20:00:00+00:00,2.7837,137098.833,2.783,372475.0
2025-05-28 21:00:00+00:00,2.8146,99013.5609,2.815,172476.0
2025-05-28 22:00:00+00:00,2.7997,302759.1135,2.802,382865.0
2025-05-28 23:00:00+00:00,2.8703,188630.5579,2.869,627087.0
2025-05-29 00:00:00+00:00,2.9299,236039.9535,2.93,808377.0
2025-05-29 01:00:00+00:00,2.9182,221747.2652,2.92,1199806.0
2025-05-29 02:00:00+00:00,2.9815,204625.4203,2.982,970171.0
2025-05-29 03:00:00+00:00,2.9465,156715.6606,2.948,276254.0
2025-05-29 04:00:00+00:00,2.9135,142827.85639183,2.914,1111792.0
2025-05-29 05:00:00+00:00,2.9184,146633.36858501,2.917,353387.0
2025-05-29 06:00:00+00:00,2.9509,126077.1398,2.951,497672.0
2025-05-29 07:00:00+00:00,2.9388,129694.4175,2.938,180025.0
2025-05-29 08:00:00+00:00,2.9612,130507.5068,2.964,586332.0
2025-05-29 09:00:00+00:00,2.9282,119380.43704649,2.933,420533.0
2025-05-29 10:00:00+00:00,2.9378,169185.3815,2.936,772415.0
2025-05-29 11:00:00+00:00,2.9446,187558.8323,2.944,698964.0
2025-05-29 12:00:00+00:00,2.8972,173861.6722,2.897,1061731.0
2025-05-29 13:00:00+00:00,2.8595,129406.5941,2.86,705742.0
2025-05-29 14:00:00+00:00,2.8705,311730.1367,2.872,902956.0
2025-05-29 15:00:00+00:00,2.8345,117147.4878,2.835,296353.0
2025-05-29 16:00:00+00:00,2.8218,153722.5618,2.821,213046.0
2025-05-29 17:00:00+00:00,2.8215,150309.6737,2.821,1093931.0
2025-05-29 18:00:00+00:00,2.8009,107258.2677,2.8,454511.0
2025-05-29 19:00:00+00:00,2.7748,98481.33688639,2.776,512155.0
2025-05-29 20:00:00+00:00,2.7883,99926.6643,2.788,506338.0
2025-05-29 21:00:00+00:00,2.8276,85572.51,2.826,780773.0
2025-05-29 22:00:00+00:00,2.7864,92419.7772,2.786,275646.0
2025-05-29 23:00:00+00:00,2.7541,162915.2284,2.755,854409.0
2025-05-30 00:00:00+00:00,2.6176,521561.9843,2.615,4747395.0
2025-05-30 01:00:00+00:00,2.6464,219567.7353,2.644,1992225.0
2025-05-30 02:00:00+00:00,2.6534,166749.2914,2.654,990507.0
2025-05-30 03:00:00+00:00,2.6715,113774.1317,2.671,348040.0
2025-05-30 04:00:00+00:00,2.6531,121610.8321,2.654,820875.0
2025-05-30 05:00:00+00:00,2.6617,93581.6859,2.663,335697.0
2025-05-30 06:00:00+00:00,2.6158,169497.1142,2.615,2081571.0
2025-05-30 07:00:00+00:00,2.6177,136955.27597686,2.617,3088105.0
2025-05-30 08:00:00+00:00,2.6156,144588.0254,2.615,961401.0
2025-05-30 09:00:00+00:00,2.6394,129157.637,2.64,438506.0
2025-05-30 10:00:00+00:00,2.6354,114874.0729,2.635,795935.0
2025-05-30 11:00:00+00:00,2.6462,124350.2236,2.646,251345.0
2025-05-30 12:00:00+00:00,2.6321,321869.7732,2.633,1560188.0
2025-05-30 13:00:00+00:00,2.5907,187884.1894,2.59,1202053.0
2025-05-30 14:00:00+00:00,2.6059,186744.5406,2.606,438972.0
2025-05-30 15:00:00+00:00,2.5821,178257.371,2.58,810041.0
2025-05-30 16:00:00+00:00,2.4958,506323.2662,2.496,3876368.0
2025-05-30 17:00:00+00:00,2.5034,268251.3668,2.501,1343101.0
2025-05-30 18:00:00+00:00,2.5351,173760.0578,2.535,980709.0
2025-05-30 19:00:00+00:00,2.5236,136683.4891,2.525,304162.0
2025-05-30 20:00:00+00:00,2.5106,129631.0735,2.509,323618.0
2025-05-30 21:00:00+00:00,2.4925,111897.4699,2.491,1051641.0
2025-05-30 22:00:00+00:00,2.4366,204665.8579,2.433,2688002.0
2025-05-30 23:00:00+00:00,2.4438,212377.62590392,2.443,2009824.0
2025-05-31 00:00:00+00:00,2.3754,216754.2121,2.374,2767005.0
2025-05-31 01:00:00+00:00,2.3661,221075.1515,2.363,1606743.0
2025-05-31 02:00:00+00:00,2.3546,190575.0659,2.353,718483.0
2025-05-31 03:00:00+00:00,2.3692,152153.336,2.366,1055519.0
2025-05-31 04:00:00+00:00,2.3927,184832.5459,2.392,1187687.0
2025-05-31 05:00:00+00:00,2.3848,146601.2604,2.383,1033488.0
2025-05-31 06:00:00+00:00,2.3942,101142.7967,2.394,375151.0
2025-05-31 07:00:00+00:00,2.412,107792.8592,2.414,355136.0
2025-05-31 08:00:00+00:00,2.3983,148729.2763,2.398,597669.0
2025-05-31 09:00:00+00:00,2.3947,134273.2291,2.394,111587.0
2025-05-31 10:00:00+00:00,2.3837,154802.3075,2.385,424904.0
2025-05-31 11:00:00+00:00,2.3783,125680.4419,2.378,130873.0
2025-05-31 12:00:00+00:00,2.4211,180815.5433,2.42,206194.0
2025-05-31 13:00:00+00:00,2.4221,152174.30797003,2.423,881898.0
2025-05-31 14:00:00+00:00,2.4405,139304.688,2.441,411163.0
2025-05-31 15:00:00+00:00,2.4334,143043.1922,2.433,713481.0
2025-05-31 16:00:00+00:00,2.4582,136278.3414,2.457,628607.0
2025-05-31 17:00:00+00:00,2.4123,436138.2272,2.413,611815.0
2025-05-31 18:00:00+00:00,2.4206,200363.1598,2.422,559538.0
2025-05-31 19:00:00+00:00,2.4225,107401.844,2.422,147905.0
2025-05-31 20:00:00+00:00,2.4237,108443.8821,2.423,74932.0
2025-05-31 21:00:00+00:00,2.4361,273268.9218,2.434,411371.0
2025-05-31 22:00:00+00:00,2.4155,158995.7255,2.415,375144.0
2025-05-31 23:00:00+00:00,2.4213,153197.8168,2.42,405628.0
2025-06-01 00:00:00+00:00,2.4176,121227.6761,2.414,368015.0
2025-06-01 01:00:00+00:00,2.4037,133814.0531,2.399,238519.0
2025-06-01 02:00:00+00:00,2.4147,140584.0868,2.413,765555.0
2025-06-01 03:00:00+00:00,2.4122,110821.1956,2.412,154095.0
2025-06-01 04:00:00+00:00,2.4321,128076.4889,2.431,326504.0
2025-06-01 05:00:00+00:00,2.4255,130118.2024,2.425,119352.0
2025-06-01 06:00:00+00:00,2.4084,87819.6842,2.409,207892.0
2025-06-01 07:00:00+00:00,2.4098,118736.1515,2.409,44464.0
2025-06-01 08:00:00+00:00,2.3978,116580.1401,2.398,408442.0
2025-06-01 09:00:00+00:00,2.3642,431767.9743,2.361,546629.0
2025-06-01 10:00:00+00:00,2.3836,121160.317,2.381,268959.0
2025-06-01 11:00:00+00:00,2.393,105582.7978,2.393,174293.0
2025-06-01 12:00:00+00:00,2.3816,99244.4988,2.376,124521.0
2025-06-01 13:00:00+00:00,2.4006,122824.9657,2.401,229622.0
2025-06-01 14:00:00+00:00,2.4269,129858.9842,2.427,471123.0
2025-06-01 15:00:00+00:00,2.4308,141238.1483,2.43,166005.0
2025-06-01 16:00:00+00:00,2.4533,274901.28185442,2.453,433227.0
2025-06-01 17:00:00+00:00,2.4473,135509.5587,2.447,176712.0
2025-06-01 18:00:00+00:00,2.4169,267460.1877,2.417,368722.0
2025-06-01 19:00:00+00:00,2.4334,106603.1843,2.433,253411.0
2025-06-01 20:00:00+00:00,2.4293,89806.6487,2.428,34635.0
2025-06-01 21:00:00+00:00,2.4563,88804.2312,2.453,103353.0
2025-06-01 22:00:00+00:00,2.4514,110039.299,2.452,669680.0
2025-06-01 23:00:00+00:00,2.4627,89714.3435,2.462,198917.0
2025-06-02 00:00:00+00:00,2.461,124871.1281,2.458,192595.0
2025-06-02 01:00:00+00:00,2.4455,128761.1599,2.444,378400.0
2025-06-02 02:00:00+00:00,2.4337,122078.281,2.434,203811.0
2025-06-02 03:00:00+00:00,2.4201,123391.1278,2.421,772123.0
2025-06-02 04:00:00+00:00,2.4118,116903.7229,2.412,512625.0
2025-06-02 05:00:00+00:00,2.4116,109473.4921,2.411,76391.0
2025-06-02 06:00:00+00:00,2.4206,126680.48,2.426,293076.0
2025-06-02 07:00:00+00:00,2.4309,126891.6461,2.429,151178.0
2025-06-02 08:00:00+00:00,2.4064,168433.5931,2.407,209452.0
2025-06-02 09:00:00+00:00,2.3815,150510.0928,2.381,383998.0
2025-06-02 10:00:00+00:00,2.3889,142864.7018,2.389,671048.0
2025-06-02 11:00:00+00:00,2.3875,117494.157,2.389,182964.0
2025-06-02 12:00:00+00:00,2.4107,114117.7141,2.411,202050.0
2025-06-02 13:00:00+00:00,2.4027,157542.9838,2.403,888387.0
2025-06-02 14:00:00+00:00,2.4203,201029.4563,2.419,611522.0
2025-06-02 15:00:00+00:00,2.4223,172335.0683,2.422,286627.0
2025-06-02 16:00:00+00:00,2.4144,186631.7902,2.416,229633.0
2025-06-02 17:00:00+00:00,2.4226,174454.895,2.423,158037.0
2025-06-02 18:00:00+00:00,2.4135,251248.8892,2.411,218829.0
2025-06-02 19:00:00+00:00,2.4034,158135.7426,2.405,722157.0
2025-06-02 20:00:00+00:00,2.4419,224751.782,2.441,422366.0
2025-06-02 21:00:00+00:00,2.4667,167330.493,2.469,526913.0
2025-06-02 22:00:00+00:00,2.4983,169628.4696,2.499,836310.0
2025-06-02 23:00:00+00:00,2.5027,91717.0562,2.503,414813.0
2025-06-03 00:00:00+00:00,2.5363,177397.7662,2.529,200896.0
2025-06-03 01:00:00+00:00,2.5732,196152.5014,2.576,450751.0
2025-06-03 02:00:00+00:00,2.5348,145769.8061,2.536,233489.0
2025-06-03 03:00:00+00:00,2.5116,142504.8545,2.512,298178.0
2025-06-03 04:00:00+00:00,2.4954,107875.6439,2.491,174103.0
2025-06-03 05:00:00+00:00,2.5174,118439.4397,2.519,190817.0
2025-06-03 06:00:00+00:00,2.5116,91075.7868,2.51,153912.0
2025-06-03 07:00:00+00:00,2.4945,98037.0329,2.495,162442.0
2025-06-03 08:00:00+00:00,2.4903,161459.5601,2.492,462087.0
2025-06-03 09:00:00+00:00,2.5039,113080.9289,2.506,275227.0
2025-06-03 10:00:00+00:00,2.5164,153339.8257,2.515,201294.0
2025-06-03 11:00:00+00:00,2.5104,114767.198,2.51,342102.0
2025-06-03 12:00:00+00:00,2.5266,137190.20667146,2.526,200512.0
2025-06-03 13:00:00+00:00,2.5468,230803.0136,2.549,306161.0
2025-06-03 14:00:00+00:00,2.5792,232972.7909,2.579,344415.0
2025-06-03 15:00:00+00:00,2.57,220761.6009,2.569,385382.0
2025-06-03 16:00:00+00:00,2.5407,172320.4056,2.541,470654.0
2025-06-03 17:00:00+00:00,2.5612,142860.3465,2.56,227218.0
2025-06-03 18:00:00+00:00,2.5605,128085.3831,2.561,142889.0
2025-06-03 19:00:00+00:00,2.5582,260333.18473254,2.559,340117.0
2025-06-03 20:00:00+00:00,2.5257,230187.7249,2.526,325870.0
2025-06-03 21:00:00+00:00,2.4993,129396.2316,2.501,477102.0
2025-06-03 22:00:00+00:00,2.5208,105868.9131,2.521,195123.0
2025-06-03 23:00:00+00:00,2.5065,64144.724,2.504,96316.0
2025-06-04 00:00:00+00:00,2.5185,157084.1845,2.522,581197.0
2025-06-04 01:00:00+00:00,2.5444,160361.8874,2.545,530027.0
2025-06-04 02:00:00+00:00,2.5482,122639.6431,2.548,441567.0
2025-06-04 03:00:00+00:00,2.5445,118980.0563,2.545,316011.0
2025-06-04 04:00:00+00:00,2.5335,60521.2197,2.533,83020.0
2025-06-04 05:00:00+00:00,2.5207,91245.0585,2.521,186199.0
2025-06-04 06:00:00+00:00,2.5233,93838.708,2.525,222411.0
2025-06-04 07:00:00+00:00,2.5434,109024.6116,2.545,191641.0
2025-06-04 08:00:00+00:00,2.5386,114856.4754,2.539,250587.0
2025-06-04 09:00:00+00:00,2.5397,96589.3952,2.541,151290.0
2025-06-04 10:00:00+00:00,2.5275,88131.1444,2.527,126927.0
2025-06-04 11:00:00+00:00,2.5096,113990.8153,2.508,131613.0
2025-06-04 12:00:00+00:00,2.4943,162371.6034,2.495,518236.0
2025-06-04 13:00:00+00:00,2.4895,138760.6729,2.489,606123.0
2025-06-04 14:00:00+00:00,2.5064,205207.2413,2.506,886547.0
2025-06-04 15:00:00+00:00,2.5341,146911.5168,2.534,411306.0
2025-06-04 16:00:00+00:00,2.5197,121592.1186,2.52,264126.0
2025-06-04 17:00:00+00:00,2.4949,119518.5371,2.495,343728.0
2025-06-04 18:00:00+00:00,2.5016,106157.3521,2.502,280942.0
2025-06-04 19:00:00+00:00,2.4816,99417.6075,2.479,457365.0
2025-06-04 20:00:00+00:00,2.4364,153286.9057,2.438,761995.0
2025-06-04 21:00:00+00:00,2.4611,156166.0505,2.461,362836.0
2025-06-04 22:00:00+00:00,2.4409,105973.8383,2.441,158143.0
2025-06-04 23:00:00+00:00,2.4346,67918.3299,2.434,195029.0
2025-06-05 00:00:00+00:00,2.4488,134814.9893,2.45,385299.0
2025-06-05 01:00:00+00:00,2.4404,105140.9489,2.44,111349.0
2025-06-05 02:00:00+00:00,2.4556,145927.9273,2.456,440956.0
2025-06-05 03:00:00+00:00,2.4521,86201.3995,2.453,232867.0
2025-06-05 04:00:00+00:00,2.4575,92707.8239,2.458,68623.0
2025-06-05 05:00:00+00:00,2.4335,128739.7694,2.43,144787.0
2025-06-05 06:00:00+00:00,2.4321,108112.4631,2.432,282051.0
2025-06-05 07:00:00+00:00,2.4522,118885.1188,2.454,288171.0
2025-06-05 08:00:00+00:00,2.4593,122135.7512,2.46,269118.0
2025-06-05 09:00:00+00:00,2.4733,131972.9953,2.472,154859.0
2025-06-05 10:00:00+00:00,2.4479,144765.595,2.445,447176.0
2025-06-05 11:00:00+00:00,2.4671,102881.9998,2.465,169827.0
2025-06-05 12:00:00+00:00,2.4965,151963.1266,2.497,628196.0
2025-06-05 13:00:00+00:00,2.4558,187715.6248,2.456,580334.0
2025-06-05 14:00:00+00:00,2.4619,251895.2381,2.462,780017.0
2025-06-05 15:00:00+00:00,2.4437,126319.6816,2.445,332528.0
2025-06-05 16:00:00+00:00,2.4071,299977.8101,2.406,1591721.0
2025-06-05 17:00:00+00:00,2.4043,95546.043,2.405,768069.0
2025-06-05 18:00:00+00:00,2.3843,97335.1331,2.385,1097849.0
2025-06-05 19:00:00+00:00,2.3263,489557.0268,2.323,3587793.0
2025-06-05 20:00:00+00:00,2.2289,331137.4323,2.229,3482344.0
2025-06-05 21:00:00+00:00,2.2609,346320.9179,2.262,1748015.0
2025-06-05 22:00:00+00:00,2.2661,171982.3327,2.268,442585.0
2025-06-05 23:00:00+00:00,2.246,102637.2763,2.247,549457.0
2025-06-06 00:00:00+00:00,2.278,169817.0949,2.277,446812.0
2025-06-06 01:00:00+00:00,2.2783,82645.615,2.279,217315.0
2025-06-06 02:00:00+00:00,2.2868,130139.4005,2.287,238551.0
2025-06-06 03:00:00+00:00,2.3064,70720.9342,2.305,200485.0
2025-06-06 04:00:00+00:00,2.3089,116408.4031,2.31,279358.0
2025-06-06 05:00:00+00:00,2.3052,87246.2509469,2.304,207369.0
2025-06-06 06:00:00+00:00,2.2951,97511.479,2.293,206792.0
2025-06-06 07:00:00+00:00,2.2894,95789.325,2.287,302477.0
2025-06-06 08:00:00+00:00,2.2904,89861.8305,2.29,336479.0
2025-06-06 09:00:00+00:00,2.2925,108078.0201,2.293,213461.0
2025-06-06 10:00:00+00:00,2.2819,140763.5836,2.281,777150.0
2025-06-06 11:00:00+00:00,2.2887,115385.7974,2.289,329274.0
2025-06-06 12:00:00+00:00,2.3053,147404.8788,2.304,894020.0
2025-06-06 13:00:00+00:00,2.328,117052.3145,2.328,333731.0
2025-06-06 14:00:00+00:00,2.3477,145469.4858,2.347,603931.0
2025-06-06 15:00:00+00:00,2.3357,156838.6717,2.334,339049.0
2025-06-06 16:00:00+00:00,2.3413,166763.7449,2.339,432771.0
2025-06-06 17:00:00+00:00,2.3341,106349.3498,2.333,500307.0
2025-06-06 18:00:00+00:00,2.31,93047.1011,2.309,307183.0
2025-06-06 19:00:00+00:00,2.3033,125250.0243,2.305,400291.0
2025-06-06 20:00:00+00:00,2.3287,154883.294,2.328,142870.0
2025-06-06 21:00:00+00:00,2.3242,77753.3815,2.324,171821.0
2025-06-06 22:00:00+00:00,2.322,81797.1122,2.322,129019.0
2025-06-06 23:00:00+00:00,2.3141,54470.7924,2.313,159408.0
2025-06-07 00:00:00+00:00,2.3497,124908.5914,2.349,237962.0
2025-06-07 01:00:00+00:00,2.3397,120291.3401,2.342,136801.0
2025-06-07 02:00:00+00:00,2.3628,122617.7363,2.362,80916.0
2025-06-07 03:00:00+00:00,2.3817,101064.7465,2.381,262802.0
2025-06-07 04:00:00+00:00,2.3863,86416.0853,2.386,126425.0
2025-06-07 05:00:00+00:00,2.3921,91433.6017,2.393,424296.0
2025-06-07 06:00:00+00:00,2.4121,156375.0719,2.412,206908.0
2025-06-07 07:00:00+00:00,2.4134,102758.4548,2.412,262088.0
2025-06-07 08:00:00+00:00,2.3998,96911.62068775,2.401,586710.0
2025-06-07 09:00:00+00:00,2.3964,152462.8836,2.398,589887.0
2025-06-07 10:00:00+00:00,2.4393,100543.2627,2.439,424064.0
2025-06-07 11:00:00+00:00,2.429,169659.9119,2.426,313940.0
2025-06-07 12:00:00+00:00,2.4495,133287.1195,2.449,139725.0
2025-06-07 13:00:00+00:00,2.4506,112425.6253,2.449,611403.0
2025-06-07 14:00:00+00:00,2.4499,105609.5857,2.45,220582.0
2025-06-07 15:00:00+00:00,2.4442,100464.094,2.444,208236.0
2025-06-07 16:00:00+00:00,2.4148,421528.07339728,2.416,493688.0
2025-06-07 17:00:00+00:00,2.4108,140644.0347,2.411,136224.0
2025-06-07 18:00:00+00:00,2.4196,112722.3782,2.415,181737.0
2025-06-07 19:00:00+00:00,2.4169,84675.2893,2.417,98749.0
2025-06-07 20:00:00+00:00,2.4247,79017.1537,2.422,131181.0
2025-06-07 21:00:00+00:00,2.4354,72176.521,2.436,202646.0
2025-06-07 22:00:00+00:00,2.4333,83033.7708,2.433,382666.0
2025-06-07 23:00:00+00:00,2.4224,44545.224,2.422,156897.0
2025-06-08 00:00:00+00:00,2.4132,67978.0754,2.412,139093.0
2025-06-08 01:00:00+00:00,2.4266,75027.5394,2.426,107081.0
2025-06-08 02:00:00+00:00,2.4071,158107.0774,2.407,963379.0
2025-06-08 03:00:00+00:00,2.3985,84105.55,2.399,93360.0
2025-06-08 04:00:00+00:00,2.4059,60214.0786,2.405,81430.0
2025-06-08 05:00:00+00:00,2.3941,100498.6822,2.392,360741.0
2025-06-08 06:00:00+00:00,2.3993,77732.8288,2.399,98343.0
2025-06-08 07:00:00+00:00,2.3932,89369.5693,2.392,171125.0
2025-06-08 08:00:00+00:00,2.3978,98131.7659,2.398,72179.0
2025-06-08 09:00:00+00:00,2.381,110986.8757,2.381,435555.0
2025-06-08 10:00:00+00:00,2.3859,84457.3112,2.385,535459.0
2025-06-08 11:00:00+00:00,2.4127,89852.004,2.412,576209.0
2025-06-08 12:00:00+00:00,2.4162,102215.5652,2.415,306235.0
2025-06-08 13:00:00+00:00,2.4148,115727.3862,2.413,448087.0
2025-06-08 14:00:00+00:00,2.423,99363.026,2.425,323957.0
2025-06-08 15:00:00+00:00,2.4176,142820.3887,2.415,182420.0
2025-06-08 16:00:00+00:00,2.4384,103223.1932,2.438,165421.0
2025-06-08 17:00:00+00:00,2.4318,58360.245,2.431,148447.0
2025-06-08 18:00:00+00:00,2.4423,89095.0978,2.441,524057.0
2025-06-08 19:00:00+00:00,2.442,79326.1048,2.44,340095.0
2025-06-08 20:00:00+00:00,2.4402,57711.606,2.438,138246.0
2025-06-08 21:00:00+00:00,2.4558,114370.8111,2.456,407741.0
2025-06-08 22:00:00+00:00,2.4281,93367.9673,2.428,291577.0
2025-06-08 23:00:00+00:00,2.4207,77265.7767,2.419,493416.0
2025-06-09 00:00:00+00:00,2.4237,147655.7654,2.421,468051.0
2025-06-09 01:00:00+00:00,2.4098,128037.3564,2.409,114748.0
2025-06-09 02:00:00+00:00,2.4128,104259.773,2.411,123857.0
2025-06-09 03:00:00+00:00,2.3993,124094.4627,2.399,485256.0
2025-06-09 04:00:00+00:00,2.3797,84458.2482,2.378,103674.0
2025-06-09 05:00:00+00:00,2.3752,163249.4209,2.375,80278.0
2025-06-09 06:00:00+00:00,2.3977,67963.6468,2.398,80526.0
2025-06-09 07:00:00+00:00,2.3964,64605.7958,2.395,119661.0
2025-06-09 08:00:00+00:00,2.4138,82788.5588,2.414,216183.0
2025-06-09 09:00:00+00:00,2.4435,182370.1756,2.444,487773.0
2025-06-09 10:00:00+00:00,2.4679,174598.7806,2.469,568732.0
2025-06-09 11:00:00+00:00,2.4732,129238.9938,2.473,231425.0
2025-06-09 12:00:00+00:00,2.4705,104599.2462,2.472,219984.0
2025-06-09 13:00:00+00:00,2.427,162685.0193,2.429,414667.0
2025-06-09 14:00:00+00:00,2.4442,152544.6711,2.443,549650.0
2025-06-09 15:00:00+00:00,2.4468,110884.1569,2.451,307992.0
2025-06-09 16:00:00+00:00,2.4734,155840.5732,2.475,508218.0
2025-06-09 17:00:00+00:00,2.4828,143730.6415,2.484,305753.0
2025-06-09 18:00:00+00:00,2.4828,125292.9515,2.482,688304.0
2025-06-09 19:00:00+00:00,2.4694,90511.9741,2.47,544587.0
2025-06-09 20:00:00+00:00,2.4736,75014.4098,2.473,341490.0
2025-06-09 21:00:00+00:00,2.53,202605.6805,2.53,1202582.0
2025-06-09 22:00:00+00:00,2.5495,122804.9186,2.552,1075698.0
2025-06-09 23:00:00+00:00,2.5433,84117.5862,2.543,645457.0
2025-06-10 00:00:00+00:00,2.5489,138271.3354,2.549,516802.0
2025-06-10 01:00:00+00:00,2.5594,90832.1343,2.559,424241.0
2025-06-10 02:00:00+00:00,2.5515,90091.1148,2.552,208745.0
2025-06-10 03:00:00+00:00,2.5418,86890.4774,2.545,208234.0
2025-06-10 04:00:00+00:00,2.5358,70675.5094,2.535,226063.0
2025-06-10 05:00:00+00:00,2.5166,106449.6836,2.516,412034.0
2025-06-10 06:00:00+00:00,2.5221,82819.9879,2.52,254226.0
2025-06-10 07:00:00+00:00,2.5279,103803.0255,2.527,497386.0
2025-06-10 08:00:00+00:00,2.5082,101324.1796,2.509,280315.0
2025-06-10 09:00:00+00:00,2.5393,104484.7022,2.539,518950.0
2025-06-10 10:00:00+00:00,2.5299,125504.0923,2.531,319180.0
2025-06-10 11:00:00+00:00,2.6267,249366.66119803,2.627,1596151.0
2025-06-10 12:00:00+00:00,2.6504,196497.9664,2.65,1712759.0
2025-06-10 13:00:00+00:00,2.6066,217492.1686,2.606,1600909.0
2025-06-10 14:00:00+00:00,2.5736,164370.4485,2.575,1032169.0
2025-06-10 15:00:00+00:00,2.5837,162119.0373,2.583,558073.0
2025-06-10 16:00:00+00:00,2.588,184917.0856,2.588,360547.0
2025-06-10 17:00:00+00:00,2.5905,124550.8163,2.59,644493.0
2025-06-10 18:00:00+00:00,2.6193,155773.3036,2.619,356029.0
2025-06-10 19:00:00+00:00,2.6112,186467.5717,2.611,1286671.0
2025-06-10 20:00:00+00:00,2.6253,172978.9162,2.626,1048656.0
2025-06-10 21:00:00+00:00,2.6232,135147.7612,2.624,1832679.0
2025-06-10 22:00:00+00:00,2.6473,157812.1153,2.647,920583.0
2025-06-10 23:00:00+00:00,2.6623,74442.7558,2.661,707857.0
2025-06-11 00:00:00+00:00,2.6347,131845.4333,2.635,628493.0
2025-06-11 01:00:00+00:00,2.6184,123139.8304,2.618,303110.0
2025-06-11 02:00:00+00:00,2.6182,82233.4942,2.62,357199.0
2025-06-11 03:00:00+00:00,2.6432,115967.1863,2.644,252273.0
2025-06-11 04:00:00+00:00,2.6339,87074.1335,2.633,192517.0
2025-06-11 05:00:00+00:00,2.6215,73788.999,2.623,147772.0
2025-06-11 06:00:00+00:00,2.6458,98286.9872,2.646,1010099.0
2025-06-11 07:00:00+00:00,2.6431,130596.6596,2.645,573013.0
2025-06-11 08:00:00+00:00,2.6214,114434.4103,2.626,408589.0
2025-06-11 09:00:00+00:00,2.5951,150287.9067,2.596,370025.0
2025-06-11 10:00:00+00:00,2.6119,115045.4114,2.612,212983.0
2025-06-11 11:00:00+00:00,2.6052,104354.6279,2.606,230065.0
2025-06-11 12:00:00+00:00,2.6455,287754.18777573,2.646,1525660.0
2025-06-11 13:00:00+00:00,2.6647,200237.9344,2.664,918682.0
2025-06-11 14:00:00+00:00,2.6961,188072.21010499,2.697,511962.0
2025-06-11 15:00:00+00:00,2.7221,160601.2493,2.721,634080.0
2025-06-11 16:00:00+00:00,2.6985,141052.6346,2.7,273544.0
2025-06-11 17:00:00+00:00,2.6424,228833.6622,2.642,1748622.0
2025-06-11 18:00:00+00:00,2.6211,177651.8721,2.622,785828.0
2025-06-11 19:00:00+00:00,2.6152,116280.7784,2.612,515754.0
2025-06-11 20:00:00+00:00,2.6166,127587.7946,2.615,262854.0
2025-06-11 21:00:00+00:00,2.5788,200241.4244,2.581,692634.0
2025-06-11 22:00:00+00:00,2.5672,167208.7385,2.565,583055.0
2025-06-11 23:00:00+00:00,2.5733,73499.1582,2.572,596966.0
2025-06-12 00:00:00+00:00,2.5608,106885.8155,2.561,1174665.0
2025-06-12 01:00:00+00:00,2.553,191956.9126,2.554,475065.0
2025-06-12 02:00:00+00:00,2.5389,115157.4071,2.541,505549.0
2025-06-12 03:00:00+00:00,2.5199,182484.6571,2.519,1040704.0
2025-06-12 04:00:00+00:00,2.5178,86098.7977,2.518,251124.0
2025-06-12 05:00:00+00:00,2.5229,80736.7728,2.522,336276.0
2025-06-12 06:00:00+00:00,2.5194,62023.3315,2.519,258351.0
2025-06-12 07:00:00+00:00,2.5091,149612.0329,2.508,779962.0
2025-06-12 08:00:00+00:00,2.4944,287537.3421,2.494,2212684.0
2025-06-12 09:00:00+00:00,2.4887,106044.9364,2.488,405347.0
2025-06-12 10:00:00+00:00,2.4724,99522.1491,2.472,954827.0
2025-06-12 11:00:00+00:00,2.4472,173954.8083,2.448,541402.0
2025-06-12 12:00:00+00:00,2.4778,118387.3618,2.478,597306.0
2025-06-12 13:00:00+00:00,2.4906,765305.8774,2.491,1383635.0
2025-06-12 14:00:00+00:00,2.4931,895338.7591,2.493,1022973.0
2025-06-12 15:00:00+00:00,2.4497,127600.7716,2.449,516531.0
2025-06-12 16:00:00+00:00,2.4736,161946.3434,2.474,470939.0
2025-06-12 17:00:00+00:00,2.4874,120117.7308,2.487,1366980.0
2025-06-12 18:00:00+00:00,2.4491,120845.9293,2.45,526192.0
2025-06-12 19:00:00+00:00,2.4172,99470.5356,2.418,1038245.0
2025-06-12 20:00:00+00:00,2.3821,405301.2416,2.382,2263786.0
2025-06-12 21:00:00+00:00,2.379,209623.24324692,2.379,933199.0
2025-06-12 22:00:00+00:00,2.3761,102754.4797,2.375,466198.0
2025-06-12 23:00:00+00:00,2.3688,110541.4559,2.368,631830.0
2025-06-13 00:00:00+00:00,2.2422,465901.2057,2.243,5061427.0
2025-06-13 01:00:00+00:00,2.2013,296806.5899,2.2,3589803.0
2025-06-13 02:00:00+00:00,2.1927,174646.07,2.189,2947503.0
2025-06-13 03:00:00+00:00,2.2458,236352.2968,2.244,1250530.0
2025-06-13 04:00:00+00:00,2.2333,132357.9461,2.231,537056.0
2025-06-13 05:00:00+00:00,2.2214,92661.3249,2.221,596774.0
2025-06-13 06:00:00+00:00,2.2388,174162.1444,2.238,773047.0
2025-06-13 07:00:00+00:00,2.2404,169861.845,2.239,876644.0
2025-06-13 08:00:00+00:00,2.2572,186960.8528,2.257,827008.0
2025-06-13 09:00:00+00:00,2.2305,165138.8417,2.23,724534.0
2025-06-13 10:00:00+00:00,2.2384,263916.9922,2.237,1711256.0
2025-06-13 11:00:00+00:00,2.2432,147193.3606,2.242,533402.0
2025-06-13 12:00:00+00:00,2.2182,205778.0385,2.217,615610.0
2025-06-13 13:00:00+00:00,2.2147,190605.672,2.214,805420.0
2025-06-13 14:00:00+00:00,2.2163,231797.0651,2.22,2451987.0
2025-06-13 15:00:00+00:00,2.2402,222989.4674,2.24,958330.0
2025-06-13 16:00:00+00:00,2.2546,234329.0142,2.255,943970.0
2025-06-13 17:00:00+00:00,2.2387,199398.9136,2.239,1251857.0
2025-06-13 18:00:00+00:00,2.2092,188002.6333,2.207,1271334.0
2025-06-13 19:00:00+00:00,2.1824,1475295.1885,2.182,4151929.0
2025-06-13 20:00:00+00:00,2.2064,221363.644,2.207,758761.0
2025-06-13 21:00:00+00:00,2.2096,129806.6917,2.209,807240.0
2025-06-13 22:00:00+00:00,2.2132,109566.8869,2.215,329315.0
2025-06-13 23:00:00+00:00,2.2393,82956.0172,2.239,670623.0
2025-06-14 00:00:00+00:00,2.2247,169279.878,2.222,1206192.0
2025-06-14 01:00:00+00:00,2.2218,110489.6249,2.221,433592.0
2025-06-14 02:00:00+00:00,2.2195,96510.7381,2.217,165141.0
2025-06-14 03:00:00+00:00,2.2197,89048.3698,2.22,186503.0
2025-06-14 04:00:00+00:00,2.2243,81425.8947,2.224,119479.0
2025-06-14 05:00:00+00:00,2.2381,100927.6526,2.238,160986.0
2025-06-14 06:00:00+00:00,2.2247,107657.8641,2.225,388034.0
2025-06-14 07:00:00+00:00,2.2277,86745.8381,2.229,347777.0
2025-06-14 08:00:00+00:00,2.2292,90055.9545,2.229,271454.0
2025-06-14 09:00:00+00:00,2.2176,102052.4855,2.217,232723.0
2025-06-14 10:00:00+00:00,2.226,95818.2101,2.227,322663.0
2025-06-14 11:00:00+00:00,2.2357,77818.4429,2.234,349957.0
2025-06-14 12:00:00+00:00,2.2346,88804.6323,2.234,218742.0
2025-06-14 13:00:00+00:00,2.2269,108204.0272,2.232,253067.0
2025-06-14 14:00:00+00:00,2.2182,97989.8862,2.218,172210.0
2025-06-14 15:00:00+00:00,2.2015,110873.3997,2.201,895671.0
2025-06-14 16:00:00+00:00,2.164,420365.3306,2.164,1130743.0
2025-06-14 17:00:00+00:00,2.1952,109038.571,2.195,556299.0
2025-06-14 18:00:00+00:00,2.1889,124112.0515,2.19,378939.0
2025-06-14 19:00:00+00:00,2.1852,107804.514,2.186,266834.0
2025-06-14 20:00:00+00:00,2.1914,132807.9126,2.191,386418.0
2025-06-14 21:00:00+00:00,2.2191,126286.7557,2.22,525682.0
2025-06-14 22:00:00+00:00,2.2261,67119.4765,2.226,378115.0
2025-06-14 23:00:00+00:00,2.2323,88694.4975,2.233,397370.0
2025-06-15 00:00:00+00:00,2.238,132348.0765,2.238,179298.0
2025-06-15 01:00:00+00:00,2.2324,63997.5941,2.231,67364.0
2025-06-15 02:00:00+00:00,2.2333,57734.4486,2.234,91433.0
2025-06-15 03:00:00+00:00,2.2383,74292.3644,2.238,114374.0
2025-06-15 04:00:00+00:00,2.2589,105689.4184,2.258,253862.0
2025-06-15 05:00:00+00:00,2.2685,99941.8034,2.269,304086.0
2025-06-15 06:00:00+00:00,2.2405,93503.8758,2.24,247101.0
2025-06-15 07:00:00+00:00,2.2387,70608.9437,2.24,175925.0
2025-06-15 08:00:00+00:00,2.2346,91625.8408,2.233,147687.0
2025-06-15 09:00:00+00:00,2.2159,158311.7003,2.214,510423.0
2025-06-15 10:00:00+00:00,2.2334,60799.7839,2.235,292957.0
2025-06-15 11:00:00+00:00,2.2025,1607845.964,2.204,1102285.0
2025-06-15 12:00:00+00:00,2.2162,113564.7884,2.217,224080.0
2025-06-15 13:00:00+00:00,2.2234,128782.7343,2.224,221270.0
2025-06-15 14:00:00+00:00,2.2391,187744.8823,2.24,526811.0
2025-06-15 15:00:00+00:00,2.2154,138817.2454,2.214,522169.0
2025-06-15 16:00:00+00:00,2.2204,132375.824,2.22,635718.0
2025-06-15 17:00:00+00:00,2.2137,108191.8958,2.214,238636.0
2025-06-15 18:00:00+00:00,2.2072,92149.5525,2.207,336504.0
2025-06-15 19:00:00+00:00,2.196,119440.538,2.196,1031117.0
2025-06-15 20:00:00+00:00,2.1831,138572.7783,2.184,520236.0
2025-06-15 21:00:00+00:00,2.1934,122619.6575,2.194,412556.0
2025-06-15 22:00:00+00:00,2.2169,155987.7571,2.217,679416.0
2025-06-15 23:00:00+00:00,2.2283,90628.0859,2.229,269803.0
2025-06-16 00:00:00+00:00,2.2281,128607.0694,2.229,467501.0
2025-06-16 01:00:00+00:00,2.2528,185391.6815,2.253,561063.0
2025-06-16 02:00:00+00:00,2.2529,120092.4295,2.253,366827.0
2025-06-16 03:00:00+00:00,2.2479,73585.4818,2.247,130882.0
2025-06-16 04:00:00+00:00,2.2561,116514.3913,2.257,283232.0
2025-06-16 05:00:00+00:00,2.2854,119363.5583,2.285,370009.0
2025-06-16 06:00:00+00:00,2.2982,94875.1199,2.299,344548.0
2025-06-16 07:00:00+00:00,2.3087,127064.9741,2.308,239358.0
2025-06-16 08:00:00+00:00,2.3157,110706.5575,2.312,295887.0
2025-06-16 09:00:00+00:00,2.3176,115790.8404,2.318,249625.0
2025-06-16 10:00:00+00:00,2.3059,102731.3905,2.306,180670.0
2025-06-16 11:00:00+00:00,2.3181,119569.3476,2.318,283788.0
2025-06-16 12:00:00+00:00,2.3161,121216.6139,2.316,382895.0
2025-06-16 13:00:00+00:00,2.3503,179241.6491,2.352,578591.0
2025-06-16 14:00:00+00:00,2.3591,191402.4556,2.358,919837.0
2025-06-16 15:00:00+00:00,2.3526,235111.781,2.353,528379.0
2025-06-16 16:00:00+00:00,2.3642,105581.8258,2.365,426465.0
2025-06-16 17:00:00+00:00,2.366,95085.66,2.367,329052.0
2025-06-16 18:00:00+00:00,2.3794,116973.3524,2.379,626703.0
2025-06-16 19:00:00+00:00,2.3686,138691.4582,2.368,481703.0
2025-06-16 20:00:00+00:00,2.3823,133862.3569,2.383,724495.0
2025-06-16 21:00:00+00:00,2.375,84310.3952,2.376,305376.0
2025-06-16 22:00:00+00:00,2.311,300253.50887501,2.312,1790021.0
2025-06-16 23:00:00+00:00,2.2723,234153.7129,2.27,1256349.0
2025-06-17 00:00:00+00:00,2.277,341590.5431,2.279,2056124.0
2025-06-17 01:00:00+00:00,2.2711,241299.1645,2.269,827325.0
2025-06-17 02:00:00+00:00,2.2779,177314.9926,2.279,616978.0
2025-06-17 03:00:00+00:00,2.2727,127303.826,2.273,365815.0
2025-06-17 04:00:00+00:00,2.2523,139511.6306,2.254,410354.0
2025-06-17 05:00:00+00:00,2.247,125101.8844,2.244,396473.0
2025-06-17 06:00:00+00:00,2.2386,122456.4139,2.235,379492.0
2025-06-17 07:00:00+00:00,2.2355,157407.1282271,2.235,640731.0
2025-06-17 08:00:00+00:00,2.2179,146987.9888,2.219,1104623.0
2025-06-17 09:00:00+00:00,2.2171,143594.6076,2.217,588317.0
2025-06-17 10:00:00+00:00,2.1994,1249763.6081,2.201,1152362.0
2025-06-17 11:00:00+00:00,2.1974,224069.9155,2.199,364772.0
2025-06-17 12:00:00+00:00,2.1959,175419.0907,2.197,356010.0
2025-06-17 13:00:00+00:00,2.1992,173479.3497,2.199,512456.0
2025-06-17 14:00:00+00:00,2.1853,219431.0199,2.185,509583.0
2025-06-17 15:00:00+00:00,2.1542,438172.4852,2.154,3100845.0
2025-06-17 16:00:00+00:00,2.1026,417550.6628,2.101,2365671.0
2025-06-17 17:00:00+00:00,2.1151,262942.97275189,2.116,1943113.0
2025-06-17 18:00:00+00:00,2.15,274553.8822,2.15,1912913.0
2025-06-17 19:00:00+00:00,2.1753,226594.9537,2.175,978739.0
2025-06-17 20:00:00+00:00,2.1561,144621.2759,2.156,534474.0
2025-06-17 21:00:00+00:00,2.1417,143379.2941,2.141,604617.0
2025-06-17 22:00:00+00:00,2.1185,98673.2684,2.118,762584.0
2025-06-17 23:00:00+00:00,2.1404,66653.3781,2.138,631111.0
2025-06-18 00:00:00+00:00,2.1525,126848.9677,2.152,331926.0
2025-06-18 01:00:00+00:00,2.1318,453177.7319,2.131,361984.0
2025-06-18 02:00:00+00:00,2.127,150587.563,2.128,665131.0
2025-06-18 03:00:00+00:00,2.1503,97114.2441,2.15,255517.0
2025-06-18 04:00:00+00:00,2.1742,122202.7789,2.172,567570.0
2025-06-18 05:00:00+00:00,2.1685,94298.886,2.17,270021.0
2025-06-18 06:00:00+00:00,2.1568,99062.443,2.157,169305.0
2025-06-18 07:00:00+00:00,2.1582,185554.8812,2.155,185859.0
2025-06-18 08:00:00+00:00,2.1425,208995.2725,2.142,227576.0
2025-06-18 09:00:00+00:00,2.1301,117089.9374,2.128,604915.0
2025-06-18 10:00:00+00:00,2.094,264637.6528,2.093,643660.0
2025-06-18 11:00:00+00:00,2.1219,176553.2961,2.121,383588.0
2025-06-18 12:00:00+00:00,2.1043,141986.6016,2.104,300991.0
2025-06-18 13:00:00+00:00,2.1195,312406.9356,2.118,1854475.0
2025-06-18 14:00:00+00:00,2.1215,284466.8417,2.122,969184.0
2025-06-18 15:00:00+00:00,2.1268,171501.0849,2.127,714118.0
2025-06-18 16:00:00+00:00,2.1275,129738.2037,2.127,182208.0
2025-06-18 17:00:00+00:00,2.142,204243.9212,2.142,645063.0
2025-06-18 18:00:00+00:00,2.1116,264528.9283,2.113,1277144.0
2025-06-18 19:00:00+00:00,2.1128,202930.4351,2.112,448536.0
2025-06-18 20:00:00+00:00,2.1861,151569.9238,2.185,704741.0
2025-06-18 21:00:00+00:00,2.1947,148034.3032,2.195,1293531.0
2025-06-18 22:00:00+00:00,2.1876,92104.0459,2.187,316874.0
2025-06-18 23:00:00+00:00,2.187,75890.1608,2.187,298839.0
2025-06-19 00:00:00+00:00,2.1916,158874.4497,2.191,647506.0
2025-06-19 01:00:00+00:00,2.1736,135172.3233,2.172,454975.0
2025-06-19 02:00:00+00:00,2.1729,120807.2616,2.174,401409.0
2025-06-19 03:00:00+00:00,2.1934,91470.1107,2.192,185934.0
2025-06-19 04:00:00+00:00,2.1958,93088.0074,2.195,211402.0
2025-06-19 05:00:00+00:00,2.1864,121803.8742,2.185,286341.0
2025-06-19 06:00:00+00:00,2.1831,90656.7342,2.183,209710.0
2025-06-19 07:00:00+00:00,2.1755,105836.315,2.175,195747.0
2025-06-19 08:00:00+00:00,2.1702,108120.9609,2.169,190271.0
2025-06-19 09:00:00+00:00,2.1824,119619.9968,2.183,261463.0
2025-06-19 10:00:00+00:00,2.1653,170945.9542,2.164,321956.0
2025-06-19 11:00:00+00:00,2.1596,112222.2458,2.159,413688.0
2025-06-19 12:00:00+00:00,2.1677,109830.3514,2.161,301917.0
2025-06-19 13:00:00+00:00,2.1675,125101.4012,2.167,873587.0
2025-06-19 14:00:00+00:00,2.1565,140996.3619,2.156,633002.0
2025-06-19 15:00:00+00:00,2.1565,137669.4438,2.157,331740.0
2025-06-19 16:00:00+00:00,2.1448,140235.3375,2.143,444291.0
2025-06-19 17:00:00+00:00,2.1833,183223.4602,2.183,981241.0
2025-06-19 18:00:00+00:00,2.1887,103697.9452,2.185,587870.0
2025-06-19 19:00:00+00:00,2.1893,224975.413,2.189,395113.0
2025-06-19 20:00:00+00:00,2.1889,96443.7807,2.188,349192.0
2025-06-19 21:00:00+00:00,2.1783,100581.9391,2.178,688758.0
2025-06-19 22:00:00+00:00,2.1852,126602.014,2.186,443182.0
2025-06-19 23:00:00+00:00,2.1822,183368.9915,2.181,651403.0
2025-06-20 00:00:00+00:00,2.1846,98538.4993,2.184,223939.0
2025-06-20 01:00:00+00:00,2.1876,180326.8073,2.186,666525.0
2025-06-20 02:00:00+00:00,2.1712,58366.4196,2.17,231493.0
2025-06-20 03:00:00+00:00,2.143,1092688.3699,2.145,1197743.0
2025-06-20 04:00:00+00:00,2.1216,117416.5521,2.123,1141346.0
2025-06-20 05:00:00+00:00,2.1381,86236.52877271,2.138,290572.0
2025-06-20 06:00:00+00:00,2.139,139891.8968,2.136,196318.0
2025-06-20 07:00:00+00:00,2.1815,184683.0932,2.178,628803.0
2025-06-20 08:00:00+00:00,2.1763,205689.9444,2.177,1015888.0
2025-06-20 09:00:00+00:00,2.1793,96863.7056,2.18,180370.0
2025-06-20 10:00:00+00:00,2.1812,89247.2332,2.182,252801.0
2025-06-20 11:00:00+00:00,2.1861,100453.5141,2.187,565810.0
2025-06-20 12:00:00+00:00,2.1837,102321.2488,2.184,276330.0
2025-06-20 13:00:00+00:00,2.174,147949.2522,2.173,916046.0
2025-06-20 14:00:00+00:00,2.1223,267277.1112,2.121,1364013.0
2025-06-20 15:00:00+00:00,2.12,196291.9419,2.119,1264300.0
2025-06-20 16:00:00+00:00,2.0894,363106.3918,2.089,1907578.0
2025-06-20 17:00:00+00:00,2.0724,390041.9617,2.072,3608497.0
2025-06-20 18:00:00+00:00,2.0848,93300.9019,2.086,1146785.0
2025-06-20 19:00:00+00:00,2.0823,82148.045,2.082,528404.0
2025-06-20 20:00:00+00:00,2.0995,70705.151,2.099,443787.0
2025-06-20 21:00:00+00:00,2.0805,58245.6142,2.079,301815.0
2025-06-20 22:00:00+00:00,2.0594,91463.4581,2.058,1131438.0
2025-06-20 23:00:00+00:00,2.0744,71381.4295,2.075,427163.0
2025-06-21 00:00:00+00:00,2.0784,114040.1738,2.081,214222.0
2025-06-21 01:00:00+00:00,2.0973,81507.8883,2.096,200632.0
2025-06-21 02:00:00+00:00,2.0891,72199.3332,2.088,184513.0
2025-06-21 03:00:00+00:00,2.0995,81978.4907,2.103,353703.0
2025-06-21 04:00:00+00:00,2.0918,62137.018,2.092,214413.0
2025-06-21 05:00:00+00:00,2.0898,58864.7853,2.09,113362.0
2025-06-21 06:00:00+00:00,2.0848,56421.2268,2.085,154903.0
2025-06-21 07:00:00+00:00,2.0775,89589.1967,2.079,352924.0
2025-06-21 08:00:00+00:00,2.0928,70177.9505,2.093,386277.0
2025-06-21 09:00:00+00:00,2.089,90514.0649,2.093,156016.0
2025-06-21 10:00:00+00:00,2.0818,81172.9167,2.082,137418.0
2025-06-21 11:00:00+00:00,2.0826,61112.2645,2.082,164025.0
2025-06-21 12:00:00+00:00,2.0648,84107.9807,2.064,176295.0
2025-06-21 13:00:00+00:00,2.0389,131285.747,2.038,755825.0
2025-06-21 14:00:00+00:00,2.0382,147281.30151003,2.037,417531.0
2025-06-21 15:00:00+00:00,2.0438,235626.5749,2.045,1286816.0
2025-06-21 16:00:00+00:00,2.0398,104112.8415,2.042,463350.0
2025-06-21 17:00:00+00:00,2.0153,159817.9901,2.012,962195.0
2025-06-21 18:00:00+00:00,1.9957,219758.0208,1.996,741735.0
2025-06-21 19:00:00+00:00,1.9798,227576.3411,1.981,822598.0
2025-06-21 20:00:00+00:00,1.996,180517.1006,1.995,638701.0
2025-06-21 21:00:00+00:00,1.9263,236658.49485363,1.927,1470191.0
2025-06-21 22:00:00+00:00,1.9584,153882.5118,1.957,832071.0
2025-06-21 23:00:00+00:00,1.973,334413.9152,1.972,2307542.0
2025-06-22 00:00:00+00:00,1.9941,426220.8824,1.993,1266626.0
2025-06-22 01:00:00+00:00,1.9606,236128.1812,1.96,1526623.0
2025-06-22 02:00:00+00:00,1.9434,229213.3753,1.945,794276.0
2025-06-22 03:00:00+00:00,1.9354,171572.7807,1.934,504534.0
2025-06-22 04:00:00+00:00,1.9442,169814.599,1.945,551773.0
2025-06-22 05:00:00+00:00,1.9471,143706.4657,1.947,430264.0
2025-06-22 06:00:00+00:00,1.9591,135295.1203,1.959,562583.0
2025-06-22 07:00:00+00:00,1.941,154965.035,1.942,460509.0
2025-06-22 08:00:00+00:00,1.942,157171.1745,1.942,710072.0
2025-06-22 09:00:00+00:00,1.9047,256006.1886,1.905,1220991.0
2025-06-22 10:00:00+00:00,1.9198,206530.5121,1.921,621090.0
2025-06-22 11:00:00+00:00,1.918,199279.564,1.915,545025.0
2025-06-22 12:00:00+00:00,1.9221,224519.2594,1.922,966911.0
2025-06-22 13:00:00+00:00,1.8518,448660.4183,1.852,6502683.0
2025-06-22 14:00:00+00:00,1.886,404626.3563,1.887,3374337.0
2025-06-22 15:00:00+00:00,1.8604,246387.0408,1.859,1479393.0
2025-06-22 16:00:00+00:00,1.8448,187147.1467,1.845,1020786.0
2025-06-22 17:00:00+00:00,1.8596,175654.6605,1.859,1012901.0
2025-06-22 18:00:00+00:00,1.846,165897.5591,1.845,775366.0
2025-06-22 19:00:00+00:00,1.8438,156494.6572,1.843,805173.0
2025-06-22 20:00:00+00:00,1.8505,482389.4402,1.851,2949472.0
2025-06-22 21:00:00+00:00,1.8332,124657.5089,1.832,1111862.0
2025-06-22 22:00:00+00:00,1.8916,255422.0549,1.891,1418543.0
2025-06-22 23:00:00+00:00,1.8968,130484.3561,1.896,723599.0
2025-06-23 00:00:00+00:00,1.9046,319740.1418,1.902,1094553.0
2025-06-23 01:00:00+00:00,1.91,88182.2588,1.909,430129.0
2025-06-23 02:00:00+00:00,1.9114,117019.3785,1.91,386498.0
2025-06-23 03:00:00+00:00,1.9028,148411.50195241,1.902,512991.0
2025-06-23 04:00:00+00:00,1.9074,104539.5307,1.906,582718.0
2025-06-23 05:00:00+00:00,1.9212,120762.8264,1.921,506730.0
2025-06-23 06:00:00+00:00,1.9293,155738.5515,1.929,592737.0
2025-06-23 07:00:00+00:00,1.9214,137959.3214,1.92,596283.0
2025-06-23 08:00:00+00:00,1.9149,129886.0844,1.916,323973.0
2025-06-23 09:00:00+00:00,1.9084,121055.0578,1.909,596222.0
2025-06-23 10:00:00+00:00,1.9053,133930.1348,1.905,346697.0
2025-06-23 11:00:00+00:00,1.9113,144593.8969,1.911,141374.0
2025-06-23 12:00:00+00:00,1.9533,219044.512,1.953,1128447.0
2025-06-23 13:00:00+00:00,1.9692,284738.41944934,1.969,1960822.0
2025-06-23 14:00:00+00:00,1.9495,271520.1277,1.946,4854621.0
2025-06-23 15:00:00+00:00,1.9346,300583.2521,1.934,5015077.0
2025-06-23 16:00:00+00:00,1.8901,303827.4061,1.887,3488154.0
2025-06-23 17:00:00+00:00,1.9662,292577.1941,1.967,2244774.0
2025-06-23 18:00:00+00:00,1.9999,271313.3507,2.0,1082819.0
2025-06-23 19:00:00+00:00,2.0216,214514.5687,2.022,914980.0
2025-06-23 20:00:00+00:00,2.0612,275168.2942,2.062,1278604.0
2025-06-23 21:00:00+00:00,2.0583,163350.4686,2.057,921252.0
2025-06-23 22:00:00+00:00,2.1404,378689.84580011,2.14,1607546.0
2025-06-23 23:00:00+00:00,2.1224,198823.2309,2.123,1424219.0
2025-06-24 00:00:00+00:00,2.1232,182382.3984,2.122,729040.0
2025-06-24 01:00:00+00:00,2.1295,149885.2694,2.128,335909.0
2025-06-24 02:00:00+00:00,2.1249,120371.0187,2.124,205347.0
2025-06-24 03:00:00+00:00,2.1391,132306.4259,2.139,317690.0
2025-06-24 04:00:00+00:00,2.1392,108600.6496,2.138,185883.0
2025-06-24 05:00:00+00:00,2.2064,231368.5414,2.206,1177601.0
2025-06-24 06:00:00+00:00,2.2034,349207.8378,2.203,936846.0
2025-06-24 07:00:00+00:00,2.1677,172361.7877,2.166,1159685.0
2025-06-24 08:00:00+00:00,2.1767,204618.1086,2.174,1361437.0
2025-06-24 09:00:00+00:00,2.1773,176630.3673,2.177,644162.0
2025-06-24 10:00:00+00:00,2.1772,126819.9898,2.176,248126.0
2025-06-24 11:00:00+00:00,2.1766,152112.8824,2.174,664022.0
2025-06-24 12:00:00+00:00,2.1781,124612.8908,2.179,341899.0
2025-06-24 13:00:00+00:00,2.1719,177091.5653,2.171,953439.0
2025-06-24 14:00:00+00:00,2.1907,240166.0886,2.189,843740.0
2025-06-24 15:00:00+00:00,2.1916,115806.0674,2.19,506512.0
2025-06-24 16:00:00+00:00,2.2285,371283.28884112,2.23,929970.0
2025-06-24 17:00:00+00:00,2.2024,179112.5699,2.2,570095.0
2025-06-24 18:00:00+00:00,2.1834,140823.4122,2.183,587610.0
2025-06-24 19:00:00+00:00,2.1743,119741.8927,2.174,257150.0
2025-06-24 20:00:00+00:00,2.1834,103797.8607,2.184,204079.0
2025-06-24 21:00:00+00:00,2.1935,103210.596,2.193,389565.0
2025-06-24 22:00:00+00:00,2.1854,93947.3622,2.186,283334.0
2025-06-24 23:00:00+00:00,2.1903,83591.5002,2.19,536815.0
2025-06-25 00:00:00+00:00,2.1914,137561.1356,2.192,467127.0
2025-06-25 01:00:00+00:00,2.1784,145235.0053,2.177,528255.0
2025-06-25 02:00:00+00:00,2.1813,177246.7043,2.181,441323.0
2025-06-25 03:00:00+00:00,2.1825,110272.3028,2.183,282959.0
2025-06-25 04:00:00+00:00,2.1844,111163.6974,2.185,202875.0
2025-06-25 05:00:00+00:00,2.1727,109369.5244,2.174,239606.0
2025-06-25 06:00:00+00:00,2.1781,107872.1626,2.179,247578.0
2025-06-25 07:00:00+00:00,2.1855,89018.639,2.186,587311.0
2025-06-25 08:00:00+00:00,2.1624,146859.80387148,2.163,1208124.0
2025-06-25 09:00:00+00:00,2.1467,255287.0324,2.146,1234940.0
2025-06-25 10:00:00+00:00,2.1632,82880.8773,2.162,699653.0
2025-06-25 11:00:00+00:00,2.1795,72736.7032,2.178,638106.0
2025-06-25 12:00:00+00:00,2.1762,140247.5833,2.174,1628307.0
2025-06-25 13:00:00+00:00,2.1838,140004.3134,2.185,2192208.0
2025-06-25 14:00:00+00:00,2.1612,200311.6682,2.161,3222009.0
2025-06-25 15:00:00+00:00,2.1227,147120.8352,2.123,3131815.0
2025-06-25 16:00:00+00:00,2.1195,183259.8863,2.119,830310.0
2025-06-25 17:00:00+00:00,2.1365,163617.0129,2.137,1370548.0
2025-06-25 18:00:00+00:00,2.1395,173000.2546,2.137,292162.0
2025-06-25 19:00:00+00:00,2.1497,119733.1598,2.15,745398.0
2025-06-25 20:00:00+00:00,2.1603,90898.6502,2.161,535989.0
2025-06-25 21:00:00+00:00,2.144,115581.8255,2.144,1463198.0
2025-06-25 22:00:00+00:00,2.1305,94224.2626,2.131,1116379.0
2025-06-25 23:00:00+00:00,2.1374,91024.2104,2.138,780785.0
2025-06-26 00:00:00+00:00,2.1292,121863.3884,2.129,893018.0
2025-06-26 01:00:00+00:00,2.1526,155208.8677,2.153,1002180.0
2025-06-26 02:00:00+00:00,2.1695,169295.2581,2.168,1091723.0
2025-06-26 03:00:00+00:00,2.151,195008.8303,2.151,1016973.0
2025-06-26 04:00:00+00:00,2.1434,102669.8556,2.142,463019.0
2025-06-26 05:00:00+00:00,2.1313,100016.4644,2.131,669301.0
2025-06-26 06:00:00+00:00,2.1437,108249.4838,2.139,221992.0
2025-06-26 07:00:00+00:00,2.1556,172179.8033,2.156,784490.0
2025-06-26 08:00:00+00:00,2.1427,166918.7207,2.142,1042723.0
2025-06-26 09:00:00+00:00,2.1047,308796.2378,2.106,1777462.0
2025-06-26 10:00:00+00:00,2.1056,268686.941,2.106,1086862.0
2025-06-26 11:00:00+00:00,2.0889,225684.2425,2.089,633403.0
2025-06-26 12:00:00+00:00,2.0708,217687.9881,2.07,1596565.0
2025-06-26 13:00:00+00:00,2.0526,147627.5083,2.051,784943.0
2025-06-26 14:00:00+00:00,2.0684,195166.7865,2.069,680780.0
2025-06-26 15:00:00+00:00,2.0574,219367.1821,2.058,623318.0
2025-06-26 16:00:00+00:00,2.0322,299024.3038,2.032,749157.0
2025-06-26 17:00:00+00:00,2.0298,247145.091,2.03,224441.0
2025-06-26 18:00:00+00:00,2.041,234538.4315,2.042,945273.0
2025-06-26 19:00:00+00:00,2.0634,244872.9123,2.066,720296.0
2025-06-26 20:00:00+00:00,2.0865,271192.2398,2.087,984509.0
2025-06-26 21:00:00+00:00,2.0611,194709.5645,2.063,1271098.0
2025-06-26 22:00:00+00:00,2.0488,91540.3602,2.05,470351.0
2025-06-26 23:00:00+00:00,2.0507,75227.4593,2.05,430108.0
2025-06-27 00:00:00+00:00,2.0326,93061.5671,2.033,517612.0
2025-06-27 01:00:00+00:00,2.0679,179526.4123,2.068,683051.0
2025-06-27 02:00:00+00:00,2.0764,122575.9477,2.078,209409.0
2025-06-27 03:00:00+00:00,2.0804,121338.8269,2.082,462970.0
2025-06-27 04:00:00+00:00,2.0868,107789.1678,2.09,302586.0
2025-06-27 05:00:00+00:00,2.0724,142080.3122,2.074,733707.0
2025-06-27 06:00:00+00:00,2.0828,137084.6394,2.083,829399.0
2025-06-27 07:00:00+00:00,2.0648,181223.7713,2.062,859233.0
2025-06-27 08:00:00+00:00,2.0945,187193.928,2.092,514890.0
2025-06-27 09:00:00+00:00,2.0941,207319.3593,2.093,399860.0
2025-06-27 10:00:00+00:00,2.0794,143160.6259,2.079,180209.0
2025-06-27 11:00:00+00:00,2.0775,109677.3901,2.077,356093.0
2025-06-27 12:00:00+00:00,2.0536,266914.5128,2.054,473030.0
2025-06-27 13:00:00+00:00,2.0701,237604.554,2.07,747134.0
2025-06-27 14:00:00+00:00,2.0591,235728.3117,2.06,335744.0
2025-06-27 15:00:00+00:00,2.0868,204345.706,2.087,560075.0
2025-06-27 16:00:00+00:00,2.1094,255584.0686,2.109,1944224.0
2025-06-27 17:00:00+00:00,2.0704,204393.6438,2.071,747544.0
2025-06-27 18:00:00+00:00,2.0499,303492.3666,2.049,701237.0
2025-06-27 19:00:00+00:00,2.0683,193501.4811,2.067,778555.0
2025-06-27 20:00:00+00:00,2.0882,181496.96773928,2.087,797606.0
2025-06-27 21:00:00+00:00,2.0949,114247.0946,2.095,285110.0
2025-06-27 22:00:00+00:00,2.1159,97785.9258,2.116,253189.0
2025-06-27 23:00:00+00:00,2.1129,111019.6363,2.112,744417.0
2025-06-28 00:00:00+00:00,2.105,80468.8416,2.105,401268.0
2025-06-28 01:00:00+00:00,2.1184,86376.3024,2.119,281471.0
2025-06-28 02:00:00+00:00,2.1135,107683.5949,2.115,196080.0
2025-06-28 03:00:00+00:00,2.1079,66806.3675,2.111,124614.0
2025-06-28 04:00:00+00:00,2.1023,70391.0607,2.101,226717.0
2025-06-28 05:00:00+00:00,2.1025,82320.3833,2.102,355336.0
2025-06-28 06:00:00+00:00,2.1088,60022.1216,2.107,105262.0
2025-06-28 07:00:00+00:00,2.107,92449.4618,2.108,376570.0
2025-06-28 08:00:00+00:00,2.1006,88569.6534,2.099,415020.0
2025-06-28 09:00:00+00:00,2.1104,96808.4349,2.11,394884.0
2025-06-28 10:00:00+00:00,2.1078,87219.5934,2.106,123450.0
2025-06-28 11:00:00+00:00,2.1037,84267.6358,2.104,131122.0
2025-06-28 12:00:00+00:00,2.0978,75474.5166,2.098,140377.0
2025-06-28 13:00:00+00:00,2.0919,93901.3005,2.091,287811.0
2025-06-28 14:00:00+00:00,2.1108,79076.8879,2.11,463814.0
2025-06-28 15:00:00+00:00,2.1269,91344.8473,2.126,431979.0
2025-06-28 16:00:00+00:00,2.1325,220747.9669,2.131,2803727.0
2025-06-28 17:00:00+00:00,2.1584,115644.6288,2.158,1525484.0
2025-06-28 18:00:00+00:00,2.1556,105212.425,2.155,483126.0
2025-06-28 19:00:00+00:00,2.1446,90579.4755,2.144,719612.0
2025-06-28 20:00:00+00:00,2.1422,81144.1399,2.142,375538.0
2025-06-28 21:00:00+00:00,2.1612,83974.0,2.158,1135546.0
2025-06-28 22:00:00+00:00,2.1749,109019.4926,2.175,824060.0
2025-06-28 23:00:00+00:00,2.1661,75197.9172,2.166,358526.0
2025-06-29 00:00:00+00:00,2.1696,158710.1455,2.169,669799.0
2025-06-29 01:00:00+00:00,2.1478,92687.6155,2.148,332443.0
2025-06-29 02:00:00+00:00,2.145,87813.6076,2.145,1220585.0
2025-06-29 03:00:00+00:00,2.1337,72200.4101,2.133,1152110.0
2025-06-29 04:00:00+00:00,2.1375,59493.9155,2.138,272778.0
2025-06-29 05:00:00+00:00,2.1386,63624.5376,2.139,368832.0
2025-06-29 06:00:00+00:00,2.1453,113288.7987,2.147,271049.0
2025-06-29 07:00:00+00:00,2.1508,125522.4319,2.15,399901.0
2025-06-29 08:00:00+00:00,2.1477,129904.9104,2.148,507256.0
2025-06-29 09:00:00+00:00,2.149,93800.7191,2.15,639050.0
2025-06-29 10:00:00+00:00,2.16,259744.9702,2.157,690136.0
2025-06-29 11:00:00+00:00,2.1504,178741.5435,2.148,1321711.0
2025-06-29 12:00:00+00:00,2.1468,141487.9174,2.145,843231.0
2025-06-29 13:00:00+00:00,2.1362,84824.9114,2.136,561621.0
2025-06-29 14:00:00+00:00,2.1236,101910.6534,2.125,1108271.0
2025-06-29 15:00:00+00:00,2.1182,122894.278,2.121,302441.0
2025-06-29 16:00:00+00:00,2.1286,128795.6671,2.13,515812.0
2025-06-29 17:00:00+00:00,2.1417,87237.6291,2.143,515135.0
2025-06-29 18:00:00+00:00,2.1557,85144.7324,2.156,427545.0
2025-06-29 19:00:00+00:00,2.1624,98492.6406,2.163,817208.0
2025-06-29 20:00:00+00:00,2.1586,96053.2155,2.159,458422.0
2025-06-29 21:00:00+00:00,2.1881,113804.0361,2.188,1535960.0
2025-06-29 22:00:00+00:00,2.2766,268493.4201,2.277,3532907.0
2025-06-29 23:00:00+00:00,2.2582,191047.3074,2.259,1532674.0
2025-06-30 00:00:00+00:00,2.2495,193155.837,2.25,1332252.0
2025-06-30 01:00:00+00:00,2.2245,132565.0406,2.226,828704.0
2025-06-30 02:00:00+00:00,2.2095,101550.736,2.209,702994.0
2025-06-30 03:00:00+00:00,2.2051,264559.7086,2.206,705031.0
2025-06-30 04:00:00+00:00,2.1903,94400.2233,2.19,516846.0
2025-06-30 05:00:00+00:00,2.2019,84288.6298,2.202,726054.0
2025-06-30 06:00:00+00:00,2.1834,102366.9744,2.186,1097371.0
2025-06-30 07:00:00+00:00,2.2051,108312.1029,2.206,946407.0
2025-06-30 08:00:00+00:00,2.1824,112858.3641,2.182,425556.0
2025-06-30 09:00:00+00:00,2.1639,110769.6961,2.165,453950.0
2025-06-30 10:00:00+00:00,2.1683,103941.9006,2.167,489045.0
2025-06-30 11:00:00+00:00,2.1696,110150.5719,2.171,410498.0
2025-06-30 12:00:00+00:00,2.1605,127335.3848,2.16,846134.0
2025-06-30 13:00:00+00:00,2.162,167495.0377,2.162,771664.0
2025-06-30 14:00:00+00:00,2.1426,233958.4363,2.143,1501277.0
2025-06-30 15:00:00+00:00,2.1536,320342.9138,2.155,2750570.0
2025-06-30 16:00:00+00:00,2.1561,202863.6004,2.158,849156.0
2025-06-30 17:00:00+00:00,2.1401,186177.0038,2.143,765388.0
2025-06-30 18:00:00+00:00,2.1174,200093.312,2.118,1379802.0
2025-06-30 19:00:00+00:00,2.1763,230321.5893,2.176,1462094.0
2025-06-30 20:00:00+00:00,2.1577,141856.022,2.158,871188.0
2025-06-30 21:00:00+00:00,2.1479,104710.7612,2.148,926322.0
2025-06-30 22:00:00+00:00,2.1398,139737.59473017,2.139,738677.0
2025-06-30 23:00:00+00:00,2.148,91323.5005,2.148,713901.0
2025-07-01 00:00:00+00:00,2.1573,119500.3278,2.155,648634.0
2025-07-01 01:00:00+00:00,2.1475,106372.8933,2.148,398853.0
2025-07-01 02:00:00+00:00,2.1373,140445.4955,2.137,477788.0
2025-07-01 03:00:00+00:00,2.1423,107971.7861,2.144,277316.0
2025-07-01 04:00:00+00:00,2.1144,204789.9765,2.114,804744.0
2025-07-01 05:00:00+00:00,2.1049,165330.3567,2.105,825676.0
2025-07-01 06:00:00+00:00,2.1066,93558.1066,2.107,390568.0
2025-07-01 07:00:00+00:00,2.1076,145321.53,2.107,1748851.0
2025-07-01 08:00:00+00:00,2.0926,91103.2339,2.092,294908.0
2025-07-01 09:00:00+00:00,2.0959,61847.6296,2.094,326078.0
2025-07-01 10:00:00+00:00,2.099,73779.4141,2.099,169666.0
2025-07-01 11:00:00+00:00,2.0911,79168.6913,2.089,292551.0
2025-07-01 12:00:00+00:00,2.0767,100687.0591,2.076,2392585.0
2025-07-01 13:00:00+00:00,2.0922,114924.1437,2.092,2357489.0
2025-07-01 14:00:00+00:00,2.0935,146921.4135,2.091,1462220.0
2025-07-01 15:00:00+00:00,2.0802,83506.1254,2.08,465444.0
2025-07-01 16:00:00+00:00,2.0709,108855.3472,2.071,1296547.0
2025-07-01 17:00:00+00:00,2.0599,114678.8828,2.059,1370798.0
2025-07-01 18:00:00+00:00,2.0356,136510.7365,2.035,1247637.0
2025-07-01 19:00:00+00:00,2.0301,148440.703,2.03,790949.0
2025-07-01 20:00:00+00:00,2.0336,128711.7793,2.034,1131522.0
2025-07-01 21:00:00+00:00,2.0409,86693.3421,2.04,890004.0
2025-07-01 22:00:00+00:00,2.0407,109618.8922,2.043,761474.0
2025-07-01 23:00:00+00:00,2.0404,81639.3161,2.041,638063.0
2025-07-02 00:00:00+00:00,2.0367,104710.4004,2.036,307931.0
2025-07-02 01:00:00+00:00,2.0515,162718.379,2.05,985592.0
2025-07-02 02:00:00+00:00,2.0556,92708.4331,2.052,256183.0
2025-07-02 03:00:00+00:00,2.0626,112113.4998,2.063,462954.0
2025-07-02 04:00:00+00:00,2.1142,128434.0852,2.113,766720.0
2025-07-02 05:00:00+00:00,2.1435,199039.3343,2.143,1280490.0
2025-07-02 06:00:00+00:00,2.1707,197335.22782125,2.171,1057194.0
2025-07-02 07:00:00+00:00,2.1626,135238.6759,2.161,723045.0
2025-07-02 08:00:00+00:00,2.1615,139925.03988869,2.161,368501.0
2025-07-02 09:00:00+00:00,2.1293,125008.2305,2.13,1520403.0
2025-07-02 10:00:00+00:00,2.1388,81845.6705,2.14,835449.0
2025-07-02 11:00:00+00:00,2.1183,90071.4418,2.118,1436262.0
2025-07-02 12:00:00+00:00,2.1221,120725.3227,2.122,1157354.0
2025-07-02 13:00:00+00:00,2.1327,129936.5649,2.133,1127014.0
2025-07-02 14:00:00+00:00,2.1412,167662.7519,2.141,967932.0
2025-07-02 15:00:00+00:00,2.1532,198505.0225,2.152,961615.0
2025-07-02 16:00:00+00:00,2.2139,319468.3564224,2.212,2576302.0
2025-07-02 17:00:00+00:00,2.2016,426916.05416787,2.201,1533069.0
2025-07-02 18:00:00+00:00,2.229,178407.5735,2.229,781776.0
2025-07-02 19:00:00+00:00,2.2392,185993.2177,2.241,923907.0
2025-07-02 20:00:00+00:00,2.2289,200448.9454,2.23,1346864.0
2025-07-02 21:00:00+00:00,2.2503,266782.2234,2.251,2161089.0
2025-07-02 22:00:00+00:00,2.2497,157891.05,2.249,830685.0
2025-07-02 23:00:00+00:00,2.2207,112412.91594807,2.22,893121.0
2025-07-03 00:00:00+00:00,2.2314,159973.605,2.231,948783.0
2025-07-03 01:00:00+00:00,2.2532,156382.4058,2.254,615750.0
2025-07-03 02:00:00+00:00,2.2568,146964.5556,2.257,549022.0
2025-07-03 03:00:00+00:00,2.2631,168522.028,2.264,463866.0
2025-07-03 04:00:00+00:00,2.2977,195019.919,2.298,1076551.0
2025-07-03 05:00:00+00:00,2.3297,168363.2368,2.327,1329691.0
2025-07-03 06:00:00+00:00,2.3418,100946.0008,2.342,1028057.0
2025-07-03 07:00:00+00:00,2.3347,87450.3227,2.334,489406.0
2025-07-03 08:00:00+00:00,2.341,212770.8253,2.342,1616322.0
2025-07-03 09:00:00+00:00,2.3427,112109.3287,2.343,1449357.0
2025-07-03 10:00:00+00:00,2.3124,97108.0114,2.312,2018685.0
2025-07-03 11:00:00+00:00,2.2929,63865.3277,2.292,877751.0
2025-07-03 12:00:00+00:00,2.2946,113118.3384,2.295,1395398.0
2025-07-03 13:00:00+00:00,2.3313,176851.0668,2.332,1447599.0
2025-07-03 14:00:00+00:00,2.2922,106678.9816,2.293,621848.0
2025-07-03 15:00:00+00:00,2.2547,115344.5694,2.255,1258484.0
2025-07-03 16:00:00+00:00,2.2627,164751.32,2.264,1273410.0
2025-07-03 17:00:00+00:00,2.2548,96249.7341,2.254,649323.0
2025-07-03 18:00:00+00:00,2.2647,108398.0401,2.264,741494.0
2025-07-03 19:00:00+00:00,2.2764,73158.2614,2.278,296298.0
2025-07-03 20:00:00+00:00,2.2796,79856.5865,2.279,554548.0
2025-07-03 21:00:00+00:00,2.2844,84380.8331,2.283,336858.0
2025-07-03 22:00:00+00:00,2.2708,72483.0658,2.272,176666.0
2025-07-03 23:00:00+00:00,2.2755,70158.7686,2.275,180514.0
2025-07-04 00:00:00+00:00,2.286,74803.4077,2.286,458581.0
2025-07-04 01:00:00+00:00,2.2818,64228.3651,2.281,667878.0
2025-07-04 02:00:00+00:00,2.2578,113027.2505,2.258,690838.0
2025-07-04 03:00:00+00:00,2.2433,100307.3257,2.243,670699.0
2025-07-04 04:00:00+00:00,2.2222,104794.6141,2.223,1058716.0
2025-07-04 05:00:00+00:00,2.2237,95108.6523,2.224,1220775.0
2025-07-04 06:00:00+00:00,2.2026,80920.6035,2.203,1202610.0
2025-07-04 07:00:00+00:00,2.1721,93993.224,2.173,1596933.0
2025-07-04 08:00:00+00:00,2.1881,107116.3029,2.188,1005865.0
2025-07-04 09:00:00+00:00,2.1934,73867.8177,2.194,259318.0
2025-07-04 11:00:00+00:00,2.1878,42618.4862,2.187,278533.0
2025-07-04 12:00:00+00:00,2.1804,49739.4495,2.18,310589.0
2025-07-04 13:00:00+00:00,2.168,66200.3969,2.169,1073359.0
2025-07-04 14:00:00+00:00,2.1625,117556.4211,2.163,1815605.0
2025-07-04 15:00:00+00:00,2.1436,132253.6762,2.145,1026526.0
2025-07-04 16:00:00+00:00,2.1195,210200.4824,2.116,924348.0
2025-07-04 17:00:00+00:00,2.1254,95255.115,2.125,567981.0
2025-07-04 18:00:00+00:00,2.1171,42302.2624,2.117,272882.0
2025-07-04 19:00:00+00:00,2.1067,19893.768,2.106,283204.0
2025-07-04 20:00:00+00:00,2.1222,38814.9074,2.12,301054.0
2025-07-04 21:00:00+00:00,2.1197,57121.3017,2.118,619067.0
2025-07-04 22:00:00+00:00,2.1411,55832.6728,2.141,565944.0
2025-07-04 23:00:00+00:00,2.1357,46071.9885,2.134,475707.0
2025-07-05 00:00:00+00:00,2.1488,40623.7918,2.148,727725.0
2025-07-05 01:00:00+00:00,2.126,48018.9991,2.124,612345.0
2025-07-05 02:00:00+00:00,2.135,28543.2288,2.134,298374.0
2025-07-05 03:00:00+00:00,2.138,49990.0412,2.137,348858.0
2025-07-05 04:00:00+00:00,2.1231,40950.0864,2.122,318302.0
2025-07-05 05:00:00+00:00,2.1281,38863.1562,2.127,189453.0
2025-07-05 06:00:00+00:00,2.1387,54988.3014,2.139,225033.0
2025-07-05 07:00:00+00:00,2.131,44586.1968,2.128,142899.0
2025-07-05 08:00:00+00:00,2.1249,56795.6076,2.124,173297.0
2025-07-05 09:00:00+00:00,2.1325,83173.7032,2.131,942011.0
2025-07-05 10:00:00+00:00,2.1252,47551.7666,2.124,61674.0
2025-07-05 11:00:00+00:00,2.134,74050.4769,2.134,637495.0
2025-07-05 12:00:00+00:00,2.1244,72118.0177125,2.124,500636.0
2025-07-05 13:00:00+00:00,2.123,60411.7355,2.123,306110.0
2025-07-05 14:00:00+00:00,2.1361,53330.2891,2.137,1571376.0
2025-07-05 15:00:00+00:00,2.1228,55829.953,2.123,263436.0
2025-07-05 16:00:00+00:00,2.1296,62459.1163,2.129,418012.0
2025-07-05 17:00:00+00:00,2.1211,69052.7267,2.121,731992.0
2025-07-05 18:00:00+00:00,2.1024,78954.67,2.101,992390.0
2025-07-05 19:00:00+00:00,2.1247,97198.8046,2.126,571823.0
2025-07-05 20:00:00+00:00,2.136,66180.9056,2.135,709389.0
2025-07-05 21:00:00+00:00,2.142,34938.0902,2.141,731667.0
2025-07-05 22:00:00+00:00,2.153,50323.6715,2.153,990591.0
2025-07-05 23:00:00+00:00,2.1491,34585.2767,2.149,735008.0
2025-07-06 00:00:00+00:00,2.1441,52604.1606,2.144,422861.0
2025-07-06 01:00:00+00:00,2.1366,52880.2533,2.136,527074.0
2025-07-06 02:00:00+00:00,2.1235,38108.7919,2.125,142407.0
2025-07-06 03:00:00+00:00,2.1235,33218.0763,2.124,216423.0
2025-07-06 04:00:00+00:00,2.1194,30645.8769,2.119,87576.0
2025-07-06 05:00:00+00:00,2.1154,34653.4594,2.116,202539.0
2025-07-06 06:00:00+00:00,2.1268,51197.1874,2.127,163233.0
2025-07-06 07:00:00+00:00,2.1233,47290.4791,2.123,42211.0
2025-07-06 08:00:00+00:00,2.1315,78713.6181,2.131,176515.0
2025-07-06 09:00:00+00:00,2.119,54315.0338,2.119,237237.0
2025-07-06 10:00:00+00:00,2.1308,68776.8218,2.131,286971.0
2025-07-06 11:00:00+00:00,2.1407,34663.9184,2.14,329496.0
2025-07-06 12:00:00+00:00,2.1519,51209.3205,2.15,879222.0
2025-07-06 13:00:00+00:00,2.1867,102804.5896,2.187,1509179.0
2025-07-06 14:00:00+00:00,2.1714,90401.9816,2.172,517469.0
2025-07-06 15:00:00+00:00,2.1753,51473.4853,2.175,337293.0
2025-07-06 16:00:00+00:00,2.1915,58042.1834,2.191,243519.0
2025-07-06 17:00:00+00:00,2.1849,51109.4687,2.186,380536.0
2025-07-06 18:00:00+00:00,2.1693,52332.4542,2.167,340554.0
2025-07-06 19:00:00+00:00,2.1743,36798.61568892,2.174,131656.0
2025-07-06 20:00:00+00:00,2.1824,54586.9584,2.183,175233.0
2025-07-06 21:00:00+00:00,2.2039,81136.1749,2.203,1374366.0
2025-07-06 22:00:00+00:00,2.1977,71786.7122,2.198,790526.0
2025-07-06 23:00:00+00:00,2.1802,83531.3426,2.18,813582.0
2025-07-07 00:00:00+00:00,2.1789,79433.9994,2.177,634800.0
2025-07-07 01:00:00+00:00,2.1806,90148.2196,2.178,720284.0
2025-07-07 02:00:00+00:00,2.1949,79569.3087,2.197,270626.0
2025-07-07 03:00:00+00:00,2.1898,75496.0298,2.19,232899.0
2025-07-07 04:00:00+00:00,2.1812,84114.6016,2.182,416425.0
2025-07-07 05:00:00+00:00,2.1738,74275.5593,2.172,396581.0
2025-07-07 06:00:00+00:00,2.1631,79504.3229,2.164,1350788.0
2025-07-07 07:00:00+00:00,2.1868,86307.8161,2.187,643173.0
2025-07-07 08:00:00+00:00,2.1878,88322.4684,2.191,470788.0
2025-07-07 09:00:00+00:00,2.1727,71985.3071,2.173,778213.0
2025-07-07 10:00:00+00:00,2.1648,96658.833,2.165,466469.0
2025-07-07 11:00:00+00:00,2.1672,86516.2374,2.168,432120.0
2025-07-07 12:00:00+00:00,2.1657,79367.8004,2.166,395605.0
2025-07-07 13:00:00+00:00,2.1948,142803.8942,2.193,2148378.0
2025-07-07 14:00:00+00:00,2.1582,148319.3389,2.159,1317106.0
2025-07-07 15:00:00+00:00,2.1639,136128.1769,2.165,1746362.0
2025-07-07 16:00:00+00:00,2.1458,177425.4906,2.146,1741571.0
2025-07-07 17:00:00+00:00,2.1499,127072.5601,2.149,766629.0
2025-07-07 18:00:00+00:00,2.1559,167168.2692,2.155,843890.0
2025-07-07 19:00:00+00:00,2.1635,84042.334,2.164,1093538.0
2025-07-07 20:00:00+00:00,2.145,72244.6745,2.144,513987.0
2025-07-07 21:00:00+00:00,2.1535,80897.3401,2.153,876504.0
2025-07-07 22:00:00+00:00,2.1416,57260.0824,2.141,735055.0
2025-07-07 23:00:00+00:00,2.1588,35368.9338,2.158,278980.0
2025-07-08 00:00:00+00:00,2.1477,136398.8543,2.149,1348903.0
2025-07-08 01:00:00+00:00,2.1276,85732.2054,2.128,758716.0
2025-07-08 02:00:00+00:00,2.1276,137183.2133,2.128,1043179.0
2025-07-08 03:00:00+00:00,2.1352,66615.5208,2.135,228712.0
2025-07-08 04:00:00+00:00,2.1358,65971.4652,2.136,314386.0
2025-07-08 05:00:00+00:00,2.1403,61980.3668,2.139,233400.0
2025-07-08 06:00:00+00:00,2.1369,70093.6801,2.135,736655.0
2025-07-08 07:00:00+00:00,2.1398,63017.05078167,2.139,696056.0
2025-07-08 08:00:00+00:00,2.1277,80881.6337,2.129,439148.0
2025-07-08 09:00:00+00:00,2.1352,101161.0333,2.136,898628.0
2025-07-08 10:00:00+00:00,2.1605,97687.5869,2.162,736283.0
2025-07-08 11:00:00+00:00,2.1682,103853.3248,2.168,558323.0
2025-07-08 12:00:00+00:00,2.1794,95573.652,2.179,825812.0
2025-07-08 13:00:00+00:00,2.1895,121393.7051,2.191,904985.0
2025-07-08 14:00:00+00:00,2.1602,126981.6541,2.16,865552.0
2025-07-08 15:00:00+00:00,2.1611,120217.0339,2.159,547917.0
2025-07-08 16:00:00+00:00,2.1777,101650.8723,2.178,1233668.0
2025-07-08 17:00:00+00:00,2.2324,175257.4133,2.231,2400997.0
2025-07-08 18:00:00+00:00,2.2465,237115.6165,2.245,961269.0
2025-07-08 19:00:00+00:00,2.247,130687.1928,2.246,875959.0
2025-07-08 20:00:00+00:00,2.2267,116346.2931,2.227,1268694.0
2025-07-08 21:00:00+00:00,2.2445,87784.3509,2.244,1197980.0
2025-07-08 22:00:00+00:00,2.2342,73462.7747,2.233,791537.0
2025-07-08 23:00:00+00:00,2.2441,71580.6055,2.245,693942.0
2025-07-09 00:00:00+00:00,2.227,70801.315,2.227,1046891.0
2025-07-09 01:00:00+00:00,2.2139,99902.857,2.215,1027751.0
2025-07-09 02:00:00+00:00,2.2134,74608.8734,2.214,626057.0
2025-07-09 03:00:00+00:00,2.2131,91009.125,2.213,304273.0
2025-07-09 04:00:00+00:00,2.2288,69814.7857,2.229,794647.0
2025-07-09 05:00:00+00:00,2.2542,199877.9965,2.254,2039873.0
2025-07-09 06:00:00+00:00,2.2583,85490.2162,2.26,963187.0
2025-07-09 07:00:00+00:00,2.2624,104031.2733,2.263,808387.0
2025-07-09 08:00:00+00:00,2.2678,107616.3827,2.268,1050847.0
2025-07-09 09:00:00+00:00,2.2482,97793.74797902,2.249,677597.0
2025-07-09 10:00:00+00:00,2.2611,81827.3559,2.262,144952.0
2025-07-09 11:00:00+00:00,2.2626,111109.8237,2.262,727578.0
2025-07-09 12:00:00+00:00,2.2753,203238.0382,2.276,1215318.0
2025-07-09 13:00:00+00:00,2.2736,252237.4179,2.272,894170.0
2025-07-09 14:00:00+00:00,2.2604,151293.8456,2.26,2228040.0
2025-07-09 15:00:00+00:00,2.2654,101894.7731,2.265,1573111.0
2025-07-09 16:00:00+00:00,2.2862,109042.4614,2.286,887842.0
2025-07-09 17:00:00+00:00,2.2723,126556.9539,2.272,1910090.0
2025-07-09 18:00:00+00:00,2.288,121300.9737,2.285,1982040.0
2025-07-09 19:00:00+00:00,2.3293,190346.8755,2.331,3218576.0
2025-07-09 20:00:00+00:00,2.3306,201699.1558,2.328,1186088.0
2025-07-09 21:00:00+00:00,2.339,113449.94,2.34,1294161.0
2025-07-09 22:00:00+00:00,2.3536,100670.5324,2.354,741215.0
2025-07-09 23:00:00+00:00,2.3382,105839.8502,2.339,640756.0
2025-07-10 00:00:00+00:00,2.3218,91790.0149,2.321,930215.0
2025-07-10 01:00:00+00:00,2.3388,140840.1627,2.338,778409.0
2025-07-10 02:00:00+00:00,2.3536,232024.5748,2.355,593689.0
2025-07-10 03:00:00+00:00,2.3523,90454.0147,2.352,238131.0
2025-07-10 04:00:00+00:00,2.361,142939.42802639,2.361,642474.0
2025-07-10 05:00:00+00:00,2.3526,91235.9331,2.355,419165.0
2025-07-10 06:00:00+00:00,2.3721,82774.4915,2.372,848496.0
2025-07-10 07:00:00+00:00,2.3765,128993.351962,2.377,1259512.0
2025-07-10 08:00:00+00:00,2.3763,94797.6657,2.376,892437.0
2025-07-10 09:00:00+00:00,2.3602,89496.1062,2.361,960996.0
2025-07-10 10:00:00+00:00,2.3791,97352.7516,2.379,599754.0
2025-07-10 11:00:00+00:00,2.362,94151.2561,2.361,387440.0
2025-07-10 12:00:00+00:00,2.3625,102469.9058,2.363,994237.0
2025-07-10 13:00:00+00:00,2.3616,114075.4299,2.362,972742.0
2025-07-10 14:00:00+00:00,2.3559,168996.8889,2.355,1185385.0
2025-07-10 15:00:00+00:00,2.3518,163914.3986,2.35,999979.0
2025-07-10 16:00:00+00:00,2.3977,195727.0059,2.398,2271874.0
2025-07-10 17:00:00+00:00,2.4314,192339.4609,2.431,2570378.0
2025-07-10 18:00:00+00:00,2.4307,271799.346,2.43,1608795.0
2025-07-10 19:00:00+00:00,2.4225,105294.14,2.422,523024.0
2025-07-10 20:00:00+00:00,2.4338,91177.0584,2.433,955452.0
2025-07-10 21:00:00+00:00,2.5092,250469.6338,2.51,5530675.0
2025-07-10 22:00:00+00:00,2.5329,129890.3794,2.534,3630444.0
2025-07-10 23:00:00+00:00,2.5156,129873.8352,2.515,1379354.0
2025-07-11 00:00:00+00:00,2.4926,173387.1048,2.495,1285517.0
2025-07-11 01:00:00+00:00,2.5412,142224.6273,2.543,906847.0
2025-07-11 02:00:00+00:00,2.546,110515.5375,2.549,1288323.0
2025-07-11 03:00:00+00:00,2.5492,93990.0762,2.55,639539.0
2025-07-11 04:00:00+00:00,2.5696,133222.5824,2.571,1133605.0
2025-07-11 05:00:00+00:00,2.5736,140934.6924,2.575,1678112.0
2025-07-11 06:00:00+00:00,2.5489,237111.0882,2.548,1816470.0
2025-07-11 07:00:00+00:00,2.5335,273190.7453,2.534,931295.0
2025-07-11 08:00:00+00:00,2.564,84784.3275,2.564,520155.0
2025-07-11 09:00:00+00:00,2.5932,244487.3688,2.591,2022747.0
2025-07-11 10:00:00+00:00,2.5867,130772.1238,2.585,556953.0
2025-07-11 11:00:00+00:00,2.5749,154487.6609,2.575,509440.0
2025-07-11 12:00:00+00:00,2.5946,64451.6109,2.594,534889.0
2025-07-11 13:00:00+00:00,2.6105,129600.586,2.609,4225186.0
2025-07-11 14:00:00+00:00,2.6128,104405.4212,2.614,3018698.0
2025-07-11 15:00:00+00:00,2.5505,164859.6388,2.55,2410834.0
2025-07-11 16:00:00+00:00,2.5909,147223.1269,2.59,1592062.0
2025-07-11 17:00:00+00:00,2.6197,147199.6831,2.621,1111723.0
2025-07-11 18:00:00+00:00,2.6126,116217.0821,2.611,750186.0
2025-07-11 19:00:00+00:00,2.6124,119684.4937,2.612,1318214.0
2025-07-11 20:00:00+00:00,2.5722,125536.542,2.572,1881834.0
2025-07-11 21:00:00+00:00,2.536,175230.0371,2.535,2604433.0
2025-07-11 22:00:00+00:00,2.4944,265585.9865,2.494,6454457.0
2025-07-11 23:00:00+00:00,2.5044,85429.0338,2.506,1346530.0
2025-07-12 00:00:00+00:00,2.4861,169413.9125,2.486,1766994.0
2025-07-12 01:00:00+00:00,2.5303,112212.269,2.531,1235945.0
2025-07-12 02:00:00+00:00,2.5262,101622.1121,2.526,753283.0
2025-07-12 03:00:00+00:00,2.5237,102542.9782,2.522,665202.0
2025-07-12 04:00:00+00:00,2.4798,79374.8942,2.477,1019348.0
2025-07-12 05:00:00+00:00,2.4847,93918.4046,2.485,991031.0
2025-07-12 06:00:00+00:00,2.5273,110491.0563,2.529,845250.0
2025-07-12 07:00:00+00:00,2.5129,239667.5505,2.515,4467800.0
2025-07-12 08:00:00+00:00,2.51,104767.5071,2.511,1118988.0
2025-07-12 09:00:00+00:00,2.527,91938.1098,2.527,1904866.0
2025-07-12 10:00:00+00:00,2.5295,85329.0147,2.531,724128.0
2025-07-12 11:00:00+00:00,2.522,95280.1175,2.522,847671.0
2025-07-12 12:00:00+00:00,2.4845,113834.0654,2.485,1720604.0
2025-07-12 13:00:00+00:00,2.4751,124213.0312,2.475,1151290.0
2025-07-12 14:00:00+00:00,2.46,114528.39065927,2.459,866227.0
2025-07-12 15:00:00+00:00,2.4218,190463.4763,2.423,2831703.0
2025-07-12 16:00:00+00:00,2.4384,103967.1257,2.439,1206333.0
2025-07-12 17:00:00+00:00,2.4765,92642.4823,2.476,330084.0
2025-07-12 18:00:00+00:00,2.4884,108072.4292,2.488,239774.0
2025-07-12 19:00:00+00:00,2.486,78757.606,2.486,183171.0
2025-07-12 20:00:00+00:00,2.4418,93726.165,2.442,153203.0
2025-07-12 21:00:00+00:00,2.4794,96897.8242,2.48,487749.0
2025-07-12 22:00:00+00:00,2.4789,71593.0793,2.481,236910.0
2025-07-12 23:00:00+00:00,2.4826,98014.3093,2.483,852362.0
2025-07-13 00:00:00+00:00,2.4807,107713.0307,2.482,721864.0
2025-07-13 01:00:00+00:00,2.4904,94898.1883,2.491,614782.0
2025-07-13 02:00:00+00:00,2.4887,76045.7578,2.49,429944.0
2025-07-13 03:00:00+00:00,2.4859,76803.6389,2.487,325834.0
2025-07-13 04:00:00+00:00,2.5079,91817.7355,2.508,482449.0
2025-07-13 05:00:00+00:00,2.4869,81185.3253,2.488,495377.0
2025-07-13 06:00:00+00:00,2.5096,90731.981,2.51,586573.0
2025-07-13 07:00:00+00:00,2.5237,88569.2714,2.524,474922.0
2025-07-13 08:00:00+00:00,2.521,113817.527,2.521,621775.0
2025-07-13 09:00:00+00:00,2.5033,87009.4964,2.503,679592.0
2025-07-13 10:00:00+00:00,2.5006,72948.8704,2.501,302649.0
2025-07-13 11:00:00+00:00,2.5265,65205.5623,2.525,405433.0
2025-07-13 12:00:00+00:00,2.5509,110066.1746,2.551,707395.0
2025-07-13 13:00:00+00:00,2.5583,125188.2173,2.559,1092179.0
2025-07-13 14:00:00+00:00,2.5468,159556.3892,2.547,2150003.0
2025-07-13 15:00:00+00:00,2.5511,186117.17728118,2.555,1496927.0
2025-07-13 16:00:00+00:00,2.5313,131694.9672,2.532,966245.0
2025-07-13 17:00:00+00:00,2.5513,104045.7475,2.551,1035353.0
2025-07-13 18:00:00+00:00,2.5736,80183.4833,2.572,759655.0
2025-07-13 19:00:00+00:00,2.5623,94002.4091,2.56,500109.0
2025-07-13 20:00:00+00:00,2.5684,89068.1988,2.569,531071.0
2025-07-13 21:00:00+00:00,2.532,109580.3235,2.531,1752112.0
2025-07-13 22:00:00+00:00,2.5168,129679.7491,2.517,1209770.0
2025-07-13 23:00:00+00:00,2.5304,92758.6372,2.53,1694078.0
2025-07-14 00:00:00+00:00,2.54,62920.667,2.539,844083.0
2025-07-14 01:00:00+00:00,2.5829,170319.5258,2.583,903750.0
2025-07-14 02:00:00+00:00,2.6062,90251.1961,2.606,855769.0
2025-07-14 03:00:00+00:00,2.6329,213718.0319,2.633,1404405.0
2025-07-14 04:00:00+00:00,2.6818,110544.3057,2.683,2573259.0
2025-07-14 05:00:00+00:00,2.6487,162815.6857,2.648,2755933.0
2025-07-14 06:00:00+00:00,2.6417,120863.3887,2.642,1298625.0
2025-07-14 07:00:00+00:00,2.6675,119562.3216,2.669,1184953.0
2025-07-14 08:00:00+00:00,2.6419,61822.6521,2.642,1024046.0
2025-07-14 09:00:00+00:00,2.6506,87990.6604,2.65,644044.0
2025-07-14 10:00:00+00:00,2.6628,91312.07,2.664,729937.0
2025-07-14 11:00:00+00:00,2.6514,114559.2849,2.65,966305.0
2025-07-14 12:00:00+00:00,2.6561,89422.4511,2.656,536743.0
2025-07-14 13:00:00+00:00,2.6604,100798.5716,2.66,1101291.0
2025-07-14 14:00:00+00:00,2.6342,114469.9946,2.636,1411304.0
2025-07-14 15:00:00+00:00,2.5994,102157.9451,2.6,1710545.0
2025-07-14 16:00:00+00:00,2.626,113442.9891,2.626,1948787.0
2025-07-14 17:00:00+00:00,2.6106,84959.3552,2.611,1027343.0
2025-07-14 18:00:00+00:00,2.5687,104170.4232,2.568,1459881.0
2025-07-14 19:00:00+00:00,2.5765,50551.60187122,2.576,564925.0
2025-07-14 20:00:00+00:00,2.5843,92329.8116,2.586,1342013.0
2025-07-14 21:00:00+00:00,2.5919,36582.7857,2.592,904396.0
2025-07-14 22:00:00+00:00,2.5932,65579.3705,2.594,706620.0
2025-07-14 23:00:00+00:00,2.5794,53903.5236,2.581,370810.0
2025-07-15 00:00:00+00:00,2.5478,90762.4384,2.548,1063583.0
2025-07-15 01:00:00+00:00,2.5466,126160.9741,2.545,1363478.0
2025-07-15 02:00:00+00:00,2.5316,110297.7805,2.532,1218903.0
2025-07-15 03:00:00+00:00,2.5185,119994.571,2.519,2920546.0
2025-07-15 04:00:00+00:00,2.5315,87893.9678,2.532,898393.0
2025-07-15 05:00:00+00:00,2.5361,59688.7943,2.536,760761.0
2025-07-15 06:00:00+00:00,2.5354,136372.9501,2.534,955999.0
2025-07-15 07:00:00+00:00,2.5169,131831.9536,2.517,1332967.0
2025-07-15 08:00:00+00:00,2.5092,113024.5008,2.51,1442855.0
2025-07-15 09:00:00+00:00,2.5091,171259.0714,2.509,1088094.0
2025-07-15 10:00:00+00:00,2.5134,78276.7243,2.514,341536.0
2025-07-15 11:00:00+00:00,2.5132,93722.1453,2.515,291774.0
2025-07-15 12:00:00+00:00,2.5168,113127.6032,2.517,2357747.0
2025-07-15 13:00:00+00:00,2.565,101218.4972,2.565,1151850.0
2025-07-15 14:00:00+00:00,2.4912,97792.9214,2.49,1869933.0
2025-07-15 15:00:00+00:00,2.5556,120178.2655,2.557,1702596.0
2025-07-15 16:00:00+00:00,2.5987,88199.8705,2.598,2158622.0
2025-07-15 17:00:00+00:00,2.6527,88693.5886,2.653,2294572.0
2025-07-15 18:00:00+00:00,2.6076,146858.886,2.613,1815381.0
2025-07-15 19:00:00+00:00,2.5727,94444.6843,2.573,1537507.0
2025-07-15 20:00:00+00:00,2.6028,69683.2379,2.604,823975.0
2025-07-15 21:00:00+00:00,2.6302,55016.1488,2.632,847293.0
2025-07-15 22:00:00+00:00,2.6264,72655.7288,2.628,1288739.0
2025-07-15 23:00:00+00:00,2.6701,76320.6959,2.671,1906666.0
2025-07-16 00:00:00+00:00,2.6984,96159.1538,2.7,1227955.0
2025-07-16 01:00:00+00:00,2.6965,84664.2428,2.697,567176.0
2025-07-16 02:00:00+00:00,2.6301,127679.5278,2.63,1559414.0
2025-07-16 03:00:00+00:00,2.6337,93300.2073,2.634,415115.0
2025-07-16 04:00:00+00:00,2.647,71691.7506,2.648,631329.0
2025-07-16 05:00:00+00:00,2.6584,94407.8538,2.659,858893.0
2025-07-16 06:00:00+00:00,2.6805,91275.1435,2.682,617221.0
2025-07-16 07:00:00+00:00,2.6915,77602.4304,2.693,490866.0
2025-07-16 08:00:00+00:00,2.6827,73581.281,2.683,781197.0
2025-07-16 09:00:00+00:00,2.6667,92133.09643979,2.668,1564959.0
2025-07-16 10:00:00+00:00,2.6544,63783.7693,2.656,669954.0
2025-07-16 11:00:00+00:00,2.6619,57370.7814,2.66,776975.0
2025-07-16 12:00:00+00:00,2.6636,83653.9801,2.665,762078.0
2025-07-16 13:00:00+00:00,2.6723,87313.9249,2.673,746514.0
2025-07-16 14:00:00+00:00,2.7167,163397.0534,2.715,1731938.0
2025-07-16 15:00:00+00:00,2.6868,142480.8662,2.688,2097356.0
2025-07-16 16:00:00+00:00,2.7412,125257.7897,2.741,1421958.0
2025-07-16 17:00:00+00:00,2.7661,133642.7726,2.767,1451593.0
2025-07-16 18:00:00+00:00,2.7619,125289.3427,2.761,1866767.0
2025-07-16 19:00:00+00:00,2.7608,89338.5423,2.76,1187354.0
2025-07-16 20:00:00+00:00,2.7739,111418.9159,2.774,1525286.0
2025-07-16 21:00:00+00:00,2.799,139946.9103,2.797,1766985.0
2025-07-16 22:00:00+00:00,2.7569,90711.5028,2.758,1373260.0
2025-07-16 23:00:00+00:00,2.7305,98608.4876,2.732,1036273.0
2025-07-17 00:00:00+00:00,2.7427,92323.1633,2.743,1182592.0
2025-07-17 01:00:00+00:00,2.7005,115055.4569,2.699,3588334.0
2025-07-17 02:00:00+00:00,2.7173,87194.6936,2.717,816207.0
2025-07-17 03:00:00+00:00,2.6748,100917.4104,2.674,1933892.0
2025-07-17 04:00:00+00:00,2.7017,98639.0381,2.701,861502.0
2025-07-17 05:00:00+00:00,2.7342,94648.6138,2.735,2813150.0
2025-07-17 06:00:00+00:00,2.752,118847.6855,2.753,2074175.0
2025-07-17 07:00:00+00:00,2.74,96778.1648,2.74,932002.0
2025-07-17 08:00:00+00:00,2.7695,100660.9218,2.771,875873.0
2025-07-17 09:00:00+00:00,2.8098,120438.6571,2.809,1599343.0
2025-07-17 10:00:00+00:00,2.8088,107085.5269,2.809,2084189.0
2025-07-17 11:00:00+00:00,2.787,90075.0362,2.788,1116813.0
2025-07-17 12:00:00+00:00,2.833,117614.2527,2.834,1920219.0
2025-07-17 13:00:00+00:00,2.8246,177051.7186,2.825,2114627.0
2025-07-17 14:00:00+00:00,2.8271,155451.1603,2.828,2549080.0
2025-07-17 15:00:00+00:00,2.8138,114920.4261,2.812,1300876.0
2025-07-17 16:00:00+00:00,2.7767,132242.3417,2.776,2444451.0
2025-07-17 17:00:00+00:00,2.7907,111300.8275,2.791,1582568.0
2025-07-17 18:00:00+00:00,2.7987,81370.8218,2.799,1143547.0
2025-07-17 19:00:00+00:00,2.7505,108152.6969477,2.752,1340733.0
2025-07-17 20:00:00+00:00,2.7592,142443.51398084,2.758,3108482.0
2025-07-17 21:00:00+00:00,2.7846,154737.1505,2.785,2934602.0
2025-07-17 22:00:00+00:00,2.8272,120913.3752,2.829,3730056.0
2025-07-17 23:00:00+00:00,2.8178,116477.2677,2.819,3160241.0
2025-07-18 00:00:00+00:00,2.876,131229.9683,2.877,2039379.0
2025-07-18 01:00:00+00:00,2.9091,177466.9052,2.91,2870011.0
2025-07-18 02:00:00+00:00,2.8935,108031.3406,2.895,990749.0
2025-07-18 03:00:00+00:00,2.9142,83531.9272,2.915,1155966.0
2025-07-18 04:00:00+00:00,3.0045,195586.5478,3.007,2808528.0
2025-07-18 05:00:00+00:00,3.027,159368.10598248,3.03,3786661.0
2025-07-18 06:00:00+00:00,3.019,178997.4656,3.019,1301653.0
2025-07-18 07:00:00+00:00,2.954,172880.3977,2.954,2029016.0
2025-07-18 08:00:00+00:00,2.9704,96162.5216,2.97,2594451.0
2025-07-18 09:00:00+00:00,2.9755,161439.2618,2.978,2051067.0
2025-07-18 10:00:00+00:00,2.9665,128144.5473,2.968,665889.0
2025-07-18 11:00:00+00:00,2.9255,111999.65642933,2.928,1036906.0
2025-07-18 12:00:00+00:00,2.9773,106598.0573,2.979,1456854.0
2025-07-18 13:00:00+00:00,2.9564,106353.1449,2.959,1963399.0
2025-07-18 14:00:00+00:00,2.8939,259849.9197,2.892,3003703.0
2025-07-18 15:00:00+00:00,2.8412,125693.2768,2.839,2967515.0
2025-07-18 16:00:00+00:00,2.8526,76530.4841,2.848,1922065.0
2025-07-18 17:00:00+00:00,2.8686,93157.1208,2.868,1071463.0
2025-07-18 18:00:00+00:00,2.816,85476.4683,2.814,1169399.0
2025-07-18 19:00:00+00:00,2.8018,107822.2468,2.802,2694772.0
2025-07-18 20:00:00+00:00,2.7675,156665.9684,2.771,2559666.0
2025-07-18 21:00:00+00:00,2.7891,85522.8063,2.79,813185.0
2025-07-18 22:00:00+00:00,2.7663,114164.0436,2.766,1482076.0
2025-07-18 23:00:00+00:00,2.803,75334.3796,2.802,832821.0
2025-07-19 00:00:00+00:00,2.7648,81157.0031,2.765,966602.0
2025-07-19 01:00:00+00:00,2.8003,67199.7898,2.8,562479.0
2025-07-19 02:00:00+00:00,2.8457,65702.7671,2.845,583091.0
2025-07-19 03:00:00+00:00,2.8852,126818.75852724,2.888,674979.0
2025-07-19 04:00:00+00:00,2.8942,91277.4007,2.895,937167.0
2025-07-19 05:00:00+00:00,2.8857,61921.4998,2.889,678758.0
2025-07-19 06:00:00+00:00,2.906,60406.2794,2.907,536817.0
2025-07-19 07:00:00+00:00,2.8848,68211.2045,2.886,927168.0
2025-07-19 08:00:00+00:00,2.8714,65245.7255,2.873,611619.0
2025-07-19 09:00:00+00:00,2.8573,92078.5528,2.858,844142.0
2025-07-19 10:00:00+00:00,2.8542,57746.9853,2.855,382259.0
2025-07-19 11:00:00+00:00,2.8248,82792.5785,2.827,688741.0
2025-07-19 12:00:00+00:00,2.8371,76421.9003,2.838,767606.0
2025-07-19 13:00:00+00:00,2.8133,62387.3421,2.814,470063.0
2025-07-19 14:00:00+00:00,2.7807,93342.7297,2.779,784560.0
2025-07-19 15:00:00+00:00,2.824,86849.8248,2.823,459882.0
2025-07-19 16:00:00+00:00,2.841,127699.8745,2.842,1283907.0
2025-07-19 17:00:00+00:00,2.8262,59016.4637,2.828,464227.0
2025-07-19 18:00:00+00:00,2.8616,78270.4983,2.863,610793.0
2025-07-19 19:00:00+00:00,2.9419,139021.0732,2.944,2216847.0
2025-07-19 20:00:00+00:00,2.9168,80564.002,2.917,567528.0
2025-07-19 21:00:00+00:00,2.9024,79320.9351,2.904,791026.0
2025-07-19 22:00:00+00:00,2.8987,63069.4922,2.9,515654.0
2025-07-19 23:00:00+00:00,2.9174,53461.7116,2.918,468444.0
2025-07-20 00:00:00+00:00,2.896,77741.4191,2.896,439216.0
2025-07-20 01:00:00+00:00,2.8946,108382.4159,2.896,846091.0
2025-07-20 02:00:00+00:00,2.9008,121208.6575,2.902,586260.0
2025-07-20 03:00:00+00:00,2.9071,69798.6809,2.909,561554.0
2025-07-20 04:00:00+00:00,2.9187,49011.4687,2.919,623833.0
2025-07-20 05:00:00+00:00,2.9424,53750.9529,2.943,646426.0
2025-07-20 06:00:00+00:00,2.9241,63072.2824,2.924,559911.0
2025-07-20 07:00:00+00:00,2.9379,57128.7375,2.939,931436.0
2025-07-20 08:00:00+00:00,2.9791,80516.8665,2.98,937255.0
2025-07-20 09:00:00+00:00,2.9804,120625.6119,2.983,696253.0
2025-07-20 10:00:00+00:00,2.9724,63637.3328,2.974,921016.0
2025-07-20 11:00:00+00:00,2.9926,67893.6608,2.992,984661.0
2025-07-20 12:00:00+00:00,2.9947,74082.099,2.998,747546.0
2025-07-20 13:00:00+00:00,3.0141,63289.4316,3.016,554087.0
2025-07-20 14:00:00+00:00,3.0058,138938.9186,3.008,1609097.0
2025-07-20 15:00:00+00:00,3.047,101792.6208,3.048,997816.0
2025-07-20 16:00:00+00:00,3.0542,119689.224,3.055,1500522.0
2025-07-20 17:00:00+00:00,3.0162,112528.8843,3.016,1543292.0
2025-07-20 18:00:00+00:00,3.0309,84900.2717,3.032,870405.0
2025-07-20 19:00:00+00:00,3.0149,70457.8669,3.016,457996.0
2025-07-20 20:00:00+00:00,3.0043,64269.751,3.005,602315.0
2025-07-20 21:00:00+00:00,3.01,68329.764,3.01,956130.0
2025-07-20 22:00:00+00:00,2.972,116996.6413,2.973,2384758.0
2025-07-20 23:00:00+00:00,2.9751,63834.2397,2.976,799299.0
2025-07-21 00:00:00+00:00,2.9597,107880.665,2.958,1110431.0
2025-07-21 01:00:00+00:00,2.9432,92682.9475,2.944,746851.0
2025-07-21 02:00:00+00:00,2.9809,84095.31,2.981,676573.0
2025-07-21 03:00:00+00:00,3.008,77589.381,3.008,693052.0
2025-07-21 04:00:00+00:00,3.0128,72120.3818,3.012,561973.0
2025-07-21 05:00:00+00:00,3.0218,63241.7177,3.021,1415780.0
2025-07-21 06:00:00+00:00,3.0393,184731.6275,3.041,1028902.0
2025-07-21 07:00:00+00:00,3.0449,109640.0599,3.044,505679.0
2025-07-21 08:00:00+00:00,3.0426,82167.8749,3.044,730742.0
2025-07-21 09:00:00+00:00,3.0141,89502.5796,3.017,1588856.0
2025-07-21 10:00:00+00:00,3.0293,79447.8952,3.032,1190805.0
2025-07-21 11:00:00+00:00,3.03,123794.1241,3.03,1297203.0
2025-07-21 12:00:00+00:00,3.0213,113272.65388085,3.022,1678147.0
2025-07-21 13:00:00+00:00,3.0617,114066.77318549,3.061,1207525.0
2025-07-21 14:00:00+00:00,3.0722,124975.5696,3.075,1600643.0
2025-07-21 15:00:00+00:00,3.042,100791.9758,3.042,1520185.0
2025-07-21 16:00:00+00:00,3.0061,221373.3415,3.007,3057753.0
2025-07-21 17:00:00+00:00,3.0294,96136.9305,3.027,1261478.0
2025-07-21 18:00:00+00:00,3.0,86363.7208,2.998,1408363.0
2025-07-21 19:00:00+00:00,2.9666,99134.2308,2.967,1380419.0
2025-07-21 20:00:00+00:00,2.9576,97999.0289,2.96,1219763.0
2025-07-21 21:00:00+00:00,2.9813,71875.1055,2.982,1262789.0
2025-07-21 22:00:00+00:00,3.0164,67294.616,3.017,608978.0
2025-07-21 23:00:00+00:00,3.0225,36090.2462,3.023,679117.0
2025-07-22 00:00:00+00:00,2.9906,79694.9425,2.991,1229160.0
2025-07-22 01:00:00+00:00,3.0414,236829.1007,3.044,3296056.0
2025-07-22 02:00:00+00:00,2.9823,104057.844,2.985,1825332.0
2025-07-22 03:00:00+00:00,2.9602,164733.60855822,2.96,1834944.0
2025-07-22 04:00:00+00:00,2.8678,134633.271,2.871,2901251.0
2025-07-22 05:00:00+00:00,2.9119,119320.5923,2.909,2246590.0
2025-07-22 06:00:00+00:00,2.9265,127808.4166,2.927,1332794.0
2025-07-22 07:00:00+00:00,2.9291,108223.91823205,2.928,1912108.0
2025-07-22 08:00:00+00:00,2.9067,108032.2059,2.906,2280813.0
2025-07-22 09:00:00+00:00,2.9225,156677.1694,2.924,3870823.0
2025-07-22 10:00:00+00:00,2.9692,99869.877,2.97,964267.0
2025-07-22 11:00:00+00:00,2.9643,124683.4551,2.967,2371268.0
2025-07-22 12:00:00+00:00,2.9515,107205.7698,2.954,1842541.0
2025-07-22 13:00:00+00:00,2.9019,167479.5869,2.904,4118388.0
2025-07-22 14:00:00+00:00,2.9746,117878.879,2.976,3042986.0
2025-07-22 15:00:00+00:00,2.9545,126043.0321,2.955,3640734.0
2025-07-22 16:00:00+00:00,2.9639,111344.6836,2.966,2247972.0
2025-07-22 17:00:00+00:00,2.9464,92544.5995,2.949,2571774.0
2025-07-22 18:00:00+00:00,2.9836,182729.1719,2.985,3137902.0
2025-07-22 19:00:00+00:00,2.9229,186886.3786,2.923,3960846.0
2025-07-22 20:00:00+00:00,2.9744,100198.3857,2.975,1532029.0
2025-07-22 21:00:00+00:00,2.9817,135376.5391,2.983,1232191.0
2025-07-22 22:00:00+00:00,2.9895,79963.6627,2.989,790849.0
2025-07-22 23:00:00+00:00,3.0316,60059.6417,3.032,1972483.0
2025-07-23 00:00:00+00:00,2.9794,118519.4436,2.98,1470265.0
2025-07-23 01:00:00+00:00,2.9951,91397.5415,2.995,593171.0
2025-07-23 02:00:00+00:00,2.9935,119352.93876461,2.994,1129257.0
2025-07-23 03:00:00+00:00,2.9893,98370.4351,2.989,616482.0
2025-07-23 04:00:00+00:00,3.0359,95578.9418,3.037,639975.0
2025-07-23 05:00:00+00:00,3.0108,88415.9823,3.015,869438.0
2025-07-23 06:00:00+00:00,2.9855,122677.6552,2.987,1300971.0
2025-07-23 07:00:00+00:00,2.9645,137538.5099,2.966,1172755.0
2025-07-23 08:00:00+00:00,2.9895,130867.727,2.99,1514963.0
2025-07-23 09:00:00+00:00,2.9292,148080.9834,2.928,1605868.0
2025-07-23 10:00:00+00:00,2.9227,146362.9636,2.923,2556514.0
2025-07-23 11:00:00+00:00,2.9143,103908.9088,2.914,1655513.0
2025-07-23 12:00:00+00:00,2.84,155558.4274,2.841,4631373.0
2025-07-23 13:00:00+00:00,2.7857,353902.2968,2.782,7941420.0
2025-07-23 14:00:00+00:00,2.8151,128877.9768,2.814,2854653.0
2025-07-23 15:00:00+00:00,2.8242,88403.6529,2.821,1674318.0
2025-07-23 16:00:00+00:00,2.7517,124318.0026,2.752,3837567.0
2025-07-23 17:00:00+00:00,2.7407,137710.9346,2.738,2915919.0
2025-07-23 18:00:00+00:00,2.771,63223.3632,2.769,1154788.0
2025-07-23 19:00:00+00:00,2.7437,95406.3378,2.741,969660.0
2025-07-23 20:00:00+00:00,2.7145,137262.3112,2.715,4777479.0
2025-07-23 21:00:00+00:00,2.7353,130199.9653,2.738,2369983.0
2025-07-23 22:00:00+00:00,2.7536,84426.0573,2.754,1571088.0
2025-07-23 23:00:00+00:00,2.7521,47619.882,2.753,961174.0
2025-07-24 00:00:00+00:00,2.7933,108797.0043,2.792,1149154.0
2025-07-24 01:00:00+00:00,2.7954,80429.5418,2.795,1145409.0
2025-07-24 02:00:00+00:00,2.7804,96985.3961,2.78,799112.0
2025-07-24 03:00:00+00:00,2.772,97006.6563,2.772,1175477.0
2025-07-24 04:00:00+00:00,2.7291,115016.144,2.729,1187144.0
2025-07-24 05:00:00+00:00,2.6501,143320.8451,2.649,2144428.0
2025-07-24 06:00:00+00:00,2.6186,217459.6598,2.617,3672773.0
2025-07-24 07:00:00+00:00,2.6642,171156.745,2.663,2425200.0
2025-07-24 08:00:00+00:00,2.6877,148973.0174,2.687,1221936.0
2025-07-24 09:00:00+00:00,2.6783,159151.9102,2.678,2544946.0
2025-07-24 10:00:00+00:00,2.6656,186803.9101,2.666,1967776.0
2025-07-24 11:00:00+00:00,2.7232,97590.6191,2.724,900410.0
2025-07-24 12:00:00+00:00,2.6993,145838.3417,2.699,1128613.0
2025-07-24 13:00:00+00:00,2.6922,119849.4969,2.692,882568.0
2025-07-24 14:00:00+00:00,2.8007,171861.4306,2.801,1320140.0
2025-07-24 15:00:00+00:00,2.79,144730.8259,2.79,1681587.0
2025-07-24 16:00:00+00:00,2.7278,124612.1412,2.728,2636023.0
2025-07-24 17:00:00+00:00,2.7844,152270.8548,2.784,1027557.0
2025-07-24 18:00:00+00:00,2.7883,121745.9625,2.787,902391.0
2025-07-24 19:00:00+00:00,2.7665,113290.4935,2.764,848986.0
2025-07-24 20:00:00+00:00,2.8007,86404.9002,2.8,627433.0
2025-07-24 21:00:00+00:00,2.7636,67094.0234,2.763,710012.0
2025-07-24 22:00:00+00:00,2.7577,90609.6533,2.759,1412272.0
2025-07-24 23:00:00+00:00,2.7178,127573.2551,2.714,1037194.0
2025-07-25 00:00:00+00:00,2.6744,157485.0447,2.674,2161702.0
2025-07-25 01:00:00+00:00,2.7061,95569.1246,2.708,906199.0
2025-07-25 02:00:00+00:00,2.6539,92689.6465,2.654,1099557.0
2025-07-25 03:00:00+00:00,2.6401,165628.565,2.641,1682030.0
2025-07-25 04:00:00+00:00,2.6819,115047.4347,2.682,1177869.0
2025-07-25 05:00:00+00:00,2.6486,104178.7511,2.65,898980.0
2025-07-25 06:00:00+00:00,2.6715,104718.9871,2.67,1295104.0
2025-07-25 07:00:00+00:00,2.6721,146556.7697,2.673,1468383.0
2025-07-25 08:00:00+00:00,2.6964,129360.899,2.695,1538460.0
2025-07-25 09:00:00+00:00,2.7606,194613.6433,2.76,1486492.0
2025-07-25 10:00:00+00:00,2.7708,111245.6795,2.769,1270072.0
2025-07-25 11:00:00+00:00,2.7783,92286.6196,2.778,806457.0
2025-07-25 12:00:00+00:00,2.7697,118441.8412,2.768,1367649.0
2025-07-25 13:00:00+00:00,2.7735,108170.8572,2.772,925313.0
2025-07-25 14:00:00+00:00,2.6856,180622.9886,2.687,2395965.0
2025-07-25 15:00:00+00:00,2.6879,109474.904,2.686,1476430.0
2025-07-25 16:00:00+00:00,2.7201,128728.4423,2.719,1117542.0
2025-07-25 17:00:00+00:00,2.7157,94034.6409,2.715,680871.0
2025-07-25 18:00:00+00:00,2.7308,78511.4726,2.73,362865.0
2025-07-25 19:00:00+00:00,2.7337,80764.6557,2.736,247485.0
2025-07-25 20:00:00+00:00,2.8033,136685.5304,2.802,1900858.0
2025-07-25 21:00:00+00:00,2.8529,87066.1265,2.854,1505791.0
2025-07-25 22:00:00+00:00,2.8677,86796.1661,2.868,614427.0
2025-07-25 23:00:00+00:00,2.8549,41579.3825,2.856,467091.0
2025-07-26 00:00:00+00:00,2.8797,68105.9586,2.88,562127.0
2025-07-26 01:00:00+00:00,2.8773,65490.0145,2.878,692214.0
2025-07-26 02:00:00+00:00,2.8804,65160.5423,2.881,570792.0
2025-07-26 03:00:00+00:00,2.8675,63200.1191,2.868,428643.0
2025-07-26 04:00:00+00:00,2.8568,69657.022,2.858,199836.0
2025-07-26 05:00:00+00:00,2.865,64484.598,2.866,530318.0
2025-07-26 06:00:00+00:00,2.8487,51769.35,2.85,420255.0
2025-07-26 07:00:00+00:00,2.8454,40957.5148,2.846,281187.0
2025-07-26 08:00:00+00:00,2.8533,67156.8039,2.854,435492.0
2025-07-26 09:00:00+00:00,2.8583,81892.41960423,2.859,639122.0
2025-07-26 10:00:00+00:00,2.8678,71952.2497,2.868,539197.0
2025-07-26 11:00:00+00:00,2.8637,61482.1759,2.864,836791.0
2025-07-26 12:00:00+00:00,2.874,71917.3597,2.873,558291.0
2025-07-26 13:00:00+00:00,2.8727,62646.8468,2.873,607471.0
2025-07-26 14:00:00+00:00,2.8705,98876.5414,2.871,1492409.0
2025-07-26 15:00:00+00:00,2.8907,86663.1768,2.892,1001334.0
2025-07-26 16:00:00+00:00,2.9002,272614.0834,2.9,1260923.0
2025-07-26 17:00:00+00:00,2.8755,70661.7125,2.876,508397.0
2025-07-26 18:00:00+00:00,2.9174,64608.883,2.918,785959.0
2025-07-26 19:00:00+00:00,2.9306,99970.2351,2.93,810650.0
2025-07-26 20:00:00+00:00,2.9049,85081.6079,2.905,413712.0
2025-07-26 21:00:00+00:00,2.914,90046.2597,2.914,730513.0
2025-07-26 22:00:00+00:00,2.8962,98810.6746,2.896,787024.0
2025-07-26 23:00:00+00:00,2.8825,35699.6816,2.882,527256.0
2025-07-27 00:00:00+00:00,2.8924,72007.5638,2.891,521912.0
2025-07-27 01:00:00+00:00,2.8952,95071.0446,2.896,689998.0
2025-07-27 02:00:00+00:00,2.9224,71852.3904,2.922,551879.0
2025-07-27 03:00:00+00:00,2.9104,91310.8453,2.91,757982.0
2025-07-27 04:00:00+00:00,2.9184,65174.1839,2.919,269860.0
2025-07-27 05:00:00+00:00,2.9187,91008.8921,2.92,491585.0
2025-07-27 06:00:00+00:00,2.91,70848.363,2.91,558357.0
2025-07-27 07:00:00+00:00,2.9074,50417.8375,2.906,365263.0
2025-07-27 08:00:00+00:00,2.9037,48296.2162,2.903,470028.0
2025-07-27 09:00:00+00:00,2.8851,63557.6912,2.885,660606.0
2025-07-27 10:00:00+00:00,2.9186,58692.4815,2.919,1133278.0
2025-07-27 11:00:00+00:00,2.9044,78214.4877,2.905,959382.0
2025-07-27 12:00:00+00:00,2.9234,119318.1416,2.925,1480662.0
2025-07-27 13:00:00+00:00,2.9075,82529.3867,2.91,344102.0
2025-07-27 14:00:00+00:00,2.8967,66743.0247,2.897,839859.0
2025-07-27 15:00:00+00:00,2.9052,79325.0891,2.907,549042.0
2025-07-27 16:00:00+00:00,2.9063,102724.56260704,2.908,855748.0
2025-07-27 17:00:00+00:00,2.9247,82579.9865,2.925,691961.0
2025-07-27 18:00:00+00:00,2.9263,75006.0563,2.928,657538.0
2025-07-27 19:00:00+00:00,2.9069,58305.4489,2.907,178683.0
2025-07-27 20:00:00+00:00,2.9117,61490.7835,2.911,239919.0
2025-07-27 21:00:00+00:00,2.9296,78534.5483,2.929,752405.0
2025-07-27 22:00:00+00:00,2.9599,100021.9169,2.96,564732.0
2025-07-27 23:00:00+00:00,2.9626,54802.4957,2.964,597674.0
2025-07-28 00:00:00+00:00,2.9442,96405.7893,2.947,1580804.0
2025-07-28 01:00:00+00:00,2.9178,70726.0617,2.92,607088.0
2025-07-28 02:00:00+00:00,2.961,72364.0996,2.962,601495.0
2025-07-28 03:00:00+00:00,2.9572,59826.2495,2.959,423926.0
2025-07-28 04:00:00+00:00,2.9856,99115.4747,2.988,715695.0
2025-07-28 05:00:00+00:00,3.0019,95455.6664,3.004,1070823.0
2025-07-28 06:00:00+00:00,3.0046,95102.447,3.005,657868.0
2025-07-28 07:00:00+00:00,2.9887,87514.9552,2.99,1146022.0
2025-07-28 08:00:00+00:00,2.981,83180.5002,2.983,823276.0
2025-07-28 09:00:00+00:00,2.9935,194316.2666,2.996,1310570.0
2025-07-28 10:00:00+00:00,2.9793,69558.766,2.981,809310.0
2025-07-28 11:00:00+00:00,2.96,102748.8649,2.961,1146052.0
2025-07-28 12:00:00+00:00,2.9399,77704.8454,2.942,1319509.0
2025-07-28 13:00:00+00:00,2.8932,152908.8796,2.892,2502419.0
2025-07-28 14:00:00+00:00,2.8369,146576.0313,2.837,2437523.0
2025-07-28 15:00:00+00:00,2.826,111511.6249,2.827,2172502.0
2025-07-28 16:00:00+00:00,2.8204,111247.0642,2.822,1206306.0
2025-07-28 17:00:00+00:00,2.8084,102970.8863,2.807,1599501.0
2025-07-28 18:00:00+00:00,2.7812,149860.475,2.78,2509840.0
2025-07-28 19:00:00+00:00,2.7827,121661.3454,2.782,1819454.0
2025-07-28 20:00:00+00:00,2.7565,148785.3337,2.757,2004397.0
2025-07-28 21:00:00+00:00,2.7549,102191.5797,2.754,1173813.0
2025-07-28 22:00:00+00:00,2.7374,114839.5027,2.738,1771503.0
2025-07-28 23:00:00+00:00,2.7505,75819.9061,2.75,985781.0
2025-07-29 00:00:00+00:00,2.7318,164846.0109,2.731,2468570.0
2025-07-29 01:00:00+00:00,2.7057,58069.0739,2.705,640426.0
2025-07-29 02:00:00+00:00,2.6869,122195.7499,2.686,977535.0
2025-07-29 03:00:00+00:00,2.7366,94775.7294,2.736,1275756.0
2025-07-29 04:00:00+00:00,2.7172,94393.9304,2.715,652706.0
2025-07-29 05:00:00+00:00,2.7721,78501.3521,2.772,865725.0
2025-07-29 06:00:00+00:00,2.8017,107445.7403,2.799,811138.0
2025-07-29 07:00:00+00:00,2.8275,89359.4075,2.828,1556626.0
2025-07-29 08:00:00+00:00,2.8026,99858.2834,2.802,591435.0
2025-07-29 09:00:00+00:00,2.7904,84620.7819,2.791,677905.0
2025-07-29 10:00:00+00:00,2.7315,107325.17,2.73,751855.0
2025-07-29 11:00:00+00:00,2.755,76377.7637,2.754,705896.0
2025-07-29 12:00:00+00:00,2.7808,107619.4709,2.78,996195.0
2025-07-29 13:00:00+00:00,2.7497,120212.1768,2.75,1324432.0
2025-07-29 14:00:00+00:00,2.7068,160677.5117,2.707,1708512.0
2025-07-29 15:00:00+00:00,2.714,130336.4357,2.716,1572701.0
2025-07-29 16:00:00+00:00,2.7246,145663.4309,2.725,2093256.0
2025-07-29 17:00:00+00:00,2.7145,94248.4618,2.715,1084940.0
2025-07-29 18:00:00+00:00,2.7028,83936.3831,2.702,521588.0
2025-07-29 19:00:00+00:00,2.6831,120747.1217,2.681,1736721.0
2025-07-29 20:00:00+00:00,2.6799,142499.071,2.679,1493619.0
2025-07-29 21:00:00+00:00,2.7251,90863.5202,2.724,1187289.0
2025-07-29 22:00:00+00:00,2.7257,95822.3933,2.724,831690.0
2025-07-29 23:00:00+00:00,2.7235,58716.3035,2.723,481443.0
2025-07-30 00:00:00+00:00,2.6986,104246.1871,2.698,634313.0
2025-07-30 01:00:00+00:00,2.7129,103652.7058,2.712,634876.0
2025-07-30 02:00:00+00:00,2.7265,98026.04,2.727,361221.0
2025-07-30 03:00:00+00:00,2.7155,74949.6649,2.716,319125.0
2025-07-30 04:00:00+00:00,2.6946,73147.4047,2.695,399070.0
2025-07-30 05:00:00+00:00,2.7161,79586.0774,2.716,614998.0
2025-07-30 06:00:00+00:00,2.716,74073.1761,2.716,501432.0
2025-07-30 07:00:00+00:00,2.6965,75055.0811,2.693,447285.0
2025-07-30 08:00:00+00:00,2.6973,77883.4562,2.701,724377.0
2025-07-30 09:00:00+00:00,2.6699,91082.4779,2.67,782091.0
2025-07-30 10:00:00+00:00,2.6521,80827.0809,2.65,690497.0
2025-07-30 11:00:00+00:00,2.6235,157586.4642,2.624,1786354.0
2025-07-30 12:00:00+00:00,2.6252,139404.1425,2.63,1483370.0
2025-07-30 13:00:00+00:00,2.6304,142361.003,2.63,1229538.0
2025-07-30 14:00:00+00:00,2.6756,111986.0773,2.674,808178.0
2025-07-30 15:00:00+00:00,2.642,118249.1781,2.642,706092.0
2025-07-30 16:00:00+00:00,2.6628,76476.5665,2.658,884675.0
2025-07-30 17:00:00+00:00,2.6744,65574.9022,2.675,237225.0
2025-07-30 18:00:00+00:00,2.5949,147871.0384,2.595,2250783.0
2025-07-30 19:00:00+00:00,2.6246,227207.7507,2.624,4316301.0
2025-07-30 20:00:00+00:00,2.6311,117764.6724,2.628,1013630.0
2025-07-30 21:00:00+00:00,2.6174,102198.9013,2.618,1074832.0
2025-07-30 22:00:00+00:00,2.6191,57604.4764,2.618,657269.0
2025-07-30 23:00:00+00:00,2.658,55265.02071664,2.657,573983.0
2025-07-31 00:00:00+00:00,2.6852,71022.5236,2.685,810000.0
2025-07-31 01:00:00+00:00,2.6826,68358.8315,2.679,418322.0
2025-07-31 02:00:00+00:00,2.6998,88738.0892,2.7,243396.0
2025-07-31 03:00:00+00:00,2.7064,72093.0864,2.706,369820.0
2025-07-31 04:00:00+00:00,2.7114,52113.6395,2.713,124753.0
2025-07-31 05:00:00+00:00,2.7041,60510.2383,2.704,173723.0
2025-07-31 06:00:00+00:00,2.7164,76704.7026,2.718,449971.0
2025-07-31 07:00:00+00:00,2.7172,63058.5274,2.717,420287.0
2025-07-31 08:00:00+00:00,2.7285,69220.0189,2.728,400670.0
2025-07-31 09:00:00+00:00,2.7276,57794.3726,2.731,374518.0
2025-07-31 10:00:00+00:00,2.7196,58551.2685,2.723,196468.0
2025-07-31 11:00:00+00:00,2.6974,82486.385,2.699,560240.0
2025-07-31 12:00:00+00:00,2.6772,96265.1639,2.679,548998.0
2025-07-31 13:00:00+00:00,2.6259,132158.3017,2.628,2005966.0
2025-07-31 14:00:00+00:00,2.5975,115030.6112,2.596,1604809.0
2025-07-31 15:00:00+00:00,2.6282,114037.4635,2.626,804822.0
2025-07-31 16:00:00+00:00,2.6724,170352.6558,2.669,1618426.0
2025-07-31 17:00:00+00:00,2.6309,121516.925,2.627,840479.0
2025-07-31 18:00:00+00:00,2.6246,110255.3216,2.624,779897.0
2025-07-31 19:00:00+00:00,2.6048,113009.6278,2.604,688126.0
2025-07-31 20:00:00+00:00,2.5912,134774.05595549,2.59,830501.0
2025-07-31 21:00:00+00:00,2.5836,137811.739,2.584,1437495.0
2025-07-31 22:00:00+00:00,2.5494,126185.2347,2.551,890654.0
2025-07-31 23:00:00+00:00,2.5356,90756.7666,2.536,1241701.0
2025-08-01 00:00:00+00:00,2.5156,224775.4195,2.516,3222198.0
2025-08-01 01:00:00+00:00,2.5172,176990.4485,2.514,1659650.0
2025-08-01 02:00:00+00:00,2.539,114037.6441,2.537,902194.0
2025-08-01 03:00:00+00:00,2.5318,90969.3077,2.531,445177.0
2025-08-01 04:00:00+00:00,2.5092,102672.0535,2.514,645477.0
2025-08-01 05:00:00+00:00,2.4929,112543.887,2.493,685745.0
2025-08-01 06:00:00+00:00,2.4897,174365.1766,2.49,802404.0
2025-08-01 07:00:00+00:00,2.4858,153811.5781,2.482,988575.0
2025-08-01 08:00:00+00:00,2.4554,272220.9357,2.456,1756802.0
2025-08-01 09:00:00+00:00,2.4438,171097.5461,2.444,1555779.0
2025-08-01 10:00:00+00:00,2.4576,123771.1527,2.456,1106753.0
2025-08-01 11:00:00+00:00,2.4783,104675.2445,2.479,728604.0
2025-08-01 12:00:00+00:00,2.4852,198680.9406,2.489,2338962.0
2025-08-01 13:00:00+00:00,2.4286,258950.564,2.428,1791152.0
2025-08-01 14:00:00+00:00,2.4954,251198.1248,2.492,2285940.0
2025-08-01 15:00:00+00:00,2.4814,106543.9596,2.48,3331120.0
2025-08-01 16:00:00+00:00,2.4404,122388.0568,2.439,1385688.0
2025-08-01 17:00:00+00:00,2.4266,121788.9562,2.424,1256417.0
2025-08-01 18:00:00+00:00,2.4309,184343.41698913,2.431,2141644.0
2025-08-01 19:00:00+00:00,2.4711,177722.5187,2.47,1277197.0
2025-08-01 20:00:00+00:00,2.4522,190346.3765,2.452,1958931.0
2025-08-01 21:00:00+00:00,2.4414,134358.4518,2.439,1318358.0
2025-08-01 22:00:00+00:00,2.3899,188687.694,2.389,3682151.0
2025-08-01 23:00:00+00:00,2.4145,94258.6087,2.421,902875.0
2025-08-02 00:00:00+00:00,2.4404,117904.9918,2.439,568180.0
2025-08-02 01:00:00+00:00,2.4426,80557.7012,2.441,444936.0
2025-08-02 02:00:00+00:00,2.435,74197.1432,2.435,179047.0
2025-08-02 03:00:00+00:00,2.438,71795.9083,2.435,268737.0
2025-08-02 04:00:00+00:00,2.4482,52629.511,2.45,152090.0
2025-08-02 05:00:00+00:00,2.4365,63188.2254,2.436,212374.0
2025-08-02 06:00:00+00:00,2.3906,131358.0532,2.392,920571.0
2025-08-02 07:00:00+00:00,2.4267,136971.72,2.428,1112554.0
2025-08-02 08:00:00+00:00,2.3941,122472.5352,2.392,678831.0
2025-08-02 09:00:00+00:00,2.3938,111433.9092,2.394,752790.0
2025-08-02 10:00:00+00:00,2.3884,129939.3715,2.389,605011.0
2025-08-02 11:00:00+00:00,2.4019,131541.9294,2.402,513711.0
2025-08-02 12:00:00+00:00,2.4007,112957.8799,2.402,354335.0
2025-08-02 13:00:00+00:00,2.4034,130708.5562,2.406,414262.0
2025-08-02 14:00:00+00:00,2.3693,142244.2532,2.37,1432242.0
2025-08-02 15:00:00+00:00,2.365,134158.87864273,2.366,1195341.0
2025-08-02 16:00:00+00:00,2.3688,139865.1086,2.365,982232.0
2025-08-02 17:00:00+00:00,2.333,138739.2773,2.334,982001.0
2025-08-02 18:00:00+00:00,2.3119,184651.581,2.313,1713104.0
2025-08-02 19:00:00+00:00,2.3306,202327.5518,2.331,1346888.0
2025-08-02 20:00:00+00:00,2.3524,144189.3303,2.348,416321.0
2025-08-02 21:00:00+00:00,2.3484,108079.5129,2.349,1055294.0
2025-08-02 22:00:00+00:00,2.3547,102664.3135,2.355,1442876.0
2025-08-02 23:00:00+00:00,2.3479,96769.4014,2.348,1349929.0
2025-08-03 00:00:00+00:00,2.3709,157208.9837,2.37,2309105.0
2025-08-03 01:00:00+00:00,2.3687,73399.9401,2.368,595793.0
2025-08-03 02:00:00+00:00,2.3873,62481.1631,2.388,278321.0
2025-08-03 03:00:00+00:00,2.3866,56939.6037,2.387,153590.0
2025-08-03 04:00:00+00:00,2.3875,62140.1205,2.388,155896.0
2025-08-03 05:00:00+00:00,2.3943,66707.06,2.394,403783.0
2025-08-03 06:00:00+00:00,2.4006,61491.1882,2.397,107798.0
2025-08-03 07:00:00+00:00,2.4035,65449.5386,2.404,219842.0
2025-08-03 08:00:00+00:00,2.4097,53627.6508,2.409,671936.0
2025-08-03 09:00:00+00:00,2.4205,45448.2116,2.42,177086.0
2025-08-03 10:00:00+00:00,2.4274,76783.4166,2.428,247809.0
2025-08-03 11:00:00+00:00,2.4304,83006.1563,2.434,984045.0
2025-08-03 12:00:00+00:00,2.4304,82944.6749,2.433,626780.0
2025-08-03 13:00:00+00:00,2.4254,78216.0082,2.425,258867.0
2025-08-03 14:00:00+00:00,2.4259,84336.3254,2.425,484722.0
2025-08-03 15:00:00+00:00,2.4301,72055.7183,2.428,184386.0
2025-08-03 16:00:00+00:00,2.4302,71178.8182,2.432,121576.0
2025-08-03 17:00:00+00:00,2.4275,72863.0568,2.427,230130.0
2025-08-03 18:00:00+00:00,2.4376,91703.4035,2.438,169476.0
2025-08-03 19:00:00+00:00,2.4393,91627.0839,2.438,958951.0
2025-08-03 20:00:00+00:00,2.4418,70325.9248,2.444,371924.0
2025-08-03 21:00:00+00:00,2.4511,68718.5022,2.45,574550.0
2025-08-03 22:00:00+00:00,2.4451,77702.6724,2.446,417200.0
2025-08-03 23:00:00+00:00,2.4437,58462.6865,2.445,466664.0
2025-08-04 00:00:00+00:00,2.4954,122422.5628,2.496,922896.0
2025-08-04 01:00:00+00:00,2.4707,115253.101,2.47,505023.0
2025-08-04 02:00:00+00:00,2.4888,115756.9087,2.49,375554.0
2025-08-04 03:00:00+00:00,2.4672,80730.2165,2.468,497368.0
2025-08-04 04:00:00+00:00,2.4649,73176.036,2.465,540742.0
2025-08-04 05:00:00+00:00,2.47,92279.8152,2.47,445819.0
2025-08-04 06:00:00+00:00,2.4748,95648.02,2.475,439654.0
2025-08-04 07:00:00+00:00,2.4816,84173.3267,2.483,401748.0
2025-08-04 08:00:00+00:00,2.4831,113734.0912,2.483,557261.0
2025-08-04 09:00:00+00:00,2.4732,138008.5286,2.474,458123.0
2025-08-04 10:00:00+00:00,2.4801,117317.6532,2.48,200526.0
2025-08-04 11:00:00+00:00,2.4683,93179.7456,2.469,397714.0
2025-08-04 12:00:00+00:00,2.4847,94002.0936,2.484,661200.0
2025-08-04 13:00:00+00:00,2.5205,132713.8613,2.518,1164692.0
2025-08-04 14:00:00+00:00,2.5139,145978.1629,2.515,1125256.0
2025-08-04 15:00:00+00:00,2.5223,123507.2559,2.524,763182.0
2025-08-04 16:00:00+00:00,2.5527,128935.69212159,2.552,724908.0
2025-08-04 17:00:00+00:00,2.5473,211157.6553,2.548,852194.0
2025-08-04 18:00:00+00:00,2.5291,73874.5911,2.528,1030308.0
2025-08-04 19:00:00+00:00,2.5098,76471.6797,2.51,484617.0
2025-08-04 20:00:00+00:00,2.5333,74182.9718,2.533,504100.0
2025-08-04 21:00:00+00:00,2.5528,69372.3708,2.552,917058.0
2025-08-04 22:00:00+00:00,2.5679,60692.1713,2.567,486720.0
2025-08-04 23:00:00+00:00,2.5536,45292.2474,2.554,280441.0
2025-08-05 00:00:00+00:00,2.545,83698.2392,2.545,353947.0
2025-08-05 01:00:00+00:00,2.5268,80576.46895745,2.526,368808.0
2025-08-05 02:00:00+00:00,2.5297,53387.3792,2.527,163730.0
2025-08-05 03:00:00+00:00,2.4968,91408.1676,2.497,272126.0
2025-08-05 04:00:00+00:00,2.499,80057.6408,2.499,202208.0
2025-08-05 05:00:00+00:00,2.5027,77140.7873,2.503,131066.0
2025-08-05 06:00:00+00:00,2.4814,92895.0069,2.482,278828.0
2025-08-05 07:00:00+00:00,2.4453,167007.8886,2.444,1420422.0
2025-08-05 08:00:00+00:00,2.4671,110697.1,2.465,539340.0
2025-08-05 09:00:00+00:00,2.4982,103739.7675,2.498,459592.0
2025-08-05 10:00:00+00:00,2.5293,111642.2374,2.527,644629.0
2025-08-05 11:00:00+00:00,2.5407,105916.1791,2.538,639224.0
2025-08-05 12:00:00+00:00,2.5077,143436.8169,2.507,805833.0
2025-08-05 13:00:00+00:00,2.5354,113832.2931,2.536,895975.0
2025-08-05 14:00:00+00:00,2.4918,197204.85304491,2.494,2102883.0
2025-08-05 15:00:00+00:00,2.4656,153159.277,2.456,1746150.0
2025-08-05 16:00:00+00:00,2.4662,148602.6673,2.465,1535913.0
2025-08-05 17:00:00+00:00,2.4619,155353.4431,2.466,1041666.0
2025-08-05 18:00:00+00:00,2.437,140716.8722,2.44,970121.0
2025-08-05 19:00:00+00:00,2.4205,100362.1454,2.419,439539.0
2025-08-05 20:00:00+00:00,2.4226,89373.687,2.423,599105.0
2025-08-05 21:00:00+00:00,2.4151,80557.084,2.414,814193.0
2025-08-05 22:00:00+00:00,2.4392,125149.2808,2.44,791547.0
2025-08-05 23:00:00+00:00,2.4684,82534.0167,2.47,556872.0
2025-08-06 00:00:00+00:00,2.4211,91855.8458,2.422,667535.0
2025-08-06 01:00:00+00:00,2.4305,85665.8163,2.43,271568.0
2025-08-06 02:00:00+00:00,2.4135,71688.6756,2.411,198475.0
2025-08-06 03:00:00+00:00,2.3955,77495.7071,2.396,230442.0
2025-08-06 04:00:00+00:00,2.3942,75055.1788,2.394,445750.0
2025-08-06 05:00:00+00:00,2.4507,156006.8676,2.451,1266423.0
2025-08-06 06:00:00+00:00,2.4672,101718.8096,2.463,395956.0
2025-08-06 07:00:00+00:00,2.4885,109382.9171,2.489,687702.0
2025-08-06 08:00:00+00:00,2.4691,94887.3897,2.468,477026.0
2025-08-06 09:00:00+00:00,2.4713,105131.7782,2.472,835238.0
2025-08-06 10:00:00+00:00,2.4579,115411.7344,2.453,594158.0
2025-08-06 11:00:00+00:00,2.4606,72221.7031,2.459,887222.0
2025-08-06 12:00:00+00:00,2.4417,101099.6939,2.441,780208.0
2025-08-06 13:00:00+00:00,2.4541,133873.949,2.455,1182467.0
2025-08-06 14:00:00+00:00,2.503,137401.1131,2.502,1255992.0
2025-08-06 15:00:00+00:00,2.5175,136469.0915,2.517,944743.0
2025-08-06 16:00:00+00:00,2.4892,145227.2439,2.488,786382.0
2025-08-06 17:00:00+00:00,2.5121,87088.9934,2.505,422569.0
2025-08-06 18:00:00+00:00,2.5152,93329.0846,2.515,660144.0
2025-08-06 19:00:00+00:00,2.5132,70067.1312,2.514,357907.0
2025-08-06 20:00:00+00:00,2.5073,59042.2022,2.507,387688.0
2025-08-06 21:00:00+00:00,2.5023,63632.5225,2.502,645038.0
2025-08-06 22:00:00+00:00,2.5035,51241.2595,2.504,235484.0
2025-08-06 23:00:00+00:00,2.4874,250027.9269,2.49,368197.0
2025-08-07 00:00:00+00:00,2.4832,79482.6764,2.484,246394.0
2025-08-07 01:00:00+00:00,2.4783,87351.3351,2.478,516338.0
2025-08-07 02:00:00+00:00,2.4743,60314.6196,2.475,226038.0
2025-08-07 03:00:00+00:00,2.4726,39581.8664,2.477,157732.0
2025-08-07 04:00:00+00:00,2.4829,45478.5075,2.483,119279.0
2025-08-07 05:00:00+00:00,2.4961,66201.696,2.496,178981.0
2025-08-07 06:00:00+00:00,2.5036,81822.0029,2.504,254330.0
2025-08-07 07:00:00+00:00,2.5011,65686.1538,2.502,97271.0
2025-08-07 08:00:00+00:00,2.5021,59926.1558,2.502,260581.0
2025-08-07 09:00:00+00:00,2.5107,43041.2103,2.511,76340.0
2025-08-07 10:00:00+00:00,2.5807,278259.3469,2.58,1468959.0
2025-08-07 11:00:00+00:00,2.5965,104823.4352,2.597,509392.0
2025-08-07 12:00:00+00:00,2.5945,100163.9685,2.593,584073.0
2025-08-07 13:00:00+00:00,2.5994,108618.456,2.597,620235.0
2025-08-07 14:00:00+00:00,2.5739,127314.0208,2.575,790678.0
2025-08-07 15:00:00+00:00,2.5854,94361.6213,2.586,285263.0
2025-08-07 16:00:00+00:00,2.5619,188650.1806,2.561,1092849.0
2025-08-07 17:00:00+00:00,2.5654,125590.2664,2.566,408553.0
2025-08-07 18:00:00+00:00,2.5616,107829.945,2.562,157651.0
2025-08-07 19:00:00+00:00,2.6086,127270.1144,2.608,630838.0
2025-08-07 20:00:00+00:00,2.6192,96051.0819,2.62,772686.0
2025-08-07 21:00:00+00:00,2.6263,106702.7482,2.626,1077202.0
2025-08-07 22:00:00+00:00,2.654,135237.8515,2.655,646402.0
2025-08-07 23:00:00+00:00,2.6507,49068.9936,2.65,321796.0
2025-08-08 00:00:00+00:00,2.6465,302464.72945289,2.646,2852845.0
2025-08-08 01:00:00+00:00,2.6333,398473.5573,2.634,8535275.0
2025-08-08 02:00:00+00:00,2.6379,92269.3162,2.638,558279.0
2025-08-08 03:00:00+00:00,2.6593,206564.0637,2.659,777030.0
2025-08-08 04:00:00+00:00,2.6436,111858.7297,2.645,188006.0
2025-08-08 05:00:00+00:00,2.6339,63045.5952,2.634,281257.0
2025-08-08 06:00:00+00:00,2.6767,107477.3274,2.676,381724.0
2025-08-08 07:00:00+00:00,2.6832,137553.6671,2.683,843788.0
2025-08-08 08:00:00+00:00,2.6787,233049.972,2.679,782530.0
2025-08-08 09:00:00+00:00,2.6777,179309.04,2.68,855066.0
2025-08-08 10:00:00+00:00,2.6673,99377.358,2.667,251128.0
2025-08-08 11:00:00+00:00,2.669,85465.4428,2.669,167632.0
2025-08-08 12:00:00+00:00,2.6397,152013.0825,2.64,584405.0
2025-08-08 13:00:00+00:00,2.6989,234571.1855,2.7,1117176.0
2025-08-08 14:00:00+00:00,2.6658,319110.8415,2.666,1278328.0
2025-08-08 15:00:00+00:00,2.6428,221048.6124,2.643,1992131.0
2025-08-08 16:00:00+00:00,2.656,153844.7651,2.656,502362.0
2025-08-08 17:00:00+00:00,2.7141,216809.8969,2.713,1191734.0
2025-08-08 18:00:00+00:00,2.7135,271976.402,2.713,1398979.0
2025-08-08 19:00:00+00:00,2.7234,173474.6112,2.713,626828.0
2025-08-08 20:00:00+00:00,2.716,129833.39569707,2.716,424544.0
2025-08-08 21:00:00+00:00,2.71,84318.99727622,2.71,595904.0
2025-08-08 22:00:00+00:00,2.715,91628.2485,2.716,473919.0
2025-08-08 23:00:00+00:00,2.7128,78575.3369,2.714,399244.0
2025-08-09 00:00:00+00:00,2.7143,73943.9741,2.715,108664.0
2025-08-09 01:00:00+00:00,2.7358,84954.6373,2.737,178108.0
2025-08-09 02:00:00+00:00,2.7275,62297.5483,2.729,372388.0
2025-08-09 03:00:00+00:00,2.7351,77127.8303,2.736,284911.0
2025-08-09 04:00:00+00:00,2.7451,115875.2564,2.746,764336.0
2025-08-09 05:00:00+00:00,2.7906,225161.626,2.789,1757920.0
2025-08-09 06:00:00+00:00,2.7752,130707.4533,2.775,828626.0
2025-08-09 07:00:00+00:00,2.7941,107686.5519,2.795,762579.0
2025-08-09 08:00:00+00:00,2.8049,103358.4154,2.806,581411.0
2025-08-09 09:00:00+00:00,2.8119,96050.3318,2.813,338139.0
2025-08-09 10:00:00+00:00,2.8146,106717.0355,2.816,978585.0
2025-08-09 11:00:00+00:00,2.818,96034.2686,2.815,569726.0
2025-08-09 12:00:00+00:00,2.8249,126249.0953,2.826,876701.0
2025-08-09 13:00:00+00:00,2.7847,100266.1228,2.787,882790.0
2025-08-09 14:00:00+00:00,2.7877,157242.1614,2.788,687109.0
2025-08-09 15:00:00+00:00,2.7878,136801.8824,2.788,556593.0
2025-08-09 16:00:00+00:00,2.8004,121471.2279,2.801,530137.0
2025-08-09 17:00:00+00:00,2.808,93526.3287,2.809,483094.0
2025-08-09 18:00:00+00:00,2.8125,100677.8706,2.813,635951.0
2025-08-09 19:00:00+00:00,2.8239,114093.4993,2.825,754093.0
2025-08-09 20:00:00+00:00,2.8497,177689.1873,2.851,1174177.0
2025-08-09 21:00:00+00:00,2.8335,115452.9536,2.834,850699.0
2025-08-09 22:00:00+00:00,2.8275,128498.5028,2.83,1051725.0
2025-08-09 23:00:00+00:00,2.8306,77733.8303,2.831,622511.0
2025-08-10 00:00:00+00:00,2.8572,113764.0047,2.857,683199.0
2025-08-10 01:00:00+00:00,2.8388,129944.9581,2.84,564553.0
2025-08-10 02:00:00+00:00,2.8136,109848.0758,2.814,847146.0
2025-08-10 03:00:00+00:00,2.8347,153019.0972,2.835,1135455.0
2025-08-10 04:00:00+00:00,2.8433,115896.2095,2.843,720869.0
2025-08-10 05:00:00+00:00,2.7957,131496.1306,2.797,1113303.0
2025-08-10 06:00:00+00:00,2.7761,115764.0139,2.777,1090390.0
2025-08-10 07:00:00+00:00,2.7294,153138.758,2.729,1968957.0
2025-08-10 08:00:00+00:00,2.7554,142323.90404362,2.756,1540662.0
2025-08-10 09:00:00+00:00,2.7601,128634.9233,2.76,416994.0
2025-08-10 10:00:00+00:00,2.7336,140416.2775,2.734,839116.0
2025-08-10 11:00:00+00:00,2.728,130580.639,2.728,878429.0
2025-08-10 12:00:00+00:00,2.7475,173095.678,2.748,1601930.0
2025-08-10 13:00:00+00:00,2.7158,139943.9659,2.715,633369.0
2025-08-10 14:00:00+00:00,2.7648,200132.7543,2.765,2206682.0
2025-08-10 15:00:00+00:00,2.7605,144761.427,2.761,796335.0
2025-08-10 16:00:00+00:00,2.7424,183240.7488,2.743,1529814.0
2025-08-10 17:00:00+00:00,2.7338,105685.3128,2.734,799689.0
2025-08-10 18:00:00+00:00,2.7369,82213.0863,2.738,443354.0
2025-08-10 19:00:00+00:00,2.7347,83230.8795,2.736,290272.0
2025-08-10 20:00:00+00:00,2.7252,118504.1143,2.725,929191.0
2025-08-10 21:00:00+00:00,2.7276,104562.2044,2.727,1047169.0
2025-08-10 22:00:00+00:00,2.7389,80188.9053,2.739,528771.0
2025-08-10 23:00:00+00:00,2.7522,76229.8721,2.752,521144.0
2025-08-11 00:00:00+00:00,2.739,96487.0649,2.74,646364.0
2025-08-11 01:00:00+00:00,2.774,101079.2142,2.775,676517.0
2025-08-11 02:00:00+00:00,2.8128,133917.1845,2.813,1382756.0
2025-08-11 03:00:00+00:00,2.8037,61994.6081,2.802,538840.0
2025-08-11 04:00:00+00:00,2.7976,135300.0981,2.799,1438467.0
2025-08-11 05:00:00+00:00,2.8046,69350.2154,2.805,451361.0
2025-08-11 06:00:00+00:00,2.7973,42978.6469,2.798,228278.0
2025-08-11 07:00:00+00:00,2.7493,84608.9712,2.75,951073.0
2025-08-11 08:00:00+00:00,2.7614,77893.3825,2.763,638679.0
2025-08-11 09:00:00+00:00,2.7453,86366.7772,2.747,280215.0
2025-08-11 10:00:00+00:00,2.719,115385.2038,2.72,1213610.0
2025-08-11 11:00:00+00:00,2.6585,220586.9835,2.659,2486867.0
2025-08-11 12:00:00+00:00,2.6593,217935.0551,2.66,1859611.0
2025-08-11 13:00:00+00:00,2.6857,155486.25212491,2.685,1926886.0
2025-08-11 14:00:00+00:00,2.6739,131703.9718,2.674,893303.0
2025-08-11 15:00:00+00:00,2.6829,90867.9338,2.68,929527.0
2025-08-11 16:00:00+00:00,2.6819,158192.6453,2.684,1592668.0
2025-08-11 17:00:00+00:00,2.663,113086.5609,2.665,812961.0
2025-08-11 18:00:00+00:00,2.6617,125718.4723,2.662,807713.0
2025-08-11 19:00:00+00:00,2.6442,116790.1424,2.645,1286227.0
2025-08-11 20:00:00+00:00,2.6397,89904.929,2.641,646426.0
2025-08-11 21:00:00+00:00,2.6084,102984.5155,2.608,874064.0
2025-08-11 22:00:00+00:00,2.5986,115982.3717,2.599,895328.0
2025-08-11 23:00:00+00:00,2.6017,53355.8173,2.601,292828.0
2025-08-12 00:00:00+00:00,2.6207,116236.8163,2.619,599153.0
2025-08-12 01:00:00+00:00,2.6243,118631.1666,2.626,292029.0
2025-08-12 02:00:00+00:00,2.6276,84706.7701,2.628,198258.0
2025-08-12 03:00:00+00:00,2.6175,80347.9038,2.619,274275.0
2025-08-12 04:00:00+00:00,2.6302,81469.1237,2.631,300931.0
2025-08-12 05:00:00+00:00,2.6064,117032.2195,2.605,581602.0
2025-08-12 06:00:00+00:00,2.611,133151.0384,2.61,576737.0
2025-08-12 07:00:00+00:00,2.6319,64553.3723,2.629,202890.0
2025-08-12 08:00:00+00:00,2.616,104406.6989,2.616,337915.0
2025-08-12 09:00:00+00:00,2.5959,104423.2421,2.595,423384.0
2025-08-12 10:00:00+00:00,2.5895,106645.8309,2.588,443526.0
2025-08-12 11:00:00+00:00,2.6052,133802.0145,2.604,1324736.0
2025-08-12 12:00:00+00:00,2.6691,313766.40811065,2.669,2923794.0
2025-08-12 13:00:00+00:00,2.6401,219890.7785,2.642,1349353.0
2025-08-12 14:00:00+00:00,2.6908,143758.1893,2.691,778061.0
2025-08-12 15:00:00+00:00,2.7463,220675.6495,2.748,1776566.0
2025-08-12 16:00:00+00:00,2.7504,140018.4925,2.752,1128799.0
2025-08-12 17:00:00+00:00,2.7474,106367.6672,2.748,1086439.0
2025-08-12 18:00:00+00:00,2.7568,121874.9196,2.757,1426603.0
2025-08-12 19:00:00+00:00,2.7935,64442.9846,2.795,979718.0
2025-08-12 20:00:00+00:00,2.8209,111833.2583,2.822,1607978.0
2025-08-12 21:00:00+00:00,2.7961,88019.5239,2.797,1209865.0
2025-08-12 22:00:00+00:00,2.8035,49227.7058,2.805,546169.0
2025-08-12 23:00:00+00:00,2.7878,67833.663,2.788,613327.0
2025-08-13 00:00:00+00:00,2.7986,89676.534,2.801,1103814.0
2025-08-13 01:00:00+00:00,2.7719,106735.3182,2.774,807505.0
2025-08-13 02:00:00+00:00,2.8141,135555.9117,2.814,1191072.0
2025-08-13 03:00:00+00:00,2.829,269733.8603,2.829,1362249.0
2025-08-13 04:00:00+00:00,2.8335,127538.4302,2.839,911281.0
2025-08-13 05:00:00+00:00,2.8074,102395.7309,2.808,549305.0
2025-08-13 06:00:00+00:00,2.818,85800.1619,2.818,625572.0
2025-08-13 07:00:00+00:00,2.852,111604.2133,2.854,615395.0
2025-08-13 08:00:00+00:00,2.8774,145808.9323,2.878,1142301.0
2025-08-13 09:00:00+00:00,2.9171,157312.5343,2.918,994688.0
2025-08-13 10:00:00+00:00,2.9149,120214.6052,2.916,782795.0
2025-08-13 11:00:00+00:00,2.8981,155604.9708,2.898,447921.0
2025-08-13 12:00:00+00:00,2.889,127245.107253,2.89,667572.0
2025-08-13 13:00:00+00:00,2.9219,273426.0493,2.925,2270732.0
2025-08-13 14:00:00+00:00,2.8953,239959.876,2.897,2295587.0
2025-08-13 15:00:00+00:00,2.9117,178678.1538,2.914,2314147.0
2025-08-13 16:00:00+00:00,2.9053,149517.2153,2.907,932258.0
2025-08-13 17:00:00+00:00,2.9343,96794.0933,2.939,831207.0
2025-08-13 18:00:00+00:00,2.9263,119821.789,2.927,1085008.0
2025-08-13 19:00:00+00:00,2.9638,165637.6965,2.966,1816351.0
2025-08-13 20:00:00+00:00,2.9645,132005.0737,2.967,1140087.0
2025-08-13 21:00:00+00:00,2.9827,83352.3697,2.984,918417.0
2025-08-13 22:00:00+00:00,3.0316,206757.91875479,3.033,2216081.0
2025-08-13 23:00:00+00:00,2.997,113739.1453,2.997,2134612.0
2025-08-14 00:00:00+00:00,2.988,93911.5429,2.991,1137007.0
2025-08-14 01:00:00+00:00,2.9954,119377.6043,2.997,1121737.0
2025-08-14 02:00:00+00:00,3.0379,110658.6922,3.04,808974.0
2025-08-14 03:00:00+00:00,3.0425,136318.4972,3.045,1173951.0
2025-08-14 04:00:00+00:00,3.0257,103162.8368,3.028,1072968.0
2025-08-14 05:00:00+00:00,3.0055,129632.4692,3.008,1103025.0
2025-08-14 06:00:00+00:00,2.9838,177834.6118,2.986,1695304.0
2025-08-14 07:00:00+00:00,3.0449,186616.4488,3.046,1448622.0
2025-08-14 08:00:00+00:00,2.9877,167089.8913,2.991,2433274.0
2025-08-14 09:00:00+00:00,3.0053,171756.8632,3.006,1972729.0
2025-08-14 10:00:00+00:00,2.9405,193603.2114,2.943,2181775.0
2025-08-14 11:00:00+00:00,2.9218,177032.8403,2.923,1106033.0
2025-08-14 12:00:00+00:00,2.7835,684232.3943,2.785,8530940.0
2025-08-14 13:00:00+00:00,2.8359,435072.375,2.836,6851772.0
2025-08-14 14:00:00+00:00,2.8316,194246.6044,2.832,2807075.0
2025-08-14 15:00:00+00:00,2.8194,186934.5505,2.817,1676056.0
2025-08-14 16:00:00+00:00,2.7792,185179.3856,2.779,2400715.0
2025-08-14 17:00:00+00:00,2.7986,119528.0677,2.799,989777.0
2025-08-14 18:00:00+00:00,2.7708,125235.5977,2.77,1810693.0
2025-08-14 19:00:00+00:00,2.7615,61253.8797,2.759,643974.0
2025-08-14 20:00:00+00:00,2.7598,83210.874,2.759,810714.0
2025-08-14 21:00:00+00:00,2.7189,239866.5621,2.72,1211239.0
2025-08-14 22:00:00+00:00,2.7373,225332.0387,2.737,1355610.0
2025-08-14 23:00:00+00:00,2.759,123634.0088,2.758,714989.0
2025-08-15 00:00:00+00:00,2.7684,84414.9765,2.766,913183.0
2025-08-15 01:00:00+00:00,2.7659,104126.4401,2.764,610860.0
2025-08-15 02:00:00+00:00,2.7783,87878.8583,2.777,330083.0
2025-08-15 03:00:00+00:00,2.803,119283.464,2.801,429459.0
2025-08-15 04:00:00+00:00,2.7785,108426.5545,2.777,508486.0
2025-08-15 05:00:00+00:00,2.7892,78357.732,2.788,487279.0
2025-08-15 06:00:00+00:00,2.8322,147010.6531,2.831,854104.0
2025-08-15 07:00:00+00:00,2.8043,127577.159,2.804,598892.0
2025-08-15 08:00:00+00:00,2.7981,118553.1819,2.797,281756.0
2025-08-15 09:00:00+00:00,2.7749,196601.9525,2.771,816157.0
2025-08-15 10:00:00+00:00,2.7727,63584.4635,2.77,489869.0
2025-08-15 11:00:00+00:00,2.7632,76376.1313,2.762,542155.0
2025-08-15 12:00:00+00:00,2.7716,175684.2468,2.77,2691026.0
2025-08-15 13:00:00+00:00,2.74,154974.4836,2.739,2349347.0
2025-08-15 14:00:00+00:00,2.701,179769.4613,2.701,2357648.0
2025-08-15 15:00:00+00:00,2.6547,229534.7007,2.653,2757105.0
2025-08-15 16:00:00+00:00,2.6803,162225.1757,2.679,1643543.0
2025-08-15 17:00:00+00:00,2.6965,189044.8833,2.696,1104696.0
2025-08-15 18:00:00+00:00,2.6606,148542.5476,2.66,1159957.0
2025-08-15 19:00:00+00:00,2.6516,122654.1205,2.651,590958.0
2025-08-15 20:00:00+00:00,2.68,89309.9361,2.679,592833.0
2025-08-15 21:00:00+00:00,2.6884,102705.7135,2.688,737868.0
2025-08-15 22:00:00+00:00,2.7348,92096.306,2.734,947260.0
2025-08-15 23:00:00+00:00,2.7084,98981.7509,2.707,706946.0
2025-08-16 00:00:00+00:00,2.7529,109252.8995,2.752,568595.0
2025-08-16 01:00:00+00:00,2.7417,65237.3703,2.741,396153.0
2025-08-16 02:00:00+00:00,2.7262,94349.3723,2.725,566118.0
2025-08-16 03:00:00+00:00,2.7196,65281.1438,2.719,389926.0
2025-08-16 04:00:00+00:00,2.7408,43119.6472,2.738,238120.0
2025-08-16 05:00:00+00:00,2.7118,65749.7347,2.71,243025.0
2025-08-16 06:00:00+00:00,2.7175,79896.657,2.716,428653.0
2025-08-16 07:00:00+00:00,2.7347,106054.2503,2.734,1197836.0
2025-08-16 08:00:00+00:00,2.7179,57895.6926,2.717,425442.0
2025-08-16 09:00:00+00:00,2.698,63648.2294,2.696,635265.0
2025-08-16 10:00:00+00:00,2.6973,89881.3984,2.695,805466.0
2025-08-16 11:00:00+00:00,2.6917,71406.0698,2.691,459207.0
2025-08-16 12:00:00+00:00,2.7057,86932.597,2.707,369914.0
2025-08-16 13:00:00+00:00,2.6968,87913.2163,2.696,761946.0
2025-08-16 14:00:00+00:00,2.7431,113065.9836,2.743,900188.0
2025-08-16 15:00:00+00:00,2.7518,113643.6332,2.751,775839.0
2025-08-16 16:00:00+00:00,2.7384,84458.266,2.741,381875.0
2025-08-16 17:00:00+00:00,2.7314,71474.64181669,2.731,502902.0
2025-08-16 18:00:00+00:00,2.735,69441.0289,2.735,463357.0
2025-08-16 19:00:00+00:00,2.7356,54917.0782,2.737,510669.0
2025-08-16 20:00:00+00:00,2.7474,53625.9117,2.747,469373.0
2025-08-16 21:00:00+00:00,2.7351,32867.9572,2.736,532992.0
2025-08-16 22:00:00+00:00,2.7433,42099.5106,2.746,541856.0
2025-08-16 23:00:00+00:00,2.7416,30057.2962,2.742,157587.0
2025-08-17 00:00:00+00:00,2.7301,79002.9732,2.729,496990.0
2025-08-17 01:00:00+00:00,2.7201,90700.2461,2.719,764774.0
2025-08-17 02:00:00+00:00,2.727,86087.4774,2.727,1453876.0
2025-08-17 03:00:00+00:00,2.73,74233.1408,2.731,243610.0
2025-08-17 04:00:00+00:00,2.7613,71852.2444,2.764,831816.0
2025-08-17 05:00:00+00:00,2.7446,93424.4363,2.744,351522.0
2025-08-17 06:00:00+00:00,2.729,72242.1091,2.729,197990.0
2025-08-17 07:00:00+00:00,2.754,135177.1259,2.753,1326752.0
2025-08-17 08:00:00+00:00,2.7714,86134.5515,2.771,432538.0
2025-08-17 09:00:00+00:00,2.7754,109830.0619,2.775,397106.0
2025-08-17 10:00:00+00:00,2.7749,113237.9492,2.774,232658.0
2025-08-17 11:00:00+00:00,2.7986,108806.4136,2.797,1073924.0
2025-08-17 12:00:00+00:00,2.7659,68060.28,2.767,712737.0
2025-08-17 13:00:00+00:00,2.7627,88205.8855,2.762,344187.0
2025-08-17 14:00:00+00:00,2.7776,87285.9707,2.779,517949.0
2025-08-17 15:00:00+00:00,2.8264,100727.1514,2.826,547899.0
2025-08-17 16:00:00+00:00,2.7755,138573.04003672,2.777,1408497.0
2025-08-17 17:00:00+00:00,2.7645,86232.1184,2.765,763946.0
2025-08-17 18:00:00+00:00,2.741,151925.0045,2.74,2530205.0
2025-08-17 19:00:00+00:00,2.7197,134066.9342,2.718,1857165.0
2025-08-17 20:00:00+00:00,2.7205,69860.8252,2.722,421243.0
2025-08-17 21:00:00+00:00,2.7176,58859.1333,2.717,751778.0
2025-08-17 22:00:00+00:00,2.7312,98301.7223,2.73,601469.0
2025-08-17 23:00:00+00:00,2.7016,68794.691,2.701,1333897.0
2025-08-18 00:00:00+00:00,2.6877,117392.5847,2.687,1071204.0
2025-08-18 01:00:00+00:00,2.6344,177388.5747,2.635,2004578.0
2025-08-18 02:00:00+00:00,2.5857,264675.1824,2.585,2792448.0
2025-08-18 03:00:00+00:00,2.5883,154931.4306,2.588,1266590.0
2025-08-18 04:00:00+00:00,2.6013,115172.9603,2.599,546171.0
2025-08-18 05:00:00+00:00,2.5977,116302.6134,2.597,652812.0
2025-08-18 06:00:00+00:00,2.5633,212603.5189,2.562,1075420.0
2025-08-18 07:00:00+00:00,2.5625,119297.5574,2.56,360950.0
2025-08-18 08:00:00+00:00,2.5605,106709.4533,2.559,544518.0
2025-08-18 09:00:00+00:00,2.5775,153197.5692,2.577,1032124.0
2025-08-18 10:00:00+00:00,2.5726,123514.0785,2.573,616738.0
2025-08-18 11:00:00+00:00,2.5736,97539.7120268,2.573,365918.0
2025-08-18 12:00:00+00:00,2.6111,152896.3574,2.61,1319336.0
2025-08-18 13:00:00+00:00,2.5679,159078.923,2.569,976731.0
2025-08-18 14:00:00+00:00,2.5782,155108.419,2.577,1075288.0
2025-08-18 15:00:00+00:00,2.5786,164659.0024,2.578,1367461.0
2025-08-18 16:00:00+00:00,2.5579,134358.9719,2.558,1016307.0
2025-08-18 17:00:00+00:00,2.5884,149680.3263,2.588,1366868.0
2025-08-18 18:00:00+00:00,2.5955,123633.1647,2.595,641360.0
2025-08-18 19:00:00+00:00,2.5851,142141.759,2.585,866205.0
2025-08-18 20:00:00+00:00,2.5773,124405.6026,2.578,504146.0
2025-08-18 21:00:00+00:00,2.5985,77143.9165,2.598,875590.0
2025-08-18 22:00:00+00:00,2.5928,90260.0252,2.593,1128294.0
2025-08-18 23:00:00+00:00,2.5751,60148.5384,2.575,818048.0
2025-08-19 00:00:00+00:00,2.5879,141407.362,2.589,1574538.0
2025-08-19 01:00:00+00:00,2.555,110197.4091,2.554,933221.0
2025-08-19 02:00:00+00:00,2.5411,70125.2584,2.542,528171.0
2025-08-19 03:00:00+00:00,2.5047,166452.72,2.506,2920947.0
2025-08-19 04:00:00+00:00,2.5305,141854.8963,2.531,1064939.0
2025-08-19 05:00:00+00:00,2.514,72276.5266,2.514,299322.0
2025-08-19 06:00:00+00:00,2.5136,64005.5316,2.511,329924.0
2025-08-19 07:00:00+00:00,2.5107,67601.0687,2.509,535866.0
2025-08-19 08:00:00+00:00,2.5082,143174.82704606,2.508,1075142.0
2025-08-19 09:00:00+00:00,2.5192,82938.5521,2.52,468849.0
2025-08-19 10:00:00+00:00,2.5335,84959.6128,2.534,351558.0
2025-08-19 11:00:00+00:00,2.5425,80659.1038,2.541,383373.0
2025-08-19 12:00:00+00:00,2.528,114337.7576,2.528,322059.0
2025-08-19 13:00:00+00:00,2.5137,143145.6281,2.514,1216331.0
2025-08-19 14:00:00+00:00,2.4876,161347.6913,2.488,1610475.0
2025-08-19 15:00:00+00:00,2.4801,208141.2009,2.48,1100781.0
2025-08-19 16:00:00+00:00,2.4641,171787.95829879,2.463,2427033.0
2025-08-19 17:00:00+00:00,2.4727,107690.5279,2.476,877406.0
2025-08-19 18:00:00+00:00,2.446,129053.6103,2.446,948900.0
2025-08-19 19:00:00+00:00,2.4493,119165.3669,2.45,824541.0
2025-08-19 20:00:00+00:00,2.4618,121468.1472,2.461,582583.0
2025-08-19 21:00:00+00:00,2.4615,88761.5149,2.461,520746.0
2025-08-19 22:00:00+00:00,2.4489,104818.1577,2.452,452618.0
2025-08-19 23:00:00+00:00,2.4242,137843.3154,2.423,970647.0
2025-08-20 00:00:00+00:00,2.4401,82866.6549,2.44,475779.0
2025-08-20 01:00:00+00:00,2.4468,159984.332,2.443,1014431.0
2025-08-20 02:00:00+00:00,2.4374,95030.5806,2.437,713296.0
2025-08-20 03:00:00+00:00,2.4443,110938.7824,2.443,527826.0
2025-08-20 04:00:00+00:00,2.4581,105113.3123,2.457,646688.0
2025-08-20 05:00:00+00:00,2.458,104709.9883,2.456,424197.0
2025-08-20 06:00:00+00:00,2.4501,104193.4939,2.448,827942.0
2025-08-20 07:00:00+00:00,2.448,114239.8993,2.448,470351.0
2025-08-20 08:00:00+00:00,2.4849,126066.3639,2.484,943241.0
2025-08-20 09:00:00+00:00,2.4731,142572.2831,2.474,700523.0
2025-08-20 10:00:00+00:00,2.4804,95221.7302,2.481,529514.0
2025-08-20 11:00:00+00:00,2.4632,120867.0972,2.463,1302252.0
2025-08-20 12:00:00+00:00,2.4705,105137.7641,2.471,437603.0
2025-08-20 13:00:00+00:00,2.4348,185987.5419,2.434,1328881.0
2025-08-20 14:00:00+00:00,2.4751,307941.6913,2.476,1639223.0
2025-08-20 15:00:00+00:00,2.499,186414.1463,2.499,1372742.0
2025-08-20 16:00:00+00:00,2.522,119995.8402,2.521,731074.0
2025-08-20 17:00:00+00:00,2.5393,135237.2524,2.54,893554.0
2025-08-20 18:00:00+00:00,2.5126,164297.7166,2.515,900481.0
2025-08-20 19:00:00+00:00,2.5571,109598.4974,2.557,513054.0
2025-08-20 20:00:00+00:00,2.5552,108335.7708,2.556,421985.0
2025-08-20 21:00:00+00:00,2.5504,93927.4197,2.551,824752.0
2025-08-20 22:00:00+00:00,2.5513,82367.9541,2.555,453630.0
2025-08-20 23:00:00+00:00,2.5463,59031.886,2.547,499888.0
2025-08-21 00:00:00+00:00,2.5458,60700.1277,2.547,487048.0
2025-08-21 01:00:00+00:00,2.5617,83239.4128,2.562,554634.0
2025-08-21 02:00:00+00:00,2.5255,79603.8772,2.525,1029965.0
2025-08-21 03:00:00+00:00,2.5335,85225.2515,2.533,806586.0
2025-08-21 04:00:00+00:00,2.5314,68838.8529,2.531,331394.0
2025-08-21 05:00:00+00:00,2.5415,73195.549,2.54,171428.0
2025-08-21 06:00:00+00:00,2.5205,77652.1962,2.519,456667.0
2025-08-21 07:00:00+00:00,2.5226,77859.7565,2.521,357045.0
2025-08-21 08:00:00+00:00,2.5032,152348.5218,2.504,1239072.0
2025-08-21 09:00:00+00:00,2.4922,103263.49048758,2.495,823095.0
2025-08-21 10:00:00+00:00,2.4931,108661.7581,2.492,395518.0
2025-08-21 11:00:00+00:00,2.4805,142187.2432,2.482,555539.0
2025-08-21 12:00:00+00:00,2.4686,126477.3,2.468,933499.0
2025-08-21 13:00:00+00:00,2.4776,145843.2543,2.477,731336.0
2025-08-21 14:00:00+00:00,2.4714,191790.7568,2.472,865775.0
2025-08-21 15:00:00+00:00,2.4549,135210.4581,2.454,1406706.0
2025-08-21 16:00:00+00:00,2.4402,147396.9268,2.44,1210778.0
2025-08-21 17:00:00+00:00,2.4567,93960.8683,2.456,518817.0
2025-08-21 18:00:00+00:00,2.4686,95587.42801928,2.468,323085.0
2025-08-21 19:00:00+00:00,2.4535,109020.7571,2.453,374723.0
2025-08-21 20:00:00+00:00,2.4609,114547.1328,2.462,934793.0
2025-08-21 21:00:00+00:00,2.4645,89518.3485,2.465,1026032.0
2025-08-21 22:00:00+00:00,2.465,60729.8863,2.466,267501.0
2025-08-21 23:00:00+00:00,2.4459,58027.5839,2.446,432004.0
2025-08-22 00:00:00+00:00,2.4428,79334.507,2.442,288201.0
2025-08-22 01:00:00+00:00,2.453,129856.5283,2.455,1476979.0
2025-08-22 02:00:00+00:00,2.4646,133938.9792,2.464,442468.0
2025-08-22 03:00:00+00:00,2.44,107561.5487,2.44,582025.0
2025-08-22 04:00:00+00:00,2.4416,98152.2986,2.44,452816.0
2025-08-22 05:00:00+00:00,2.4518,105373.8957,2.453,356845.0
2025-08-22 06:00:00+00:00,2.4386,130235.5002,2.439,546388.0
2025-08-22 07:00:00+00:00,2.4604,136104.0661,2.461,293530.0
2025-08-22 08:00:00+00:00,2.4526,116238.1074,2.453,317446.0
2025-08-22 09:00:00+00:00,2.4546,114774.9377,2.457,312662.0
2025-08-22 10:00:00+00:00,2.4281,115149.8943,2.428,280479.0
2025-08-22 11:00:00+00:00,2.4095,204579.7708,2.411,955617.0
2025-08-22 12:00:00+00:00,2.3947,152474.0976439,2.394,1606883.0
2025-08-22 13:00:00+00:00,2.4094,168688.6096,2.409,1292236.0
2025-08-22 14:00:00+00:00,2.5575,611044.7777,2.559,11310518.0
2025-08-22 15:00:00+00:00,2.5876,181602.0017,2.588,2947141.0
2025-08-22 16:00:00+00:00,2.6432,221422.5455,2.641,4623662.0
2025-08-22 17:00:00+00:00,2.6684,172872.20844178,2.67,1864586.0
2025-08-22 18:00:00+00:00,2.6729,122644.1104,2.673,1113693.0
2025-08-22 19:00:00+00:00,2.6907,114764.0452,2.692,878344.0
2025-08-22 20:00:00+00:00,2.6949,97463.1028,2.696,836491.0
2025-08-22 21:00:00+00:00,2.7021,136230.1763,2.704,1228895.0
2025-08-22 22:00:00+00:00,2.6874,103950.9865,2.688,1146920.0
2025-08-22 23:00:00+00:00,2.6882,83358.343,2.689,846884.0
2025-08-23 00:00:00+00:00,2.6886,136746.2301,2.69,826693.0
2025-08-23 01:00:00+00:00,2.6646,176208.0812,2.666,2490669.0
2025-08-23 02:00:00+00:00,2.6341,129190.1816,2.634,1399856.0
2025-08-23 03:00:00+00:00,2.6285,128323.3149,2.631,722092.0
2025-08-23 04:00:00+00:00,2.6714,135994.7598,2.67,760294.0
2025-08-23 05:00:00+00:00,2.7051,129464.2583,2.707,607920.0
2025-08-23 06:00:00+00:00,2.6981,124899.1926,2.698,1016466.0
2025-08-23 07:00:00+00:00,2.6652,154743.2401,2.665,1122267.0
2025-08-23 08:00:00+00:00,2.6704,119670.1764,2.671,663530.0
2025-08-23 09:00:00+00:00,2.6875,134167.0391,2.689,433989.0
2025-08-23 10:00:00+00:00,2.6661,105511.1196,2.667,541569.0
2025-08-23 12:00:00+00:00,2.6777,119366.8152,2.677,967209.0
2025-08-23 13:00:00+00:00,2.676,71462.9942,2.673,625628.0
2025-08-23 14:00:00+00:00,2.6775,74454.83819077,2.676,1152199.0
2025-08-23 15:00:00+00:00,2.6759,73124.0933,2.676,221611.0
2025-08-23 16:00:00+00:00,2.6593,52179.8869,2.658,308743.0
2025-08-23 17:00:00+00:00,2.6742,80507.8849,2.674,205101.0
2025-08-23 18:00:00+00:00,2.6905,76822.5682,2.69,397387.0
2025-08-23 19:00:00+00:00,2.7151,69912.2525,2.716,807864.0
2025-08-23 20:00:00+00:00,2.6961,82698.47562396,2.697,880882.0
2025-08-23 21:00:00+00:00,2.6868,95630.8202,2.688,548349.0
2025-08-23 22:00:00+00:00,2.7021,60731.015,2.703,323145.0
2025-08-23 23:00:00+00:00,2.6992,42986.7452,2.697,1186672.0
2025-08-24 00:00:00+00:00,2.705,79840.6515,2.706,368245.0
2025-08-24 01:00:00+00:00,2.6943,89871.2296,2.695,293285.0
2025-08-24 02:00:00+00:00,2.6835,91281.4352,2.684,365002.0
2025-08-24 03:00:00+00:00,2.6801,71890.6844,2.684,225112.0
2025-08-24 04:00:00+00:00,2.6812,87418.493,2.68,129742.0
2025-08-24 05:00:00+00:00,2.6659,95516.5945,2.665,165168.0
2025-08-24 06:00:00+00:00,2.6324,126017.3532,2.632,334585.0
2025-08-24 07:00:00+00:00,2.6347,86666.3382,2.635,393402.0
2025-08-24 08:00:00+00:00,2.6434,106548.4828,2.643,416808.0
2025-08-24 09:00:00+00:00,2.625,79090.2163,2.627,204194.0
2025-08-24 10:00:00+00:00,2.5868,129111.4054,2.587,696965.0
2025-08-24 11:00:00+00:00,2.5897,82036.5528,2.591,553214.0
2025-08-24 12:00:00+00:00,2.6026,76437.9341,2.602,186783.0
2025-08-24 13:00:00+00:00,2.6028,105941.6501,2.604,355795.0
2025-08-24 14:00:00+00:00,2.6236,145463.3954,2.624,506830.0
2025-08-24 15:00:00+00:00,2.6322,109975.7268,2.631,1432877.0
2025-08-24 16:00:00+00:00,2.6524,110680.9383,2.653,383875.0
2025-08-24 17:00:00+00:00,2.6987,225153.81461403,2.699,1420586.0
2025-08-24 18:00:00+00:00,2.761,194533.2922,2.762,2427508.0
2025-08-24 19:00:00+00:00,2.6896,480476.011,2.689,11591971.0
2025-08-24 20:00:00+00:00,2.6695,205059.2711,2.672,4545320.0
2025-08-24 21:00:00+00:00,2.6611,152164.3435,2.662,1346642.0
2025-08-24 22:00:00+00:00,2.6636,148587.9601,2.663,1074676.0
2025-08-24 23:00:00+00:00,2.6557,89705.9294165,2.655,706858.0
2025-08-25 00:00:00+00:00,2.6222,153993.4901,2.62,1573719.0
2025-08-25 01:00:00+00:00,2.6448,143510.3536,2.647,672651.0
2025-08-25 02:00:00+00:00,2.679,179934.9913,2.679,1062887.0
2025-08-25 03:00:00+00:00,2.6525,111370.8865,2.651,735390.0
2025-08-25 04:00:00+00:00,2.6263,134870.8137,2.627,1029317.0
2025-08-25 05:00:00+00:00,2.595,144283.789,2.595,750511.0
2025-08-25 06:00:00+00:00,2.5514,135633.459,2.551,1819279.0
2025-08-25 07:00:00+00:00,2.5229,132705.4242,2.521,2031283.0
2025-08-25 08:00:00+00:00,2.5224,140017.7529,2.522,1124107.0
2025-08-25 09:00:00+00:00,2.526,158702.26912472,2.526,831136.0
2025-08-25 10:00:00+00:00,2.496,145230.4423,2.496,1461843.0
2025-08-25 11:00:00+00:00,2.5129,116316.615,2.512,805231.0
2025-08-25 12:00:00+00:00,2.5165,123372.9175,2.516,605585.0
2025-08-25 13:00:00+00:00,2.5086,203212.4799,2.509,1293172.0
2025-08-25 14:00:00+00:00,2.5068,100400.9557,2.506,1875003.0
2025-08-25 15:00:00+00:00,2.4759,100666.1244,2.477,1376271.0
2025-08-25 16:00:00+00:00,2.4744,88868.8517,2.476,1241913.0
2025-08-25 17:00:00+00:00,2.4658,75795.8027,2.466,672236.0
2025-08-25 18:00:00+00:00,2.4631,107767.9346,2.462,670312.0
2025-08-25 19:00:00+00:00,2.427,119838.7426,2.427,2477869.0
2025-08-25 20:00:00+00:00,2.3656,200315.4888,2.363,5517842.0
2025-08-25 21:00:00+00:00,2.3645,203611.1302,2.363,3032492.0
2025-08-25 22:00:00+00:00,2.3931,110099.7025,2.391,833627.0
2025-08-25 23:00:00+00:00,2.3976,60583.455,2.397,498657.0
2025-08-26 00:00:00+00:00,2.3923,116470.6053,2.393,1345819.0
2025-08-26 01:00:00+00:00,2.4281,116740.4089,2.426,1262710.0
2025-08-26 02:00:00+00:00,2.4154,120787.8934,2.415,485141.0
2025-08-26 03:00:00+00:00,2.405,82150.2596,2.403,305208.0
2025-08-26 04:00:00+00:00,2.4149,88717.8922,2.416,986550.0
2025-08-26 05:00:00+00:00,2.4038,73654.6494,2.404,399404.0
2025-08-26 06:00:00+00:00,2.4077,120290.5499,2.408,573117.0
2025-08-26 07:00:00+00:00,2.4233,134578.5267,2.424,772081.0
2025-08-26 08:00:00+00:00,2.4123,106604.8253,2.413,436656.0
2025-08-26 09:00:00+00:00,2.4139,82171.2592,2.411,666283.0
2025-08-26 10:00:00+00:00,2.4298,99427.3942,2.429,508401.0
2025-08-26 11:00:00+00:00,2.4314,88145.304,2.43,198047.0
2025-08-26 12:00:00+00:00,2.4734,166815.7456,2.473,1622750.0
2025-08-26 13:00:00+00:00,2.457,210751.2986,2.456,1740591.0
2025-08-26 14:00:00+00:00,2.4751,114902.9577,2.476,945220.0
2025-08-26 15:00:00+00:00,2.4683,117252.647,2.468,650416.0
2025-08-26 16:00:00+00:00,2.5011,138638.2521,2.501,732721.0
2025-08-26 17:00:00+00:00,2.5017,129295.9762,2.499,1270884.0
2025-08-26 18:00:00+00:00,2.5056,147129.9332,2.506,416403.0
2025-08-26 19:00:00+00:00,2.5402,121883.3366,2.54,677892.0
2025-08-26 20:00:00+00:00,2.526,103106.1624,2.525,807785.0
2025-08-26 21:00:00+00:00,2.5369,90291.8931,2.537,916542.0
2025-08-26 22:00:00+00:00,2.533,106212.2839,2.533,653724.0
2025-08-26 23:00:00+00:00,2.5261,81218.3676,2.525,619693.0
2025-08-27 00:00:00+00:00,2.5155,117090.8967,2.513,318912.0
2025-08-27 01:00:00+00:00,2.5209,106423.912,2.52,275355.0
2025-08-27 02:00:00+00:00,2.5151,128697.6896,2.515,294247.0
2025-08-27 03:00:00+00:00,2.5388,120417.8113,2.539,484259.0
2025-08-27 04:00:00+00:00,2.5646,132674.5193,2.564,791211.0
2025-08-27 05:00:00+00:00,2.5349,107974.3792,2.535,517951.0
2025-08-27 06:00:00+00:00,2.5207,99860.0076,2.519,211758.0
2025-08-27 07:00:00+00:00,2.5159,104698.4766,2.519,502790.0
2025-08-27 08:00:00+00:00,2.5128,113305.7012,2.512,780906.0
2025-08-27 09:00:00+00:00,2.5073,98882.0655,2.506,427604.0
2025-08-27 10:00:00+00:00,2.5055,103406.5103,2.505,297621.0
2025-08-27 11:00:00+00:00,2.5208,88720.5649,2.521,231477.0
2025-08-27 12:00:00+00:00,2.5155,133952.1137,2.515,375043.0
2025-08-27 13:00:00+00:00,2.5098,140403.591,2.51,968610.0
2025-08-27 14:00:00+00:00,2.5371,130834.0097,2.537,1052336.0
2025-08-27 15:00:00+00:00,2.5437,157373.8408,2.544,929686.0
2025-08-27 16:00:00+00:00,2.5388,112854.6828,2.539,989153.0
2025-08-27 17:00:00+00:00,2.5537,91079.2646,2.554,955707.0
2025-08-27 18:00:00+00:00,2.5414,95683.8565,2.543,680381.0
2025-08-27 19:00:00+00:00,2.5374,102070.7495,2.538,1224084.0
2025-08-27 20:00:00+00:00,2.5752,277063.9653,2.575,3829534.0
2025-08-27 21:00:00+00:00,2.5503,116835.2016,2.548,1069557.0
2025-08-27 22:00:00+00:00,2.5292,135022.7886,2.53,850155.0
2025-08-27 23:00:00+00:00,2.5205,65454.944,2.518,877721.0
2025-08-28 00:00:00+00:00,2.5096,120188.92,2.508,939668.0
2025-08-28 01:00:00+00:00,2.5238,77060.3734,2.525,435105.0
2025-08-28 02:00:00+00:00,2.5118,68961.1532,2.509,325353.0
2025-08-28 03:00:00+00:00,2.528,64534.4109,2.527,221572.0
2025-08-28 04:00:00+00:00,2.5371,125246.615,2.535,799032.0
2025-08-28 05:00:00+00:00,2.5156,91659.9675,2.517,677503.0
2025-08-28 06:00:00+00:00,2.5245,88889.3772,2.524,236839.0
2025-08-28 07:00:00+00:00,2.5216,114641.4941,2.522,330932.0
2025-08-28 08:00:00+00:00,2.5276,115282.7084,2.526,1015472.0
2025-08-28 09:00:00+00:00,2.5054,74927.1536,2.506,888726.0
2025-08-28 10:00:00+00:00,2.5266,104529.4104,2.526,654917.0
2025-08-28 11:00:00+00:00,2.5254,70535.8464,2.524,124991.0
2025-08-28 12:00:00+00:00,2.5285,100317.2367,2.53,758903.0
2025-08-28 13:00:00+00:00,2.5429,144621.4224,2.543,857572.0
2025-08-28 14:00:00+00:00,2.5557,259622.9811,2.555,1649125.0
2025-08-28 15:00:00+00:00,2.5192,148130.2072,2.519,617908.0
2025-08-28 16:00:00+00:00,2.4836,126905.7983,2.483,809914.0
2025-08-28 17:00:00+00:00,2.5062,157415.7645,2.506,479846.0
2025-08-28 18:00:00+00:00,2.5116,100134.7915,2.51,292615.0
2025-08-28 19:00:00+00:00,2.482,130613.3236,2.482,372983.0
2025-08-28 20:00:00+00:00,2.4934,102018.0582,2.492,628910.0
2025-08-28 21:00:00+00:00,2.5115,68475.0975,2.512,764580.0
2025-08-28 22:00:00+00:00,2.5509,129229.3946,2.551,519427.0
2025-08-28 23:00:00+00:00,2.5447,60167.6552,2.542,254281.0
2025-08-29 00:00:00+00:00,2.5285,98537.2169,2.529,548356.0
2025-08-29 01:00:00+00:00,2.5062,142740.4403,2.508,876166.0
2025-08-29 02:00:00+00:00,2.5213,148083.7504,2.523,427670.0
2025-08-29 03:00:00+00:00,2.5211,114441.7105,2.522,338813.0
2025-08-29 04:00:00+00:00,2.505,66188.5526,2.505,295129.0
2025-08-29 05:00:00+00:00,2.5007,55440.0922,2.498,413066.0
2025-08-29 06:00:00+00:00,2.4899,90456.6815,2.49,1399659.0
2025-08-29 07:00:00+00:00,2.4391,166125.39178038,2.439,2389869.0
2025-08-29 08:00:00+00:00,2.4037,124379.516,2.402,1088176.0
2025-08-29 09:00:00+00:00,2.4265,102903.116,2.425,868120.0
2025-08-29 10:00:00+00:00,2.4368,89459.7603,2.436,626699.0
2025-08-29 11:00:00+00:00,2.4406,83702.5792,2.44,374022.0
2025-08-29 12:00:00+00:00,2.4737,153185.5605,2.472,3464666.0
2025-08-29 13:00:00+00:00,2.4485,140968.96,2.443,2443669.0
2025-08-29 14:00:00+00:00,2.4384,203779.2999,2.437,2277676.0
2025-08-29 15:00:00+00:00,2.4357,97683.9805,2.435,850193.0
2025-08-29 16:00:00+00:00,2.4287,71883.2068,2.427,816230.0
2025-08-29 17:00:00+00:00,2.4083,62453.8391,2.407,1046627.0
2025-08-29 18:00:00+00:00,2.3996,65831.0461,2.398,823771.0
2025-08-29 19:00:00+00:00,2.4175,121670.4723,2.417,837219.0
2025-08-29 20:00:00+00:00,2.4023,120512.7019,2.401,753243.0
2025-08-29 21:00:00+00:00,2.4337,100545.1122,2.433,1032428.0
2025-08-29 22:00:00+00:00,2.4359,55135.57485343,2.434,593551.0
2025-08-29 23:00:00+00:00,2.4298,52257.4226,2.43,446452.0
2025-08-30 00:00:00+00:00,2.4265,90287.603,2.426,483948.0
2025-08-30 01:00:00+00:00,2.3961,128066.8865,2.395,801158.0
2025-08-30 02:00:00+00:00,2.4263,84414.9696,2.426,527148.0
2025-08-30 03:00:00+00:00,2.4538,104857.9653,2.453,637170.0
2025-08-30 04:00:00+00:00,2.4398,68154.377,2.44,211756.0
2025-08-30 05:00:00+00:00,2.4431,76712.9603,2.443,187968.0
2025-08-30 06:00:00+00:00,2.446,71178.7109,2.447,358457.0
2025-08-30 07:00:00+00:00,2.4548,66035.597,2.454,260493.0
2025-08-30 08:00:00+00:00,2.4464,67566.7173,2.447,208895.0
2025-08-30 09:00:00+00:00,2.439,67474.0232,2.442,233536.0
2025-08-30 10:00:00+00:00,2.4458,64379.2665,2.445,185942.0
2025-08-30 11:00:00+00:00,2.446,52969.4796,2.447,80624.0
2025-08-30 12:00:00+00:00,2.4253,93214.4627,2.425,535674.0
2025-08-30 13:00:00+00:00,2.4261,87801.4313,2.426,509590.0
2025-08-30 14:00:00+00:00,2.4272,83355.7879,2.428,248662.0
2025-08-30 15:00:00+00:00,2.4423,72480.0895,2.441,460601.0
2025-08-30 16:00:00+00:00,2.4265,71580.7574,2.426,210279.0
2025-08-30 17:00:00+00:00,2.4253,71236.3015,2.425,231191.0
2025-08-30 18:00:00+00:00,2.4237,59140.2449,2.424,165687.0
2025-08-30 19:00:00+00:00,2.4293,59336.7082,2.428,157376.0
2025-08-30 20:00:00+00:00,2.4218,63166.8762,2.421,449857.0
2025-08-30 21:00:00+00:00,2.4221,60967.5396,2.423,941699.0
2025-08-30 22:00:00+00:00,2.4303,53917.648,2.429,857507.0
2025-08-30 23:00:00+00:00,2.4352,38624.6052,2.433,196061.0
2025-08-31 00:00:00+00:00,2.4654,122449.9533,2.465,831143.0
2025-08-31 01:00:00+00:00,2.4797,82576.3273,2.479,473766.0
2025-08-31 02:00:00+00:00,2.4755,49164.6984,2.476,136160.0
2025-08-31 03:00:00+00:00,2.4805,59961.1679,2.478,161246.0
2025-08-31 04:00:00+00:00,2.4594,76899.5857,2.459,517978.0
2025-08-31 05:00:00+00:00,2.4514,57699.6397,2.451,114492.0
2025-08-31 06:00:00+00:00,2.4414,63904.2476,2.441,288611.0
2025-08-31 07:00:00+00:00,2.441,44500.7253,2.44,1067093.0
2025-08-31 08:00:00+00:00,2.4587,55957.9925,2.459,351571.0
2025-08-31 09:00:00+00:00,2.4415,58829.872,2.442,194524.0
2025-08-31 10:00:00+00:00,2.4337,67154.5016,2.435,424890.0
2025-08-31 11:00:00+00:00,2.4444,64020.7054,2.445,228323.0
2025-08-31 12:00:00+00:00,2.4434,63293.5324,2.443,276116.0
2025-08-31 13:00:00+00:00,2.4345,78077.2439,2.433,147437.0
2025-08-31 14:00:00+00:00,2.4256,85541.2949,2.424,198092.0
2025-08-31 15:00:00+00:00,2.4413,81614.9856,2.442,291416.0
2025-08-31 16:00:00+00:00,2.433,72864.2039,2.435,231341.0
2025-08-31 17:00:00+00:00,2.424,62534.9241,2.425,261627.0
2025-08-31 18:00:00+00:00,2.4351,60210.7426,2.435,246659.0
2025-08-31 19:00:00+00:00,2.4193,67188.2296,2.418,161129.0
2025-08-31 20:00:00+00:00,2.4223,73258.922,2.423,577468.0
2025-08-31 21:00:00+00:00,2.4246,62297.7552,2.423,598179.0
2025-08-31 22:00:00+00:00,2.4072,96630.7407,2.407,574941.0
2025-08-31 23:00:00+00:00,2.3673,147823.8488,2.366,1635232.0
2025-09-01 00:00:00+00:00,2.3523,174289.0435,2.353,2238406.0
2025-09-01 01:00:00+00:00,2.357,114715.8642,2.357,576460.0
2025-09-01 02:00:00+00:00,2.338,117755.9446,2.336,1173766.0
2025-09-01 03:00:00+00:00,2.3438,102400.4611,2.344,570676.0
2025-09-01 04:00:00+00:00,2.3303,77482.1961,2.328,547579.0
2025-09-01 05:00:00+00:00,2.3409,96061.1127,2.341,718923.0
2025-09-01 06:00:00+00:00,2.3424,85882.1298,2.343,494280.0
2025-09-01 07:00:00+00:00,2.4115,154188.8829,2.412,1294512.0
2025-09-01 08:00:00+00:00,2.4405,161538.6853,2.44,1423572.0
2025-09-01 09:00:00+00:00,2.423,113569.0135,2.424,630859.0
2025-09-01 10:00:00+00:00,2.3939,89106.7793,2.392,969398.0
2025-09-01 11:00:00+00:00,2.3799,79115.0432,2.384,386117.0
2025-09-01 12:00:00+00:00,2.3834,67763.5385,2.385,545858.0
2025-09-01 13:00:00+00:00,2.3701,112443.6452,2.37,563602.0
2025-09-01 14:00:00+00:00,2.37,77281.4748,2.371,546169.0
2025-09-01 15:00:00+00:00,2.3538,99328.0449,2.352,673955.0
2025-09-01 16:00:00+00:00,2.3465,106274.761,2.348,823893.0
2025-09-01 17:00:00+00:00,2.3404,99732.6402,2.342,839769.0
2025-09-01 18:00:00+00:00,2.3522,106125.3183,2.353,297257.0
2025-09-01 19:00:00+00:00,2.3677,86326.4672,2.368,206545.0
2025-09-01 20:00:00+00:00,2.3251,206351.3814,2.323,2504879.0
2025-09-01 21:00:00+00:00,2.2946,247059.2375,2.295,1916170.0
2025-09-01 22:00:00+00:00,2.3039,140178.597,2.305,676581.0
2025-09-01 23:00:00+00:00,2.3405,105296.6947,2.34,401192.0
2025-09-02 00:00:00+00:00,2.3353,98951.2585,2.335,411063.0
2025-09-02 01:00:00+00:00,2.3452,107947.0531,2.345,607207.0
2025-09-02 02:00:00+00:00,2.3692,108208.9429,2.369,582276.0
2025-09-02 03:00:00+00:00,2.381,97553.9699,2.38,465992.0
2025-09-02 04:00:00+00:00,2.3808,93791.0347,2.38,322895.0
2025-09-02 05:00:00+00:00,2.3762,92071.1431,2.374,218701.0
2025-09-02 06:00:00+00:00,2.3813,100040.74,2.381,203198.0
2025-09-02 07:00:00+00:00,2.36,86370.917,2.359,309007.0
2025-09-02 08:00:00+00:00,2.3649,93070.234,2.365,232528.0
2025-09-02 09:00:00+00:00,2.3754,88420.2639,2.371,592519.0
2025-09-02 10:00:00+00:00,2.3791,68835.0178,2.379,156734.0
2025-09-02 11:00:00+00:00,2.364,55149.6082,2.361,170035.0
2025-09-02 12:00:00+00:00,2.3203,152129.3305,2.318,987705.0
2025-09-02 13:00:00+00:00,2.4003,194367.0704,2.4,1753208.0
2025-09-02 14:00:00+00:00,2.3953,137670.8038,2.393,1162392.0
2025-09-02 15:00:00+00:00,2.3512,94604.5439,2.347,997524.0
2025-09-02 16:00:00+00:00,2.3706,111863.8734,2.372,566804.0
2025-09-02 17:00:00+00:00,2.3863,102213.5188,2.385,329809.0
2025-09-02 18:00:00+00:00,2.3819,108630.5969,2.383,501680.0
2025-09-02 19:00:00+00:00,2.3778,114861.0534,2.376,373799.0
2025-09-02 20:00:00+00:00,2.4084,122790.7414,2.408,861807.0
2025-09-02 21:00:00+00:00,2.4261,80339.3924,2.426,650743.0
2025-09-02 22:00:00+00:00,2.4283,177148.3073,2.427,890527.0
2025-09-02 23:00:00+00:00,2.4372,54074.6103,2.438,381178.0
2025-09-03 00:00:00+00:00,2.4395,65976.9116,2.44,399689.0
2025-09-03 01:00:00+00:00,2.4546,81692.6891,2.455,360356.0
2025-09-03 02:00:00+00:00,2.4519,115601.3746,2.451,670066.0
2025-09-03 03:00:00+00:00,2.4453,81411.0071,2.445,275584.0
2025-09-03 04:00:00+00:00,2.4434,65118.7184,2.44,165199.0
2025-09-03 05:00:00+00:00,2.4315,69436.5166,2.43,177077.0
2025-09-03 06:00:00+00:00,2.4293,89695.8268,2.428,462513.0
2025-09-03 07:00:00+00:00,2.4283,83615.1282,2.429,264617.0
2025-09-03 08:00:00+00:00,2.4364,78641.6596,2.437,884092.0
2025-09-03 09:00:00+00:00,2.4511,78260.3939,2.451,269369.0
2025-09-03 10:00:00+00:00,2.4488,92860.4544,2.449,263509.0
2025-09-03 11:00:00+00:00,2.4561,99117.4847,2.458,234782.0
2025-09-03 12:00:00+00:00,2.4461,78162.9657,2.442,281405.0
2025-09-03 13:00:00+00:00,2.4595,117604.6215,2.459,844404.0
2025-09-03 14:00:00+00:00,2.4785,119241.7995,2.48,697975.0
2025-09-03 15:00:00+00:00,2.4765,87029.3594,2.477,249448.0
2025-09-03 16:00:00+00:00,2.4685,78278.8682,2.468,176931.0
2025-09-03 17:00:00+00:00,2.4744,80640.6175,2.475,161431.0
2025-09-03 18:00:00+00:00,2.4696,58102.7555,2.468,205168.0
2025-09-03 19:00:00+00:00,2.4875,52570.8732,2.488,251361.0
2025-09-03 20:00:00+00:00,2.4886,63146.2826,2.487,323577.0
2025-09-03 21:00:00+00:00,2.4846,54847.3164,2.485,593673.0
2025-09-03 22:00:00+00:00,2.4779,55734.3689,2.478,314006.0
2025-09-03 23:00:00+00:00,2.4686,40507.7198,2.469,324170.0
2025-09-04 00:00:00+00:00,2.4697,71999.5805,2.471,293179.0
2025-09-04 01:00:00+00:00,2.4702,66238.358,2.468,205303.0
2025-09-04 02:00:00+00:00,2.4633,68855.4436,2.465,354240.0
2025-09-04 03:00:00+00:00,2.4423,76974.688,2.442,884103.0
2025-09-04 04:00:00+00:00,2.4408,68208.9536,2.441,337115.0
2025-09-04 05:00:00+00:00,2.42,93946.56,2.421,557948.0
2025-09-04 06:00:00+00:00,2.4037,164552.0054,2.404,769591.0
2025-09-04 07:00:00+00:00,2.4093,76350.1304,2.411,313847.0
2025-09-04 08:00:00+00:00,2.4062,70984.638,2.406,422240.0
2025-09-04 09:00:00+00:00,2.4063,61058.892,2.406,124274.0
2025-09-04 10:00:00+00:00,2.407,66326.9422,2.407,459309.0
2025-09-04 11:00:00+00:00,2.4058,68172.5045,2.406,220475.0
2025-09-04 12:00:00+00:00,2.4211,71950.9165,2.421,434635.0
2025-09-04 13:00:00+00:00,2.4086,90837.0159,2.409,354554.0
2025-09-04 14:00:00+00:00,2.395,129248.2319,2.395,784667.0
2025-09-04 15:00:00+00:00,2.3785,132816.6728,2.378,646115.0
2025-09-04 16:00:00+00:00,2.3791,93478.2246,2.379,384662.0
2025-09-04 17:00:00+00:00,2.375,58144.096,2.376,512880.0
2025-09-04 18:00:00+00:00,2.3687,80152.0966,2.368,358208.0
2025-09-04 19:00:00+00:00,2.3653,73306.8426,2.367,206024.0
2025-09-04 20:00:00+00:00,2.3747,86496.6667,2.375,467795.0
2025-09-04 21:00:00+00:00,2.3816,48044.4863,2.382,525298.0
2025-09-04 22:00:00+00:00,2.3967,68878.8849,2.398,529779.0
2025-09-04 23:00:00+00:00,2.3753,69032.1255,2.376,308386.0
2025-09-05 00:00:00+00:00,2.3705,77504.0664,2.37,419290.0
2025-09-05 01:00:00+00:00,2.385,63800.2981,2.386,112427.0
2025-09-05 02:00:00+00:00,2.3929,72793.9476,2.392,466343.0
2025-09-05 03:00:00+00:00,2.3949,50335.1235,2.394,192368.0
2025-09-05 04:00:00+00:00,2.3939,37865.097,2.394,124337.0
2025-09-05 05:00:00+00:00,2.3947,47603.6695,2.395,174891.0
2025-09-05 06:00:00+00:00,2.3861,51682.4649,2.386,218854.0
2025-09-05 07:00:00+00:00,2.4301,100760.1311,2.43,1235447.0
2025-09-05 08:00:00+00:00,2.4123,123027.374,2.414,1389678.0
2025-09-05 09:00:00+00:00,2.417,81950.6157,2.416,488192.0
2025-09-05 10:00:00+00:00,2.4192,47604.973,2.42,666362.0
2025-09-05 11:00:00+00:00,2.4336,84637.981,2.433,545462.0
2025-09-05 12:00:00+00:00,2.4689,270592.6798,2.469,3481481.0
2025-09-05 13:00:00+00:00,2.4712,185015.0817,2.471,988826.0
2025-09-05 14:00:00+00:00,2.3922,348730.24924427,2.392,3681087.0
2025-09-05 15:00:00+00:00,2.3966,113425.9433,2.396,818016.0
2025-09-05 16:00:00+00:00,2.4001,81317.9752,2.398,238182.0
2025-09-05 17:00:00+00:00,2.3828,71297.8847,2.383,857621.0
2025-09-05 18:00:00+00:00,2.3984,72943.0774,2.398,310001.0
2025-09-05 19:00:00+00:00,2.4104,62049.023,2.41,341114.0
2025-09-05 20:00:00+00:00,2.4181,43402.8321,2.416,334388.0
2025-09-05 21:00:00+00:00,2.3923,112702.2322,2.393,983917.0
2025-09-05 22:00:00+00:00,2.397,41627.2718,2.398,391697.0
2025-09-05 23:00:00+00:00,2.3989,34077.89,2.399,122730.0
2025-09-06 00:00:00+00:00,2.4061,38345.8212,2.403,165746.0
2025-09-06 01:00:00+00:00,2.3972,27181.9914,2.397,118852.0
2025-09-06 02:00:00+00:00,2.4041,41995.1441,2.405,227279.0
2025-09-06 03:00:00+00:00,2.4021,45834.341,2.402,218882.0
2025-09-06 04:00:00+00:00,2.394,34857.4647,2.396,105345.0
2025-09-06 05:00:00+00:00,2.3867,52867.79,2.387,276599.0
2025-09-06 06:00:00+00:00,2.3882,34401.1082,2.388,85547.0
2025-09-06 07:00:00+00:00,2.3914,33781.6688,2.39,57493.0
2025-09-06 08:00:00+00:00,2.3872,30712.7896,2.388,120572.0
2025-09-06 09:00:00+00:00,2.3779,46504.0204,2.38,170098.0
2025-09-06 10:00:00+00:00,2.3913,56950.2266,2.39,165357.0
2025-09-06 11:00:00+00:00,2.3917,47552.3493,2.392,129217.0
2025-09-06 12:00:00+00:00,2.3879,39101.9239,2.387,133590.0
2025-09-06 13:00:00+00:00,2.3928,46855.9201,2.39,118369.0
2025-09-06 14:00:00+00:00,2.4036,47613.6902,2.404,308884.0
2025-09-06 15:00:00+00:00,2.3877,69569.2679,2.388,353189.0
2025-09-06 16:00:00+00:00,2.4023,83371.0141,2.402,435940.0
2025-09-06 17:00:00+00:00,2.391,44985.4836,2.391,154307.0
2025-09-06 18:00:00+00:00,2.3937,37761.0021,2.394,175242.0
2025-09-06 19:00:00+00:00,2.3786,42665.7743,2.378,231716.0
2025-09-06 20:00:00+00:00,2.3992,38456.1174,2.399,90220.0
2025-09-06 21:00:00+00:00,2.3983,43425.3712,2.399,507884.0
2025-09-06 22:00:00+00:00,2.4023,53974.4252,2.402,257885.0
2025-09-06 23:00:00+00:00,2.4016,30943.4531,2.4,93288.0
2025-09-07 00:00:00+00:00,2.4064,31101.1752,2.407,118471.0
2025-09-07 01:00:00+00:00,2.4265,45053.499,2.427,308271.0
2025-09-07 02:00:00+00:00,2.4349,39615.2461,2.432,102028.0
2025-09-07 03:00:00+00:00,2.4327,33931.2381,2.433,176771.0
2025-09-07 04:00:00+00:00,2.4374,33622.2212,2.438,182939.0
2025-09-07 05:00:00+00:00,2.4528,37677.0373,2.457,260550.0
2025-09-07 06:00:00+00:00,2.4397,36068.3228,2.443,157453.0
2025-09-07 07:00:00+00:00,2.4368,44986.2213,2.435,195098.0
2025-09-07 08:00:00+00:00,2.4441,43159.5709,2.443,240803.0
2025-09-07 09:00:00+00:00,2.4363,39729.4629,2.435,137451.0
2025-09-07 10:00:00+00:00,2.4376,38196.512,2.435,213104.0
2025-09-07 11:00:00+00:00,2.4426,33203.0388,2.442,101761.0
2025-09-07 12:00:00+00:00,2.4481,43911.0023,2.447,201475.0
2025-09-07 13:00:00+00:00,2.4666,151442.8429,2.466,305547.0
2025-09-07 14:00:00+00:00,2.4622,89216.3223,2.462,1403214.0
2025-09-07 15:00:00+00:00,2.4771,99740.5937,2.477,1083800.0
2025-09-07 16:00:00+00:00,2.4675,47418.1651,2.468,325852.0
2025-09-07 17:00:00+00:00,2.4535,47646.1493,2.454,397810.0
2025-09-07 18:00:00+00:00,2.4514,46700.3721,2.452,203683.0
2025-09-07 19:00:00+00:00,2.4583,35611.2164,2.46,127762.0
2025-09-07 20:00:00+00:00,2.466,36112.7424,2.466,240431.0
2025-09-07 21:00:00+00:00,2.4605,37434.8643,2.461,362063.0
2025-09-07 22:00:00+00:00,2.4654,50120.752,2.466,627412.0
2025-09-07 23:00:00+00:00,2.4647,49600.6659,2.465,176100.0
2025-09-08 00:00:00+00:00,2.4577,67083.8724,2.458,329265.0
2025-09-08 01:00:00+00:00,2.4571,46750.9059,2.459,204324.0
2025-09-08 02:00:00+00:00,2.4927,79310.4433,2.494,872631.0
2025-09-08 03:00:00+00:00,2.4954,147093.85006127,2.494,590426.0
2025-09-08 04:00:00+00:00,2.5036,68698.4771,2.504,477192.0
2025-09-08 05:00:00+00:00,2.4951,74313.8597,2.497,474382.0
2025-09-08 06:00:00+00:00,2.4922,60828.6147,2.493,332089.0
2025-09-08 07:00:00+00:00,2.4899,50975.2494,2.49,390958.0
2025-09-08 08:00:00+00:00,2.5045,70228.3865,2.506,453052.0
2025-09-08 09:00:00+00:00,2.5191,90353.184,2.519,536293.0
2025-09-08 10:00:00+00:00,2.5232,81474.8048,2.524,1044570.0
2025-09-08 11:00:00+00:00,2.5049,58826.8017,2.506,523322.0
2025-09-08 12:00:00+00:00,2.5198,60669.9926,2.521,409142.0
2025-09-08 13:00:00+00:00,2.5135,100388.1934,2.515,871198.0
2025-09-08 14:00:00+00:00,2.5497,86896.9716,2.55,1027758.0
2025-09-08 15:00:00+00:00,2.5655,106602.5517,2.566,1949472.0
2025-09-08 16:00:00+00:00,2.5579,102920.7273,2.558,704443.0
2025-09-08 17:00:00+00:00,2.5527,89056.4089,2.553,702959.0
2025-09-08 18:00:00+00:00,2.5671,87793.4118,2.567,451035.0
2025-09-08 19:00:00+00:00,2.553,78378.283,2.553,653866.0
2025-09-08 20:00:00+00:00,2.5489,66224.7367,2.55,371262.0
2025-09-08 21:00:00+00:00,2.5879,65482.582,2.588,649982.0
2025-09-08 22:00:00+00:00,2.5832,98656.5874,2.584,599279.0
2025-09-08 23:00:00+00:00,2.5768,43101.904,2.577,641306.0
2025-09-09 00:00:00+00:00,2.6099,128250.5321,2.611,1467540.0
2025-09-09 01:00:00+00:00,2.5995,135863.4206,2.599,1673122.0
2025-09-09 02:00:00+00:00,2.6056,105738.755,2.606,1049624.0
2025-09-09 03:00:00+00:00,2.6206,113737.0175,2.622,801520.0
2025-09-09 04:00:00+00:00,2.6448,144779.6543,2.645,1606274.0
2025-09-09 05:00:00+00:00,2.6762,114977.8894,2.677,1271971.0
2025-09-09 06:00:00+00:00,2.695,126195.1394,2.695,1892903.0
2025-09-09 07:00:00+00:00,2.6899,113459.8529,2.691,1897709.0
2025-09-09 08:00:00+00:00,2.7069,108007.7311,2.706,722549.0
2025-09-09 09:00:00+00:00,2.7483,112800.015,2.75,1445324.0
2025-09-09 10:00:00+00:00,2.7463,184435.9532,2.749,2928853.0
2025-09-09 11:00:00+00:00,2.7342,108840.1379,2.735,1099812.0
2025-09-09 12:00:00+00:00,2.7062,122404.4523,2.707,1616831.0
2025-09-09 13:00:00+00:00,2.7021,145845.593,2.704,1476670.0
2025-09-09 14:00:00+00:00,2.6655,347236.4465,2.664,7073985.0
2025-09-09 15:00:00+00:00,2.6588,170475.2346,2.66,2088996.0
2025-09-09 16:00:00+00:00,2.6449,106517.5029,2.645,728402.0
2025-09-09 17:00:00+00:00,2.6469,101656.9797,2.648,678869.0
2025-09-09 18:00:00+00:00,2.664,71246.6286,2.664,582816.0
2025-09-09 19:00:00+00:00,2.6542,72807.9236,2.654,390704.0
2025-09-09 20:00:00+00:00,2.6484,67004.3188,2.647,299384.0
2025-09-09 21:00:00+00:00,2.6375,62245.2101,2.637,549527.0
2025-09-09 22:00:00+00:00,2.6464,67201.3431,2.646,460622.0
2025-09-09 23:00:00+00:00,2.6333,56306.1146,2.634,421593.0
2025-09-10 00:00:00+00:00,2.629,92795.5427,2.63,682437.0
2025-09-10 01:00:00+00:00,2.6616,116762.4467,2.662,985089.0
2025-09-10 02:00:00+00:00,2.6854,98928.5364,2.686,801572.0
2025-09-10 03:00:00+00:00,2.6768,96240.0942,2.676,525824.0
2025-09-10 04:00:00+00:00,2.6734,66614.9988,2.673,505917.0
2025-09-10 05:00:00+00:00,2.6568,60240.811,2.657,613726.0
2025-09-10 06:00:00+00:00,2.6605,66415.6375,2.661,581292.0
2025-09-10 07:00:00+00:00,2.6612,80524.41,2.661,488068.0
2025-09-10 08:00:00+00:00,2.6603,122230.3574,2.66,1067193.0
2025-09-10 09:00:00+00:00,2.6586,48847.0239,2.659,307036.0
2025-09-10 10:00:00+00:00,2.648,72120.5258,2.649,226204.0
2025-09-10 11:00:00+00:00,2.6538,67861.8262,2.654,439141.0
2025-09-10 12:00:00+00:00,2.7012,187320.3626,2.701,2419190.0
2025-09-10 13:00:00+00:00,2.7094,180206.49903975,2.709,2328735.0
2025-09-10 14:00:00+00:00,2.6992,95126.0679,2.699,1069502.0
2025-09-10 15:00:00+00:00,2.7024,59780.6542,2.701,395847.0
2025-09-10 16:00:00+00:00,2.7126,76620.7644,2.713,639329.0
2025-09-10 17:00:00+00:00,2.703,68920.0621,2.702,597981.0
2025-09-10 18:00:00+00:00,2.692,39961.1368,2.692,589406.0
2025-09-10 19:00:00+00:00,2.6702,66249.515,2.67,668510.0
2025-09-10 20:00:00+00:00,2.687,88421.9133,2.686,504721.0
2025-09-10 21:00:00+00:00,2.7027,63308.285,2.703,337458.0
2025-09-10 22:00:00+00:00,2.7154,57673.5908,2.716,381006.0
2025-09-10 23:00:00+00:00,2.7266,74233.5826,2.727,415575.0
2025-09-11 00:00:00+00:00,2.7443,141666.0094,2.745,1145052.0
2025-09-11 01:00:00+00:00,2.7474,72474.5593,2.747,387182.0
2025-09-11 02:00:00+00:00,2.7316,63617.3669,2.732,251790.0
2025-09-11 03:00:00+00:00,2.7424,50610.1178,2.743,624813.0
2025-09-11 04:00:00+00:00,2.7297,72528.4535,2.729,236555.0
2025-09-11 05:00:00+00:00,2.7154,86387.8632,2.715,483456.0
2025-09-11 06:00:00+00:00,2.7307,65318.6726,2.731,435931.0
2025-09-11 07:00:00+00:00,2.7365,81798.1636,2.737,525913.0
2025-09-11 08:00:00+00:00,2.7353,50319.7826,2.736,289229.0
2025-09-11 09:00:00+00:00,2.7264,54856.7277,2.727,155176.0
2025-09-11 10:00:00+00:00,2.7204,53035.4824,2.72,365603.0
2025-09-11 11:00:00+00:00,2.7068,61615.0058,2.707,310674.0
2025-09-11 12:00:00+00:00,2.714,212372.58473537,2.713,3604393.0
2025-09-11 13:00:00+00:00,2.7176,93540.42033276,2.718,1023133.0
2025-09-11 14:00:00+00:00,2.7036,77828.8208,2.703,646955.0
2025-09-11 15:00:00+00:00,2.6908,76142.5489,2.689,305711.0
2025-09-11 16:00:00+00:00,2.7004,71062.5019,2.701,193540.0
2025-09-11 17:00:00+00:00,2.7034,65309.4485,2.703,187140.0
2025-09-11 18:00:00+00:00,2.7106,91447.2613,2.71,390406.0
2025-09-11 19:00:00+00:00,2.7179,60957.6363,2.72,153023.0
2025-09-11 20:00:00+00:00,2.7262,67004.768,2.726,176062.0
2025-09-11 21:00:00+00:00,2.7434,63957.0125,2.743,352408.0
2025-09-11 22:00:00+00:00,2.7488,64723.1265,2.75,361514.0
2025-09-11 23:00:00+00:00,2.7451,43396.7225,2.746,246724.0
2025-09-12 00:00:00+00:00,2.7545,61031.2335,2.755,522801.0
2025-09-12 01:00:00+00:00,2.7343,67886.1225,2.734,575351.0
2025-09-12 02:00:00+00:00,2.7503,61302.3633,2.75,545665.0
2025-09-12 03:00:00+00:00,2.7379,69122.7549,2.739,681538.0
2025-09-12 04:00:00+00:00,2.7494,63714.476,2.749,221380.0
2025-09-12 05:00:00+00:00,2.7767,57607.9292,2.776,314631.0
2025-09-12 06:00:00+00:00,2.7606,75639.1499,2.761,1119212.0
2025-09-12 07:00:00+00:00,2.7445,58353.2198,2.745,347463.0
2025-09-12 08:00:00+00:00,2.7338,65261.7543,2.734,503991.0
2025-09-12 09:00:00+00:00,2.722,55842.8048,2.721,296543.0
2025-09-12 10:00:00+00:00,2.7192,55022.1602,2.72,368730.0
2025-09-12 11:00:00+00:00,2.7016,64641.2166,2.701,1116985.0
2025-09-12 12:00:00+00:00,2.7167,108815.0466,2.718,1950618.0
2025-09-12 13:00:00+00:00,2.7296,66971.4157,2.731,372860.0
2025-09-12 14:00:00+00:00,2.7281,131774.315,2.729,1479836.0
2025-09-12 15:00:00+00:00,2.7222,56275.7033,2.722,264724.0
2025-09-12 16:00:00+00:00,2.7443,57600.1494,2.744,237008.0
2025-09-12 17:00:00+00:00,2.7571,77088.26,2.758,2142985.0
2025-09-12 18:00:00+00:00,2.7816,68286.7955,2.783,1405005.0
2025-09-12 19:00:00+00:00,2.8019,59997.2867,2.803,386661.0
2025-09-12 20:00:00+00:00,2.7857,129010.442,2.787,1005843.0
2025-09-12 21:00:00+00:00,2.7791,67469.0138,2.779,1946568.0
2025-09-12 22:00:00+00:00,2.8001,96242.0788,2.801,651881.0
2025-09-12 23:00:00+00:00,2.7908,89054.9956,2.792,1308043.0
2025-09-13 00:00:00+00:00,2.8019,71527.08856734,2.802,758859.0
2025-09-13 01:00:00+00:00,2.7842,62548.0066,2.785,352711.0
2025-09-13 02:00:00+00:00,2.7941,47910.4531,2.796,116103.0
2025-09-13 03:00:00+00:00,2.8053,54396.0379,2.805,215897.0
2025-09-13 04:00:00+00:00,2.8019,42134.3297,2.802,123418.0
2025-09-13 05:00:00+00:00,2.8386,126173.565,2.839,1405789.0
2025-09-13 06:00:00+00:00,2.8303,64504.9101,2.831,538057.0
2025-09-13 07:00:00+00:00,2.8167,45297.8764,2.817,566488.0
2025-09-13 08:00:00+00:00,2.8432,61028.5103,2.843,761518.0
2025-09-13 09:00:00+00:00,2.857,128674.2043,2.857,2285938.0
2025-09-13 10:00:00+00:00,2.8627,218794.8616,2.86,568650.0
2025-09-13 11:00:00+00:00,2.8847,195893.3019,2.882,344122.0
2025-09-13 12:00:00+00:00,2.8819,282753.7272,2.881,1202634.0
2025-09-13 13:00:00+00:00,2.8364,143862.2585,2.835,1732666.0
2025-09-13 14:00:00+00:00,2.8346,72580.02592162,2.833,564678.0
2025-09-13 15:00:00+00:00,2.8209,70881.5351,2.819,589422.0
2025-09-13 16:00:00+00:00,2.8041,94037.0508,2.802,723614.0
2025-09-13 17:00:00+00:00,2.8088,110337.2581,2.808,1076227.0
2025-09-13 18:00:00+00:00,2.806,41414.5641,2.805,160534.0
2025-09-13 19:00:00+00:00,2.803,35849.0144,2.803,104694.0
2025-09-13 20:00:00+00:00,2.8097,43076.0103,2.808,364116.0
2025-09-13 21:00:00+00:00,2.81,54424.4357,2.809,637004.0
2025-09-13 22:00:00+00:00,2.8084,36061.0175,2.808,366510.0
2025-09-13 23:00:00+00:00,2.811,49625.0408,2.812,203900.0
2025-09-14 00:00:00+00:00,2.791,58046.6434,2.79,247056.0
2025-09-14 01:00:00+00:00,2.7909,69691.1279,2.792,303702.0
2025-09-14 02:00:00+00:00,2.7949,56285.0008,2.795,207882.0
2025-09-14 03:00:00+00:00,2.7601,68355.1893,2.761,193882.0
2025-09-14 04:00:00+00:00,2.7611,151338.1197,2.76,498147.0
2025-09-14 05:00:00+00:00,2.7816,52547.5404,2.782,167452.0
2025-09-14 06:00:00+00:00,2.7685,73835.7675,2.769,236161.0
2025-09-14 07:00:00+00:00,2.7566,70933.0946,2.757,122553.0
2025-09-14 08:00:00+00:00,2.7527,66276.1391,2.753,208453.0
2025-09-14 09:00:00+00:00,2.7576,58749.9248,2.758,210832.0
2025-09-14 10:00:00+00:00,2.7525,60699.7105,2.753,165628.0
2025-09-14 11:00:00+00:00,2.7122,84684.5675,2.711,725090.0
2025-09-14 12:00:00+00:00,2.7059,73464.0224,2.706,900233.0
2025-09-14 13:00:00+00:00,2.7009,67593.589,2.701,539062.0
2025-09-14 14:00:00+00:00,2.69,143015.8319,2.691,1480992.0
2025-09-14 15:00:00+00:00,2.6876,76459.8521,2.688,316709.0
2025-09-14 16:00:00+00:00,2.7095,64723.7286,2.709,255499.0
2025-09-14 17:00:00+00:00,2.7199,79020.76561472,2.72,277424.0
2025-09-14 18:00:00+00:00,2.6996,34867.7249,2.7,125272.0
2025-09-14 19:00:00+00:00,2.7061,49267.8249,2.705,145364.0
2025-09-14 20:00:00+00:00,2.7054,70513.6154,2.705,100277.0
2025-09-14 21:00:00+00:00,2.7206,80282.9284,2.72,734208.0
2025-09-14 22:00:00+00:00,2.7348,69490.458,2.735,379716.0
2025-09-14 23:00:00+00:00,2.7065,62759.2201,2.706,265794.0
2025-09-15 00:00:00+00:00,2.7095,78967.5371,2.71,308865.0
2025-09-15 01:00:00+00:00,2.7107,72246.955,2.711,398919.0
2025-09-15 02:00:00+00:00,2.7105,70144.0054,2.71,246615.0
2025-09-15 03:00:00+00:00,2.7316,85968.9129,2.732,457905.0
2025-09-15 04:00:00+00:00,2.7359,72873.5929,2.736,674175.0
2025-09-15 05:00:00+00:00,2.7754,73212.0593,2.775,411320.0
2025-09-15 06:00:00+00:00,2.7155,95891.7743,2.706,1097562.0
2025-09-15 07:00:00+00:00,2.6721,142382.4829,2.673,1386901.0
2025-09-15 08:00:00+00:00,2.5995,394762.096,2.601,4305897.0
2025-09-15 09:00:00+00:00,2.6259,147500.7634,2.627,1241596.0
2025-09-15 10:00:00+00:00,2.6289,114343.7418,2.63,536950.0
2025-09-15 11:00:00+00:00,2.6302,65364.566,2.631,139318.0
2025-09-15 12:00:00+00:00,2.6141,79802.3414,2.614,338778.0
2025-09-15 13:00:00+00:00,2.6307,85017.5534,2.633,446342.0
2025-09-15 14:00:00+00:00,2.6116,84092.5125,2.612,410923.0
2025-09-15 15:00:00+00:00,2.6036,108294.5689,2.604,728620.0
2025-09-15 16:00:00+00:00,2.5852,110769.5179,2.58,475816.0
2025-09-15 17:00:00+00:00,2.6092,93741.4338,2.61,196288.0
2025-09-15 18:00:00+00:00,2.6134,71210.4764,2.618,183963.0
2025-09-15 19:00:00+00:00,2.6197,79726.1945,2.617,217823.0
2025-09-15 20:00:00+00:00,2.6295,63180.2523,2.63,247839.0
2025-09-15 21:00:00+00:00,2.6295,54036.1449,2.63,207292.0
2025-09-15 22:00:00+00:00,2.6231,55840.7494,2.624,146614.0
2025-09-15 23:00:00+00:00,2.6271,39903.1435,2.628,99657.0
2025-09-16 00:00:00+00:00,2.6209,68566.9108,2.621,202982.0
2025-09-16 01:00:00+00:00,2.6129,69651.2854,2.613,163011.0
2025-09-16 02:00:00+00:00,2.6064,59137.9451,2.608,92591.0
2025-09-16 03:00:00+00:00,2.6016,63036.5119,2.602,116136.0
2025-09-16 04:00:00+00:00,2.61,79341.3776,2.61,354335.0
2025-09-16 05:00:00+00:00,2.633,117618.7129,2.631,848601.0
2025-09-16 06:00:00+00:00,2.6416,50810.1969,2.642,433266.0
2025-09-16 07:00:00+00:00,2.6644,116340.0481,2.663,1151859.0
2025-09-16 08:00:00+00:00,2.697,106883.124,2.697,806419.0
2025-09-16 09:00:00+00:00,2.6819,103039.5494,2.681,1718376.0
2025-09-16 10:00:00+00:00,2.6704,69107.0654,2.67,386963.0
2025-09-16 11:00:00+00:00,2.6958,125692.0698863,2.695,851954.0
2025-09-16 12:00:00+00:00,2.6833,87873.7049,2.684,854269.0
2025-09-16 13:00:00+00:00,2.7035,149893.5481,2.703,1662273.0
2025-09-16 14:00:00+00:00,2.6889,105991.7306,2.69,605897.0
2025-09-16 15:00:00+00:00,2.7124,88376.9254,2.713,758984.0
2025-09-16 16:00:00+00:00,2.7042,89589.0667,2.704,992484.0
2025-09-16 17:00:00+00:00,2.7245,101857.2912,2.725,532060.0
2025-09-16 18:00:00+00:00,2.7063,63859.3703,2.707,432893.0
2025-09-16 19:00:00+00:00,2.7048,54588.19047633,2.705,464198.0
2025-09-16 20:00:00+00:00,2.6993,50597.3423,2.7,160596.0
2025-09-16 21:00:00+00:00,2.7121,55064.7271,2.712,246434.0
2025-09-16 22:00:00+00:00,2.7186,48890.708,2.718,294907.0
2025-09-16 23:00:00+00:00,2.7088,35566.9608,2.708,167597.0
2025-09-17 00:00:00+00:00,2.7025,61943.4029,2.705,280518.0
2025-09-17 01:00:00+00:00,2.6928,54407.66566968,2.689,110695.0
2025-09-17 02:00:00+00:00,2.7234,73631.2531,2.724,703080.0
2025-09-17 03:00:00+00:00,2.701,67311.2239,2.701,250369.0
2025-09-17 04:00:00+00:00,2.6938,67073.0571,2.694,360336.0
2025-09-17 05:00:00+00:00,2.7019,79192.0533,2.703,314171.0
2025-09-17 06:00:00+00:00,2.7254,79738.8562,2.726,264017.0
2025-09-17 07:00:00+00:00,2.7485,64395.3751,2.75,826851.0
2025-09-17 08:00:00+00:00,2.7679,129953.7864,2.768,983019.0
2025-09-17 09:00:00+00:00,2.7246,78961.4848,2.725,352669.0
2025-09-17 10:00:00+00:00,2.7129,88393.1001,2.714,287099.0
2025-09-17 11:00:00+00:00,2.7062,54779.8811,2.707,391760.0
2025-09-17 12:00:00+00:00,2.7031,81106.4456,2.704,507377.0
2025-09-17 13:00:00+00:00,2.7013,105801.1548,2.703,318277.0
2025-09-17 14:00:00+00:00,2.6785,79864.5908,2.679,361723.0
2025-09-17 15:00:00+00:00,2.6674,110753.6895,2.668,590373.0
2025-09-17 16:00:00+00:00,2.6937,87500.0499,2.694,682634.0
2025-09-17 17:00:00+00:00,2.6808,131546.6767,2.682,683046.0
2025-09-17 18:00:00+00:00,2.6855,192992.4315,2.686,3254847.0
2025-09-17 19:00:00+00:00,2.7723,122059.4903,2.773,1553557.0
2025-09-17 20:00:00+00:00,2.7488,130079.2516,2.749,1134643.0
2025-09-17 21:00:00+00:00,2.776,97763.6952,2.777,1056255.0
2025-09-17 22:00:00+00:00,2.8176,93416.9175,2.819,712150.0
2025-09-17 23:00:00+00:00,2.8238,63158.5757,2.826,978925.0
2025-09-18 00:00:00+00:00,2.8107,71716.617,2.812,455739.0
2025-09-18 01:00:00+00:00,2.8492,75685.2096,2.849,558543.0
2025-09-18 02:00:00+00:00,2.861,85194.5025,2.862,497160.0
2025-09-18 03:00:00+00:00,2.8832,150824.1167,2.884,2446974.0
2025-09-18 04:00:00+00:00,2.9263,121265.7973,2.927,1092230.0
2025-09-18 05:00:00+00:00,2.8997,107959.304,2.9,686571.0
2025-09-18 06:00:00+00:00,2.8741,110448.2469,2.876,937482.0
2025-09-18 07:00:00+00:00,2.903,112869.2484,2.904,915989.0
2025-09-18 08:00:00+00:00,2.9175,137247.0447,2.919,1239582.0
2025-09-18 09:00:00+00:00,2.9173,106100.8841,2.919,660843.0
2025-09-18 10:00:00+00:00,2.9159,81053.8427,2.917,478764.0
2025-09-18 11:00:00+00:00,2.9137,73143.1303,2.915,257891.0
2025-09-18 12:00:00+00:00,2.9242,105320.2356,2.924,511190.0
2025-09-18 13:00:00+00:00,2.9532,140974.13002091,2.953,871862.0
2025-09-18 14:00:00+00:00,2.9643,136174.7453,2.965,1229947.0
2025-09-18 15:00:00+00:00,2.9953,144083.0345,2.996,1589061.0
2025-09-18 16:00:00+00:00,2.9887,82465.0976,2.989,1507810.0
2025-09-18 17:00:00+00:00,3.1033,214269.6067,3.105,2767872.0
2025-09-18 18:00:00+00:00,3.183,303932.5678,3.184,3109339.0
2025-09-18 19:00:00+00:00,3.2021,226678.05140281,3.204,4986567.0
2025-09-18 20:00:00+00:00,3.2068,334234.9884,3.208,4337695.0
2025-09-18 21:00:00+00:00,3.1811,149752.8305,3.181,2536666.0
2025-09-18 22:00:00+00:00,3.1634,102149.6112,3.165,1552226.0
2025-09-18 23:00:00+00:00,3.1761,249439.3357,3.177,4419654.0
2025-09-19 00:00:00+00:00,3.2404,224096.01117986,3.243,2990428.0
2025-09-19 01:00:00+00:00,3.2256,113655.2757,3.226,1355760.0
2025-09-19 02:00:00+00:00,3.2395,95817.1414,3.239,1415501.0
2025-09-19 03:00:00+00:00,3.195,133649.5671,3.195,2091164.0
2025-09-19 04:00:00+00:00,3.2247,132652.6856,3.223,2147243.0
2025-09-19 05:00:00+00:00,3.2274,110523.4217,3.228,2130636.0
2025-09-19 06:00:00+00:00,3.1994,81488.1454,3.2,984887.0
2025-09-19 07:00:00+00:00,3.2077,80042.5046,3.208,754316.0
2025-09-19 08:00:00+00:00,3.2724,216387.9362,3.271,1821206.0
2025-09-19 09:00:00+00:00,3.2671,268228.3221,3.267,4778770.0
2025-09-19 10:00:00+00:00,3.2429,95030.62456,3.244,1905532.0
2025-09-19 11:00:00+00:00,3.1609,137712.5275,3.162,2367896.0
2025-09-19 12:00:00+00:00,3.1701,114742.6475,3.173,2113101.0
2025-09-19 13:00:00+00:00,3.1736,145846.6869,3.175,2521810.0
2025-09-19 14:00:00+00:00,3.1627,211672.8469,3.162,2158434.0
2025-09-19 15:00:00+00:00,3.1464,188267.39452641,3.147,1806005.0
2025-09-19 16:00:00+00:00,3.1608,82777.1956,3.159,1349266.0
2025-09-19 17:00:00+00:00,3.1041,74944.4255,3.103,1532052.0
2025-09-19 18:00:00+00:00,3.1092,49269.9811,3.108,927429.0
2025-09-19 19:00:00+00:00,3.1198,33965.5683,3.118,582183.0
2025-09-19 20:00:00+00:00,3.14,108880.9224,3.139,1278930.0
2025-09-19 21:00:00+00:00,3.1685,57070.238,3.168,1230932.0
2025-09-19 22:00:00+00:00,3.1589,51177.8562,3.158,676071.0
2025-09-19 23:00:00+00:00,3.1222,42648.0331,3.121,739301.0
2025-09-20 00:00:00+00:00,3.1479,117538.6485,3.147,1063183.0
2025-09-20 01:00:00+00:00,3.1143,176801.6444,3.115,3133206.0
2025-09-20 02:00:00+00:00,3.0949,76363.672,3.096,984069.0
2025-09-20 03:00:00+00:00,3.101,34450.3686,3.1,423682.0
2025-09-20 04:00:00+00:00,3.1077,92080.691,3.108,1411096.0
2025-09-20 05:00:00+00:00,3.1384,60332.64662163,3.138,445917.0
2025-09-20 06:00:00+00:00,3.1235,45733.471,3.122,284781.0
2025-09-20 07:00:00+00:00,3.1384,61945.3276,3.138,311008.0
2025-09-20 08:00:00+00:00,3.1104,56000.2492,3.109,380719.0
2025-09-20 09:00:00+00:00,3.1147,44730.2978,3.114,205516.0
2025-09-20 10:00:00+00:00,3.0817,52905.225,3.082,437342.0
2025-09-20 11:00:00+00:00,3.0817,54511.4899,3.081,655011.0
2025-09-20 12:00:00+00:00,3.0936,45525.3954,3.093,392979.0
2025-09-20 13:00:00+00:00,3.1136,56821.3647,3.111,372596.0
2025-09-20 14:00:00+00:00,3.1772,100532.11555989,3.176,930802.0
2025-09-20 15:00:00+00:00,3.1756,156662.9693,3.175,2836780.0
2025-09-20 16:00:00+00:00,3.2005,108336.0956,3.202,2079874.0
2025-09-20 17:00:00+00:00,3.1802,107399.4782,3.18,680825.0
2025-09-20 18:00:00+00:00,3.1598,95877.1037,3.159,1270354.0
2025-09-20 19:00:00+00:00,3.1611,63921.808,3.161,314276.0
2025-09-20 20:00:00+00:00,3.1945,61025.1827,3.194,629998.0
2025-09-20 21:00:00+00:00,3.17,48983.2249,3.171,665587.0
2025-09-20 22:00:00+00:00,3.1659,61545.4735,3.165,283935.0
2025-09-20 23:00:00+00:00,3.156,36515.9261,3.157,273649.0
2025-09-21 00:00:00+00:00,3.1408,42217.518,3.14,550477.0
2025-09-21 01:00:00+00:00,3.1129,52931.7973,3.113,582404.0
2025-09-21 02:00:00+00:00,3.128,62455.1488,3.128,286096.0
2025-09-21 03:00:00+00:00,3.1231,43284.2929,3.123,160857.0
2025-09-21 04:00:00+00:00,3.1135,38730.8709,3.112,100377.0
2025-09-21 05:00:00+00:00,3.1272,33656.6346,3.127,233138.0
2025-09-21 06:00:00+00:00,3.1307,46571.9063,3.136,292277.0
2025-09-21 07:00:00+00:00,3.1388,51132.5206,3.139,388467.0
2025-09-21 08:00:00+00:00,3.1304,65379.0032,3.131,452159.0
2025-09-21 09:00:00+00:00,3.1253,69911.4721,3.125,1224515.0
2025-09-21 10:00:00+00:00,3.0981,68638.6852,3.098,435269.0
2025-09-21 11:00:00+00:00,3.0948,59108.7077,3.095,482469.0
2025-09-21 12:00:00+00:00,3.1106,40809.8091,3.109,299329.0
2025-09-21 13:00:00+00:00,3.1144,50670.1199,3.114,323875.0
2025-09-21 14:00:00+00:00,3.0997,39056.8704,3.1,243458.0
2025-09-21 15:00:00+00:00,3.102,33074.1194,3.1,95053.0
2025-09-21 16:00:00+00:00,3.0846,46164.1725,3.084,396171.0
2025-09-21 17:00:00+00:00,3.1175,63752.2751,3.118,752627.0
2025-09-21 18:00:00+00:00,3.1445,94925.3838,3.144,1731850.0
2025-09-21 19:00:00+00:00,3.1563,49252.6921,3.156,675543.0
2025-09-21 20:00:00+00:00,3.1331,67117.3247,3.134,707856.0
2025-09-21 21:00:00+00:00,3.1337,50062.4263,3.134,1043982.0
2025-09-21 22:00:00+00:00,3.1565,46741.1577,3.156,576194.0
2025-09-21 23:00:00+00:00,3.1292,43370.7595,3.129,943437.0
2025-09-22 00:00:00+00:00,3.0433,223675.9095,3.043,5165209.0
2025-09-22 01:00:00+00:00,3.0434,142952.4131,3.043,2248786.0
2025-09-22 02:00:00+00:00,2.9607,174884.7888,2.961,2856537.0
2025-09-22 03:00:00+00:00,2.9855,80253.9619,2.988,868913.0
2025-09-22 04:00:00+00:00,2.9641,46613.7729,2.965,892018.0
2025-09-22 05:00:00+00:00,2.896,130534.2173,2.894,1801539.0
2025-09-22 06:00:00+00:00,2.878,466803.0371,2.877,11719934.0
2025-09-22 07:00:00+00:00,2.8438,138366.767,2.845,2446180.0
2025-09-22 08:00:00+00:00,2.845,90391.0774,2.845,1146579.0
2025-09-22 09:00:00+00:00,2.8385,105199.2661,2.838,971286.0
2025-09-22 10:00:00+00:00,2.9058,150068.7887,2.906,1630206.0
2025-09-22 11:00:00+00:00,2.8762,68760.038,2.876,829949.0
2025-09-22 12:00:00+00:00,2.8927,131575.8226,2.893,1524524.0
2025-09-22 13:00:00+00:00,2.9375,130199.9594,2.936,1091873.0
2025-09-22 14:00:00+00:00,2.9094,151126.7731,2.908,1283531.0
2025-09-22 15:00:00+00:00,2.8916,153779.6992,2.892,1055517.0
2025-09-22 16:00:00+00:00,2.8767,93643.5693,2.877,790836.0
2025-09-22 17:00:00+00:00,2.8762,77364.9581,2.876,1097627.0
2025-09-22 18:00:00+00:00,2.8689,75872.1718,2.868,1020588.0
2025-09-22 19:00:00+00:00,2.8573,84638.251,2.855,779377.0
2025-09-22 20:00:00+00:00,2.9152,92310.6562,2.914,954145.0
2025-09-22 21:00:00+00:00,2.9706,95603.4114,2.97,1392505.0
2025-09-22 22:00:00+00:00,2.9829,59791.7996,2.983,505823.0
2025-09-22 23:00:00+00:00,2.9628,62467.2435,2.963,797945.0
2025-09-23 00:00:00+00:00,2.9674,131556.0804,2.968,1449089.0
2025-09-23 01:00:00+00:00,2.8965,86670.6334,2.897,1447837.0
2025-09-23 02:00:00+00:00,2.8667,84141.1345,2.868,1183820.0
2025-09-23 03:00:00+00:00,2.9486,171795.9102,2.951,1990049.0
2025-09-23 04:00:00+00:00,2.8965,136663.5971,2.897,1646947.0
2025-09-23 05:00:00+00:00,2.9251,111015.5647,2.925,1239403.0
2025-09-23 06:00:00+00:00,3.0839,212957.0312,3.082,2653787.0
2025-09-23 07:00:00+00:00,3.0887,164498.7268,3.087,2436777.0
2025-09-23 08:00:00+00:00,3.0995,125241.1713,3.099,1499486.0
2025-09-23 09:00:00+00:00,3.0361,102068.4912,3.034,1750730.0
2025-09-23 10:00:00+00:00,3.0439,105382.6399,3.044,1240379.0
2025-09-23 11:00:00+00:00,3.0123,102378.3041,3.011,683193.0
2025-09-23 12:00:00+00:00,3.0435,118082.966,3.043,1637825.0
2025-09-23 13:00:00+00:00,3.0128,92655.4243,3.014,1227851.0
2025-09-23 14:00:00+00:00,3.0241,124266.6492,3.024,1694933.0
2025-09-23 15:00:00+00:00,3.0471,107049.1559,3.046,1324039.0
2025-09-23 16:00:00+00:00,3.0345,134231.5256,3.035,1215809.0
2025-09-23 17:00:00+00:00,3.008,104101.5609,3.008,1378132.0
2025-09-23 18:00:00+00:00,2.9679,89904.3269,2.967,1334690.0
2025-09-23 19:00:00+00:00,2.9395,82373.6381,2.939,957512.0
2025-09-23 20:00:00+00:00,2.963,70951.7052,2.964,771414.0
2025-09-23 21:00:00+00:00,2.992,63729.6892,2.991,559785.0
2025-09-23 22:00:00+00:00,2.9455,70821.5522,2.949,751906.0
2025-09-23 23:00:00+00:00,2.9189,82252.1595,2.918,1731609.0
2025-09-24 00:00:00+00:00,2.9755,102506.962,2.975,1179151.0
2025-09-24 01:00:00+00:00,2.9886,103197.5644,2.988,530635.0
2025-09-24 02:00:00+00:00,2.9571,120682.4507,2.957,643784.0
2025-09-24 03:00:00+00:00,2.9086,88644.4365,2.908,1617521.0
2025-09-24 04:00:00+00:00,2.9303,122443.9652,2.931,2843276.0
2025-09-24 05:00:00+00:00,3.0104,82426.5688,3.011,1079584.0
2025-09-24 06:00:00+00:00,3.0152,93368.5251,3.018,890478.0
2025-09-24 07:00:00+00:00,2.9903,96867.6447,2.989,792963.0
2025-09-24 08:00:00+00:00,3.0157,103812.853,3.015,1216999.0
2025-09-24 09:00:00+00:00,3.0366,105983.3067,3.036,1064113.0
2025-09-24 10:00:00+00:00,3.026,152962.0552,3.025,1061493.0
2025-09-24 11:00:00+00:00,3.0262,85178.0469,3.026,1021078.0
2025-09-24 12:00:00+00:00,3.0166,82978.1837,3.015,558593.0
2025-09-24 13:00:00+00:00,3.0395,139454.8287,3.039,2268601.0
2025-09-24 14:00:00+00:00,3.0569,118305.101,3.059,1241011.0
2025-09-24 15:00:00+00:00,3.073,105612.4694,3.072,1773124.0
2025-09-24 16:00:00+00:00,3.1093,113436.5705,3.108,1335921.0
2025-09-24 17:00:00+00:00,3.0931,68202.469,3.092,570592.0
2025-09-24 18:00:00+00:00,3.0713,75482.3031,3.069,889693.0
2025-09-24 19:00:00+00:00,3.0668,63373.6298,3.065,718739.0
2025-09-24 20:00:00+00:00,3.0501,128221.5793,3.05,1274932.0
2025-09-24 21:00:00+00:00,3.0485,47627.3775,3.048,587898.0
2025-09-24 22:00:00+00:00,3.0404,68502.4771,3.042,542695.0
2025-09-24 23:00:00+00:00,3.0228,82686.7427,3.023,580175.0
2025-09-25 00:00:00+00:00,2.9865,118066.552,2.984,876260.0
2025-09-25 01:00:00+00:00,2.9896,126450.9755239,2.989,785165.0
2025-09-25 02:00:00+00:00,2.983,109288.002,2.983,1201074.0
2025-09-25 03:00:00+00:00,2.9298,110649.6429,2.929,1514517.0
2025-09-25 04:00:00+00:00,2.8843,116431.0696,2.885,2180279.0
2025-09-25 05:00:00+00:00,2.8927,105345.8642,2.891,1840209.0
2025-09-25 06:00:00+00:00,2.8517,100115.6379,2.851,1703226.0
2025-09-25 07:00:00+00:00,2.8631,109087.4548,2.862,1071770.0
2025-09-25 08:00:00+00:00,2.8683,100567.44306281,2.868,690510.0
2025-09-25 09:00:00+00:00,2.8641,246037.1609,2.864,1703911.0
2025-09-25 10:00:00+00:00,2.8602,100151.1512,2.859,713945.0
2025-09-25 11:00:00+00:00,2.8347,154976.7294,2.835,2390438.0
2025-09-25 12:00:00+00:00,2.8529,223217.3375,2.853,3568124.0
2025-09-25 13:00:00+00:00,2.8687,163440.4156,2.87,2477895.0
2025-09-25 14:00:00+00:00,2.8906,125423.9879,2.892,1789488.0
2025-09-25 15:00:00+00:00,2.8662,88099.2429,2.867,911517.0
2025-09-25 16:00:00+00:00,2.8106,126380.0172,2.812,1984354.0
2025-09-25 17:00:00+00:00,2.7836,201591.56526503,2.785,2771292.0
2025-09-25 18:00:00+00:00,2.8453,183126.9613,2.846,1900068.0
2025-09-25 19:00:00+00:00,2.815,123635.9256,2.815,1880048.0
2025-09-25 20:00:00+00:00,2.7648,135652.0926,2.765,2606093.0
2025-09-25 21:00:00+00:00,2.7638,87708.1411,2.765,2314954.0
2025-09-25 22:00:00+00:00,2.7653,84009.3707,2.765,1186261.0
2025-09-25 23:00:00+00:00,2.7276,151329.6278,2.728,2150868.0
2025-09-26 00:00:00+00:00,2.7418,131514.8136,2.742,2792623.0
2025-09-26 01:00:00+00:00,2.7471,96199.5749,2.746,1232784.0
2025-09-26 02:00:00+00:00,2.7479,84667.3216,2.746,1000638.0
2025-09-26 03:00:00+00:00,2.7581,83330.8477,2.758,1112694.0
2025-09-26 04:00:00+00:00,2.7143,133817.23350488,2.714,1485088.0
2025-09-26 05:00:00+00:00,2.6845,95988.3782,2.685,1646139.0
2025-09-26 06:00:00+00:00,2.679,175470.7597,2.679,3314836.0
2025-09-26 07:00:00+00:00,2.6996,110523.9709,2.7,1395482.0
2025-09-26 08:00:00+00:00,2.7114,115854.5931,2.712,1010256.0
2025-09-26 09:00:00+00:00,2.6824,97166.4347,2.682,575537.0
2025-09-26 10:00:00+00:00,2.6652,111361.3364,2.664,1078999.0
2025-09-26 11:00:00+00:00,2.6609,93227.1811,2.661,556697.0
2025-09-26 12:00:00+00:00,2.6889,232812.4317,2.689,2401530.0
2025-09-26 13:00:00+00:00,2.7103,146736.7088,2.709,1502823.0
2025-09-26 14:00:00+00:00,2.6776,111299.4617,2.677,2143957.0
2025-09-26 15:00:00+00:00,2.7385,105163.66,2.738,1173044.0
2025-09-26 16:00:00+00:00,2.7609,91171.2465,2.759,1407651.0
2025-09-26 17:00:00+00:00,2.7878,114721.51608396,2.789,1385005.0
2025-09-26 18:00:00+00:00,2.7667,88924.2344,2.767,1115718.0
2025-09-26 19:00:00+00:00,2.7354,129306.5352,2.736,1622983.0
2025-09-26 20:00:00+00:00,2.7492,84969.6018,2.749,616219.0
2025-09-26 21:00:00+00:00,2.774,67926.2508,2.772,933020.0
2025-09-26 22:00:00+00:00,2.7753,61935.1282,2.774,617309.0
2025-09-26 23:00:00+00:00,2.7775,47072.62370943,2.778,960636.0
2025-09-27 00:00:00+00:00,2.776,64383.2147,2.777,231050.0
2025-09-27 01:00:00+00:00,2.7504,59239.4595,2.753,208445.0
2025-09-27 02:00:00+00:00,2.7563,54523.5004,2.756,523334.0
2025-09-27 03:00:00+00:00,2.747,86525.5003,2.747,294629.0
2025-09-27 04:00:00+00:00,2.7458,59851.3095,2.745,387950.0
2025-09-27 05:00:00+00:00,2.7344,62120.1987,2.735,1009343.0
2025-09-27 06:00:00+00:00,2.727,50257.7571,2.727,437618.0
2025-09-27 07:00:00+00:00,2.7145,64707.0185,2.715,423710.0
2025-09-27 08:00:00+00:00,2.6961,64657.4236,2.695,1506952.0
2025-09-27 09:00:00+00:00,2.706,73044.0708,2.706,1029397.0
2025-09-27 10:00:00+00:00,2.7042,54068.9609,2.704,763632.0
2025-09-27 11:00:00+00:00,2.7068,51828.8173,2.707,304376.0
2025-09-27 12:00:00+00:00,2.7208,84582.9629,2.719,742483.0
2025-09-27 13:00:00+00:00,2.7191,67779.7673,2.719,549714.0
2025-09-27 14:00:00+00:00,2.7195,34359.6464,2.72,392431.0
2025-09-27 15:00:00+00:00,2.7404,45871.3107,2.739,369747.0
2025-09-27 16:00:00+00:00,2.7104,39004.6669,2.71,389006.0
2025-09-27 17:00:00+00:00,2.7076,66505.6667,2.708,1321054.0
2025-09-27 18:00:00+00:00,2.7083,43912.1897,2.709,475337.0
2025-09-27 19:00:00+00:00,2.7144,47057.4535,2.714,380537.0
2025-09-27 20:00:00+00:00,2.7086,45283.871,2.709,654625.0
2025-09-27 21:00:00+00:00,2.7231,47116.4061,2.724,599991.0
2025-09-27 22:00:00+00:00,2.7385,70435.9112,2.737,1152912.0
2025-09-27 23:00:00+00:00,2.728,58356.0851,2.728,837886.0
2025-09-28 00:00:00+00:00,2.7094,81849.6738,2.708,675505.0
2025-09-28 01:00:00+00:00,2.6888,76904.81985002,2.688,1244220.0
2025-09-28 02:00:00+00:00,2.6875,59543.8027,2.687,830451.0
2025-09-28 03:00:00+00:00,2.6907,53047.9054,2.69,789393.0
2025-09-28 04:00:00+00:00,2.6939,51380.9341,2.692,796038.0
2025-09-28 05:00:00+00:00,2.6824,48195.732,2.682,1000515.0
2025-09-28 06:00:00+00:00,2.6741,71564.1398,2.673,915694.0
2025-09-28 07:00:00+00:00,2.6821,48388.4313,2.681,413149.0
2025-09-28 08:00:00+00:00,2.6812,63609.9813,2.681,436551.0
2025-09-28 09:00:00+00:00,2.6687,64183.551,2.668,861638.0
2025-09-28 10:00:00+00:00,2.6726,57624.8218,2.673,573972.0
2025-09-28 11:00:00+00:00,2.673,56461.5592,2.673,299209.0
2025-09-28 12:00:00+00:00,2.66,81614.9323,2.659,583035.0
2025-09-28 13:00:00+00:00,2.7042,109634.0952,2.704,846741.0
2025-09-28 14:00:00+00:00,2.7006,47782.442,2.703,898238.0
2025-09-28 15:00:00+00:00,2.698,121966.9182,2.699,631638.0
2025-09-28 16:00:00+00:00,2.7095,803180.3653,2.71,2241261.0
2025-09-28 17:00:00+00:00,2.7149,78534.4666,2.715,579869.0
2025-09-28 18:00:00+00:00,2.7232,31947.1528,2.721,204345.0
2025-09-28 19:00:00+00:00,2.7182,34216.5484,2.717,562005.0
2025-09-28 20:00:00+00:00,2.729,54425.2301,2.729,801211.0
2025-09-28 21:00:00+00:00,2.7419,30406.7737,2.741,605057.0
2025-09-28 22:00:00+00:00,2.8099,70701.2301,2.809,1942914.0
2025-09-28 23:00:00+00:00,2.8001,40342.35093924,2.8,630477.0
2025-09-29 00:00:00+00:00,2.8103,63532.5783,2.809,1254387.0
2025-09-29 01:00:00+00:00,2.8097,57799.3976,2.81,650918.0
2025-09-29 02:00:00+00:00,2.8242,75013.9114,2.825,886415.0
2025-09-29 03:00:00+00:00,2.8093,57569.5687,2.808,935846.0
2025-09-29 04:00:00+00:00,2.7891,73076.10683924,2.788,1540984.0
2025-09-29 05:00:00+00:00,2.7663,98833.064,2.766,1441345.0
2025-09-29 06:00:00+00:00,2.7473,98328.852,2.746,986435.0
2025-09-29 07:00:00+00:00,2.7584,52698.6512,2.756,422331.0
2025-09-29 08:00:00+00:00,2.794,96833.4602,2.792,829341.0
2025-09-29 09:00:00+00:00,2.7696,44153.4522,2.769,449545.0
2025-09-29 10:00:00+00:00,2.7473,68078.6521,2.746,398394.0
2025-09-29 11:00:00+00:00,2.748,68820.2597,2.747,494972.0
2025-09-29 12:00:00+00:00,2.7183,72140.6858,2.718,945498.0
2025-09-29 13:00:00+00:00,2.7639,146361.8755,2.763,2276976.0
2025-09-29 14:00:00+00:00,2.8139,132308.8172,2.814,1751218.0
2025-09-29 15:00:00+00:00,2.787,94227.3217,2.788,1218708.0
2025-09-29 16:00:00+00:00,2.7498,83165.6117,2.75,1049911.0
2025-09-29 17:00:00+00:00,2.7646,85199.7193,2.769,844869.0
2025-09-29 18:00:00+00:00,2.7474,57551.6898,2.747,345156.0
2025-09-29 19:00:00+00:00,2.7856,77635.4604,2.788,492342.0
2025-09-29 20:00:00+00:00,2.8182,88419.6912,2.816,1393679.0
2025-09-29 21:00:00+00:00,2.8015,56066.2459,2.803,544308.0
2025-09-29 22:00:00+00:00,2.7891,65833.2051,2.788,949031.0
2025-09-29 23:00:00+00:00,2.7751,64625.4512,2.775,966927.0
2025-09-30 00:00:00+00:00,2.753,89017.4169,2.753,2345481.0
2025-09-30 01:00:00+00:00,2.7354,81440.5986,2.737,1465773.0
2025-09-30 02:00:00+00:00,2.7213,64797.9476,2.721,701958.0
2025-09-30 03:00:00+00:00,2.7227,57807.1003,2.722,795280.0
2025-09-30 04:00:00+00:00,2.7137,57202.7156,2.712,990432.0
2025-09-30 05:00:00+00:00,2.7191,64494.6717,2.719,1021808.0
2025-09-30 06:00:00+00:00,2.6906,76004.1317,2.69,1032968.0
2025-09-30 07:00:00+00:00,2.6743,93991.1493,2.673,1138775.0
2025-09-30 08:00:00+00:00,2.6721,58804.444,2.671,765093.0
2025-09-30 09:00:00+00:00,2.6391,73716.0856,2.637,1339299.0
2025-09-30 10:00:00+00:00,2.6372,71436.6412,2.637,1042814.0
2025-09-30 11:00:00+00:00,2.653,99790.8784,2.653,972770.0
2025-09-30 12:00:00+00:00,2.6365,58896.3517,2.635,1706152.0
2025-09-30 13:00:00+00:00,2.6157,93969.9268,2.614,2027682.0
2025-09-30 14:00:00+00:00,2.6021,68081.6485,2.602,2320461.0
2025-09-30 15:00:00+00:00,2.5935,107322.17995392,2.592,1580896.0
2025-09-30 16:00:00+00:00,2.5795,64734.7938,2.578,922167.0
2025-09-30 17:00:00+00:00,2.5733,51781.7707,2.573,1288324.0
2025-09-30 18:00:00+00:00,2.58,64991.8731,2.578,1390549.0
2025-09-30 19:00:00+00:00,2.6267,116647.3899,2.626,1699198.0
2025-09-30 20:00:00+00:00,2.6478,76415.5241,2.647,1513307.0
2025-09-30 21:00:00+00:00,2.6182,56906.4938,2.616,3337703.0
2025-09-30 22:00:00+00:00,2.611,49350.0263,2.61,1175188.0
2025-09-30 23:00:00+00:00,2.6294,49712.5348,2.628,1657930.0
2025-10-01 00:00:00+00:00,2.6367,57534.6428,2.635,969122.0
2025-10-01 01:00:00+00:00,2.6814,87769.3219,2.682,1786831.0
2025-10-01 02:00:00+00:00,2.6444,62062.8764,2.643,2060722.0
2025-10-01 03:00:00+00:00,2.6233,57841.5352,2.623,1711670.0
2025-10-01 04:00:00+00:00,2.6511,72560.3368,2.648,2921646.0
2025-10-01 05:00:00+00:00,2.6538,67355.3599,2.653,525132.0
2025-10-01 06:00:00+00:00,2.6425,80012.0147,2.643,758894.0
2025-10-01 07:00:00+00:00,2.6588,73393.6615,2.662,474505.0
2025-10-01 08:00:00+00:00,2.7773,644707.3749,2.777,6267867.0
2025-10-01 09:00:00+00:00,2.8169,599829.38859577,2.815,3210980.0
2025-10-01 10:00:00+00:00,2.7939,163206.753,2.794,1952316.0
2025-10-01 11:00:00+00:00,2.8057,93047.6614,2.805,1044433.0
2025-10-01 12:00:00+00:00,2.783,78566.3072,2.783,690777.0
2025-10-01 13:00:00+00:00,2.7962,91385.7648,2.796,1561131.0
2025-10-01 14:00:00+00:00,2.8012,85093.9457,2.794,1075341.0
2025-10-01 15:00:00+00:00,2.8448,73568.2918,2.843,2275037.0
2025-10-01 16:00:00+00:00,2.8311,99302.7787,2.832,2991665.0
2025-10-01 17:00:00+00:00,2.8586,106852.6763,2.861,1609236.0
2025-10-01 18:00:00+00:00,2.8271,125078.3451,2.826,2153419.0
2025-10-01 19:00:00+00:00,2.843,78733.1281,2.843,1713586.0
2025-10-01 20:00:00+00:00,2.8283,71289.03903986,2.826,712833.0
2025-10-01 21:00:00+00:00,2.8153,51066.9374,2.814,672685.0
2025-10-01 22:00:00+00:00,2.8129,64165.6017,2.81,388337.0
2025-10-01 23:00:00+00:00,2.8348,53697.464,2.834,597490.0
2025-10-02 00:00:00+00:00,2.8436,63746.2089,2.844,876640.0
2025-10-02 01:00:00+00:00,2.8916,95762.5348,2.891,725193.0
2025-10-02 02:00:00+00:00,2.9121,52149.7491,2.91,641540.0
2025-10-02 03:00:00+00:00,2.9024,47970.0254,2.901,457028.0
2025-10-02 04:00:00+00:00,2.9163,89109.8482,2.915,957197.0
2025-10-02 05:00:00+00:00,2.9168,58896.2783,2.914,572707.0
2025-10-02 06:00:00+00:00,2.9088,98922.6214,2.907,1151193.0
2025-10-02 07:00:00+00:00,2.8807,72280.8122,2.88,402782.0
2025-10-02 08:00:00+00:00,2.8849,39764.3368,2.884,354495.0
2025-10-02 09:00:00+00:00,2.8952,39716.1161,2.894,532080.0
2025-10-02 10:00:00+00:00,2.9124,133837.5029,2.914,1622164.0
2025-10-02 11:00:00+00:00,2.8924,77274.1736,2.892,1051345.0
2025-10-02 12:00:00+00:00,2.904,87746.5958,2.905,1133820.0
2025-10-02 13:00:00+00:00,2.8871,85641.5021,2.888,1516893.0
2025-10-02 14:00:00+00:00,2.8416,92470.6632,2.841,1442420.0
2025-10-02 15:00:00+00:00,2.8831,127437.7148,2.883,1878442.0
2025-10-02 16:00:00+00:00,2.8883,142873.4397,2.888,1768739.0
2025-10-02 17:00:00+00:00,2.9228,117108.5301,2.923,1697197.0
2025-10-02 18:00:00+00:00,2.9438,112123.4053,2.944,1891285.0
2025-10-02 19:00:00+00:00,2.9497,80658.3204,2.95,896746.0
2025-10-02 20:00:00+00:00,2.9676,69577.2971,2.967,2893426.0
2025-10-02 21:00:00+00:00,2.963,154898.1577,2.963,2054653.0
2025-10-02 22:00:00+00:00,2.9697,86172.109,2.969,1212587.0
2025-10-02 23:00:00+00:00,2.9693,95984.2256,2.969,435630.0
2025-10-03 00:00:00+00:00,2.9502,123935.5835,2.948,807915.0
2025-10-03 01:00:00+00:00,2.9093,111278.6612,2.91,1457796.0
2025-10-03 02:00:00+00:00,2.9381,77725.7613,2.937,664076.0
2025-10-03 03:00:00+00:00,2.9216,121391.8355,2.921,1252005.0
2025-10-03 04:00:00+00:00,2.9455,88496.9924,2.945,579755.0
2025-10-03 05:00:00+00:00,2.9193,64182.5637,2.919,435790.0
2025-10-03 06:00:00+00:00,2.929,75316.1834,2.93,430285.0
2025-10-03 07:00:00+00:00,2.9153,103923.87,2.914,913311.0
2025-10-03 08:00:00+00:00,2.9279,80205.1216,2.927,482356.0
2025-10-03 09:00:00+00:00,2.9368,101248.1854,2.935,614781.0
2025-10-03 10:00:00+00:00,2.9388,59255.8377,2.939,309293.0
2025-10-03 11:00:00+00:00,2.9217,83159.7946,2.923,787231.0
2025-10-03 12:00:00+00:00,2.9306,91504.8355,2.934,444811.0
2025-10-03 13:00:00+00:00,2.9408,138330.7568,2.941,1114970.0
2025-10-03 14:00:00+00:00,2.961,152485.0304,2.963,904026.0
2025-10-03 15:00:00+00:00,3.0174,101251.2554,3.018,1786326.0
2025-10-03 16:00:00+00:00,3.0355,280328.44909405,3.036,4244611.0
2025-10-03 17:00:00+00:00,2.9946,275579.4435,2.996,3437212.0
2025-10-03 18:00:00+00:00,3.0441,109188.0391,3.045,909263.0
2025-10-03 19:00:00+00:00,3.0385,96050.9763,3.039,670822.0
2025-10-03 20:00:00+00:00,3.0425,62269.6969,3.043,458608.0
2025-10-03 21:00:00+00:00,3.0505,62426.5642,3.051,920880.0
2025-10-03 22:00:00+00:00,3.0438,57308.3425,3.045,790173.0
2025-10-03 23:00:00+00:00,3.033,67066.3777,3.034,1006129.0
2025-10-04 00:00:00+00:00,3.0223,67192.2925,3.023,1096503.0
2025-10-04 01:00:00+00:00,3.0029,78370.2076,3.003,844568.0
2025-10-04 02:00:00+00:00,2.9954,84093.6298,2.997,1025264.0
2025-10-04 03:00:00+00:00,2.9821,84246.0831,2.983,1031464.0
2025-10-04 04:00:00+00:00,2.9966,105074.3683,2.996,1244817.0
2025-10-04 05:00:00+00:00,3.0086,65319.5778,3.009,1409266.0
2025-10-04 06:00:00+00:00,2.9864,81662.1942,2.986,1137554.0
2025-10-04 07:00:00+00:00,2.9807,75873.5868,2.981,1020613.0
2025-10-04 08:00:00+00:00,2.9624,106559.8661,2.964,950612.0
2025-10-04 09:00:00+00:00,2.9424,69534.7208,2.942,1452450.0
2025-10-04 10:00:00+00:00,2.9306,61882.7575,2.93,851986.0
2025-10-04 11:00:00+00:00,2.9338,52263.7914,2.934,777459.0
2025-10-04 12:00:00+00:00,2.9297,59170.1975,2.93,882542.0
2025-10-04 13:00:00+00:00,2.9513,69260.2336,2.952,1517614.0
2025-10-04 14:00:00+00:00,2.9174,56005.7852,2.918,949627.0
2025-10-04 15:00:00+00:00,2.8924,108405.0862,2.891,1717015.0
2025-10-04 16:00:00+00:00,2.9054,95198.9461,2.906,1007902.0
2025-10-04 17:00:00+00:00,2.9059,70540.5292,2.905,863552.0
2025-10-04 18:00:00+00:00,2.8976,69227.0794,2.898,718739.0
2025-10-04 19:00:00+00:00,2.9179,59246.2835,2.917,625108.0
2025-10-04 20:00:00+00:00,2.9229,59572.3538,2.922,1105306.0
2025-10-04 21:00:00+00:00,2.9281,56192.0706,2.928,1038500.0
2025-10-04 22:00:00+00:00,2.9483,55606.9146,2.949,1139045.0
2025-10-04 23:00:00+00:00,2.9616,74552.07757442,2.962,877206.0
2025-10-05 00:00:00+00:00,2.9348,104754.86,2.933,1800661.0
2025-10-05 01:00:00+00:00,2.9502,45169.2562,2.95,198615.0
2025-10-05 02:00:00+00:00,3.0449,184069.37006543,3.048,3845826.0
2025-10-05 03:00:00+00:00,3.0098,113935.4805,3.01,902398.0
2025-10-05 04:00:00+00:00,3.066,158338.5061,3.064,1794651.0
2025-10-05 05:00:00+00:00,3.0856,142278.396,3.086,994249.0
2025-10-05 06:00:00+00:00,3.1051,134863.967,3.106,1104452.0
2025-10-05 07:00:00+00:00,3.1603,194810.0595,3.162,2437890.0
2025-10-05 08:00:00+00:00,3.1553,129673.6588,3.157,1278547.0
2025-10-05 09:00:00+00:00,3.1105,186064.8126,3.112,3285501.0
2025-10-05 10:00:00+00:00,3.0708,157702.4582,3.071,1889127.0
2025-10-05 11:00:00+00:00,3.0633,94840.6837,3.065,929266.0
2025-10-05 12:00:00+00:00,3.0218,147493.1844,3.023,1632968.0
2025-10-05 13:00:00+00:00,3.0383,86380.2615,3.038,629384.0
2025-10-05 14:00:00+00:00,3.0236,88456.3185,3.023,1116710.0
2025-10-05 15:00:00+00:00,3.032,77792.8276,3.032,682704.0
2025-10-05 16:00:00+00:00,3.0143,134184.6247,3.015,1186676.0
2025-10-05 17:00:00+00:00,2.9785,88394.3546,2.978,734445.0
2025-10-05 18:00:00+00:00,2.9798,147524.8713,2.979,1336828.0
2025-10-05 19:00:00+00:00,2.9496,208109.4702,2.95,844002.0
2025-10-05 20:00:00+00:00,2.9663,156649.0179,2.965,1427833.0
2025-10-05 21:00:00+00:00,2.9582,138909.6595,2.96,960716.0
2025-10-05 22:00:00+00:00,2.9655,86103.4535,2.966,1414654.0
2025-10-05 23:00:00+00:00,2.9576,75538.8919,2.958,851957.0
2025-10-06 00:00:00+00:00,2.9505,120838.4471,2.949,1699193.0
2025-10-06 01:00:00+00:00,2.9724,150269.286,2.973,994755.0
2025-10-06 02:00:00+00:00,2.9768,89189.2599,2.977,1056840.0
2025-10-06 03:00:00+00:00,2.9687,61282.7673,2.967,851968.0
2025-10-06 04:00:00+00:00,2.9437,83885.7758,2.942,854702.0
2025-10-06 05:00:00+00:00,2.9511,79642.308,2.951,882367.0
2025-10-06 06:00:00+00:00,2.9642,134662.7935,2.962,1014556.0
2025-10-06 07:00:00+00:00,2.9539,72974.4403,2.953,781628.0
2025-10-06 08:00:00+00:00,2.9518,61164.7596,2.951,817291.0
2025-10-06 09:00:00+00:00,2.9615,64687.042,2.962,1191880.0
2025-10-06 10:00:00+00:00,2.9718,111191.3205,2.972,849921.0
2025-10-06 11:00:00+00:00,2.9809,99844.7778,2.982,1191618.0
2025-10-06 12:00:00+00:00,3.0068,138483.6483,3.007,1965620.0
2025-10-06 13:00:00+00:00,3.0248,146333.7041,3.024,4979223.0
2025-10-06 14:00:00+00:00,3.0266,160946.1896,3.026,4174410.0
2025-10-06 15:00:00+00:00,3.0616,153815.8866,3.064,1767078.0
2025-10-06 16:00:00+00:00,3.0582,100023.4749,3.059,1824020.0
2025-10-06 17:00:00+00:00,3.0716,122702.6163,3.072,1503551.0
2025-10-06 18:00:00+00:00,3.0779,125651.9548,3.08,1014010.0
2025-10-06 19:00:00+00:00,3.0746,88547.6355,3.076,964113.0
2025-10-06 20:00:00+00:00,3.0655,144273.2991,3.069,1232394.0
2025-10-06 21:00:00+00:00,3.0666,79553.6607,3.068,1074682.0
2025-10-06 22:00:00+00:00,3.0577,76231.3529,3.059,432291.0
2025-10-06 23:00:00+00:00,3.0493,69059.7581,3.051,505784.0
2025-10-07 00:00:00+00:00,3.0656,75213.6203,3.066,400050.0
2025-10-07 01:00:00+00:00,3.0655,64560.638,3.066,434137.0
2025-10-07 02:00:00+00:00,3.0498,49877.6266,3.051,286552.0
2025-10-07 03:00:00+00:00,3.0215,83171.2797,3.021,680473.0
2025-10-07 04:00:00+00:00,3.0492,133651.6029,3.049,1245634.0
2025-10-07 05:00:00+00:00,3.0423,86675.5696,3.044,350553.0
2025-10-07 06:00:00+00:00,2.9821,108468.7729,2.981,1166613.0
2025-10-07 07:00:00+00:00,2.9985,208538.3472,2.999,2588868.0
2025-10-07 08:00:00+00:00,2.9929,125052.2025,2.994,1347057.0
2025-10-07 09:00:00+00:00,2.9948,174961.2494,2.997,579440.0
2025-10-07 10:00:00+00:00,3.0111,97626.311,3.01,1024974.0
2025-10-07 11:00:00+00:00,3.0197,67915.5154,3.02,731523.0
2025-10-07 12:00:00+00:00,3.0579,202541.3444,3.057,965548.0
2025-10-07 13:00:00+00:00,3.02,430337.4575,3.022,3604936.0
2025-10-07 14:00:00+00:00,2.9388,267533.4494,2.939,3078820.0
2025-10-07 15:00:00+00:00,2.9212,299223.4898,2.923,4240648.0
2025-10-07 16:00:00+00:00,2.9464,191189.7838,2.947,2290483.0
2025-10-07 17:00:00+00:00,2.9259,134525.8505,2.925,620736.0
2025-10-07 18:00:00+00:00,2.9153,101687.2341,2.916,591362.0
2025-10-07 19:00:00+00:00,2.9189,126030.7386,2.92,880308.0
2025-10-07 20:00:00+00:00,2.9738,110459.5152,2.974,555417.0
2025-10-07 21:00:00+00:00,2.9518,116024.837,2.953,690841.0
2025-10-07 22:00:00+00:00,2.9554,88019.197,2.956,774720.0
2025-10-07 23:00:00+00:00,2.9486,136530.0782,2.949,1875271.0
2025-10-08 00:00:00+00:00,2.9908,82177.4836,2.991,1403013.0
2025-10-08 01:00:00+00:00,3.0032,89408.1591,3.003,1180772.0
2025-10-08 02:00:00+00:00,2.9781,83113.2766,2.977,1513603.0
2025-10-08 03:00:00+00:00,2.9265,87851.8029,2.926,1844864.0
2025-10-08 04:00:00+00:00,2.9536,85873.8679,2.953,1423625.0
2025-10-08 05:00:00+00:00,2.9198,102630.8394,2.92,1618788.0
2025-10-08 06:00:00+00:00,2.9239,113768.5098,2.924,1171029.0
2025-10-08 07:00:00+00:00,2.9557,68487.2541,2.956,860146.0
2025-10-08 08:00:00+00:00,2.9688,109887.4854,2.969,1408747.0
2025-10-08 09:00:00+00:00,2.9552,101887.4821,2.955,1097797.0
2025-10-08 10:00:00+00:00,2.9603,111602.5724,2.96,913098.0
2025-10-08 11:00:00+00:00,2.9365,90348.9455,2.936,902393.0
2025-10-08 12:00:00+00:00,2.9507,121343.7585,2.951,1390877.0
2025-10-08 13:00:00+00:00,2.9448,134348.6285,2.946,1435793.0
2025-10-08 14:00:00+00:00,2.9101,151332.5737,2.911,2748796.0
2025-10-08 15:00:00+00:00,2.9129,104810.9276,2.913,1848745.0
2025-10-08 16:00:00+00:00,2.9497,118291.9517,2.95,1583211.0
2025-10-08 17:00:00+00:00,3.0091,159317.71601131,3.009,3444808.0
2025-10-08 18:00:00+00:00,3.0012,176208.0579,3.002,3653106.0
2025-10-08 19:00:00+00:00,2.9962,95927.1055,2.997,1403453.0
2025-10-08 20:00:00+00:00,2.974,86428.069,2.975,850939.0
2025-10-08 21:00:00+00:00,2.9852,69767.8052,2.986,854732.0
2025-10-08 22:00:00+00:00,2.9661,64571.8419,2.965,1230068.0
2025-10-08 23:00:00+00:00,2.9648,68119.0433,2.964,644380.0
2025-10-09 00:00:00+00:00,2.9242,96304.3133,2.924,817242.0
2025-10-09 01:00:00+00:00,2.9357,99514.1427,2.936,796197.0
2025-10-09 02:00:00+00:00,2.8857,187680.4534,2.883,2144707.0
2025-10-09 03:00:00+00:00,2.9261,71453.0067,2.925,1133944.0
2025-10-09 04:00:00+00:00,2.9377,63636.2287,2.936,513818.0
2025-10-09 05:00:00+00:00,2.9241,85643.4438,2.923,1406059.0
2025-10-09 06:00:00+00:00,2.9001,76961.04243737,2.9,674617.0
2025-10-09 07:00:00+00:00,2.884,84567.0883,2.883,713809.0
2025-10-09 08:00:00+00:00,2.8408,146058.0633,2.839,2300456.0
2025-10-09 09:00:00+00:00,2.8532,168842.41233824,2.853,916575.0
2025-10-09 10:00:00+00:00,2.8607,146541.8772,2.859,808358.0
2025-10-09 11:00:00+00:00,2.8774,79280.0217,2.876,470639.0
2025-10-09 12:00:00+00:00,2.9256,125662.3731,2.925,814257.0
2025-10-09 13:00:00+00:00,2.8577,93889.6824,2.855,870724.0
2025-10-09 14:00:00+00:00,2.8565,148838.5208,2.856,1427342.0
2025-10-09 15:00:00+00:00,2.8415,83979.4517,2.84,699513.0
2025-10-09 16:00:00+00:00,2.8213,66344.5228,2.82,1714333.0
2025-10-09 17:00:00+00:00,2.8648,60869.4116,2.864,1322109.0
2025-10-09 18:00:00+00:00,2.8493,40490.8917,2.848,753064.0
2025-10-09 19:00:00+00:00,2.8642,36114.409,2.863,533221.0
2025-10-09 20:00:00+00:00,2.8553,54482.4763,2.854,453745.0
2025-10-09 21:00:00+00:00,2.8739,41885.0323,2.87,571110.0
2025-10-09 22:00:00+00:00,2.897,97102.3535,2.899,1425934.0
2025-10-09 23:00:00+00:00,2.881,44122.9239,2.881,1410813.0
2025-10-10 00:00:00+00:00,2.8809,61479.5903,2.882,1531662.0
2025-10-10 01:00:00+00:00,2.8939,53579.0656,2.894,1185565.0
2025-10-10 02:00:00+00:00,2.8977,61744.5977,2.898,865636.0
2025-10-10 03:00:00+00:00,2.9648,85756.0549,2.964,2143997.0
2025-10-10 04:00:00+00:00,2.9891,94799.5779428,2.99,1398129.0
2025-10-10 05:00:00+00:00,3.0791,275621.2317,3.076,5078992.0
2025-10-10 06:00:00+00:00,3.0321,252647.0687,3.033,3714342.0
2025-10-10 07:00:00+00:00,2.9822,106017.8543,2.982,1829565.0
2025-10-10 08:00:00+00:00,3.0248,87747.2413,3.026,1289240.0
2025-10-10 09:00:00+00:00,3.0373,234906.103,3.037,2778059.0
2025-10-10 10:00:00+00:00,3.1283,117171.356,3.128,1476933.0
2025-10-10 11:00:00+00:00,3.1549,157811.33,3.157,2349980.0
2025-10-10 12:00:00+00:00,3.1827,259063.7921,3.183,3127215.0
2025-10-10 13:00:00+00:00,3.1764,186546.2297,3.178,1673745.0
2025-10-10 14:00:00+00:00,3.1408,253362.4474,3.139,4053965.0
2025-10-10 15:00:00+00:00,3.0502,438969.5102,3.05,12398325.0
2025-10-10 16:00:00+00:00,3.0537,266118.7033,3.049,5189530.0
2025-10-10 17:00:00+00:00,3.002,196030.1086,3.002,3543484.0
2025-10-10 18:00:00+00:00,2.9895,160694.4578,2.989,2060424.0
2025-10-10 19:00:00+00:00,2.9662,218668.50849445,2.967,3151884.0
2025-10-10 20:00:00+00:00,2.7865,509625.3275,2.785,8519278.0
2025-10-10 21:00:00+00:00,2.3667,1522609.5615,2.363,22400158.0
2025-10-10 22:00:00+00:00,2.4007,729998.6046,2.398,7823229.0
2025-10-10 23:00:00+00:00,2.3778,448014.4755,2.377,5829191.0
2025-10-11 00:00:00+00:00,2.4161,205416.2633,2.414,2873103.0
2025-10-11 01:00:00+00:00,2.3538,217463.8459,2.352,1486491.0
2025-10-11 02:00:00+00:00,2.4804,174543.3224,2.479,2447296.0
2025-10-11 03:00:00+00:00,2.4048,140860.899,2.404,1351982.0
2025-10-11 04:00:00+00:00,2.4543,120431.2245,2.451,1086525.0
2025-10-11 05:00:00+00:00,2.4106,116083.9426,2.409,867425.0
2025-10-11 06:00:00+00:00,2.4213,122967.7204,2.42,1029085.0
2025-10-11 07:00:00+00:00,2.4592,172404.8962,2.457,1311459.0
2025-10-11 08:00:00+00:00,2.5506,178179.4897,2.55,1074498.0
2025-10-11 09:00:00+00:00,2.5026,150042.1693,2.502,1459977.0
2025-10-11 10:00:00+00:00,2.496,106574.0605,2.493,1086393.0
2025-10-11 11:00:00+00:00,2.48,126593.2862,2.478,1000452.0
2025-10-11 12:00:00+00:00,2.4254,154366.1804,2.425,1783888.0
2025-10-11 13:00:00+00:00,2.4106,203467.7688,2.409,1649112.0
2025-10-11 14:00:00+00:00,2.4004,188098.2943,2.4,1144844.0
2025-10-11 15:00:00+00:00,2.3942,175403.1259,2.393,1665659.0
2025-10-11 16:00:00+00:00,2.3646,156808.2265,2.364,2850359.0
2025-10-11 17:00:00+00:00,2.3854,221082.8837,2.387,1112662.0
2025-10-11 18:00:00+00:00,2.3421,189979.38071548,2.343,1273403.0
2025-10-11 19:00:00+00:00,2.2769,353254.6960173,2.277,3567412.0
2025-10-11 20:00:00+00:00,2.2309,313687.0936,2.23,2917010.0
2025-10-11 21:00:00+00:00,2.2864,207216.45040062,2.285,2365382.0
2025-10-11 22:00:00+00:00,2.2979,107146.9552,2.296,1629820.0
2025-10-11 23:00:00+00:00,2.3,113929.3222,2.297,1335274.0
2025-10-12 00:00:00+00:00,2.2473,120016.03,2.246,2320134.0
2025-10-12 01:00:00+00:00,2.2343,140290.8517,2.234,2148713.0
2025-10-12 02:00:00+00:00,2.2397,128751.1658,2.237,1732552.0
2025-10-12 03:00:00+00:00,2.262,148728.6682,2.262,1975477.0
2025-10-12 04:00:00+00:00,2.2976,115790.1307,2.296,1536773.0
2025-10-12 05:00:00+00:00,2.3051,115768.3947,2.303,1079547.0
2025-10-12 06:00:00+00:00,2.3203,108561.3828,2.319,1929181.0
2025-10-12 07:00:00+00:00,2.3239,129277.4059,2.32,1904176.0
2025-10-12 08:00:00+00:00,2.2992,94010.0552,2.299,1336611.0
2025-10-12 09:00:00+00:00,2.3091,158802.1585,2.308,1371603.0
2025-10-12 10:00:00+00:00,2.2915,114006.302,2.291,1387094.0
2025-10-12 11:00:00+00:00,2.2885,113242.8058,2.288,1048297.0
2025-10-12 13:00:00+00:00,2.254,153501.462,2.251,2741254.0
2025-10-12 14:00:00+00:00,2.3242,351757.9498,2.324,8703140.0
2025-10-12 15:00:00+00:00,2.4392,442954.7343,2.431,8453526.0
2025-10-12 16:00:00+00:00,2.4459,334061.4335,2.445,5726842.0
2025-10-12 17:00:00+00:00,2.4822,183449.8529,2.481,2410822.0
2025-10-12 18:00:00+00:00,2.451,186041.8198,2.45,2685587.0
2025-10-12 19:00:00+00:00,2.5068,142359.5961704,2.507,2037102.0
2025-10-12 20:00:00+00:00,2.4891,133759.7266,2.488,2968971.0
2025-10-12 21:00:00+00:00,2.4731,123124.7325,2.472,1831798.0
2025-10-12 22:00:00+00:00,2.4626,111794.4606,2.459,1067160.0
2025-10-12 23:00:00+00:00,2.4568,97447.4128,2.457,882136.0
2025-10-13 00:00:00+00:00,2.4315,128312.9122,2.431,2330775.0
2025-10-13 01:00:00+00:00,2.476,82809.55110242,2.475,822222.0
2025-10-13 02:00:00+00:00,2.4746,114364.6111,2.473,1004822.0
2025-10-13 03:00:00+00:00,2.4411,130897.0333,2.441,1023377.0
2025-10-13 04:00:00+00:00,2.4563,109885.7664,2.455,730082.0
2025-10-13 05:00:00+00:00,2.4432,103640.9461,2.443,553489.0
2025-10-13 06:00:00+00:00,2.484,110410.1948,2.485,1025240.0
2025-10-13 07:00:00+00:00,2.489,131558.4706,2.488,1259811.0
2025-10-13 08:00:00+00:00,2.5368,149550.8813,2.535,1221988.0
2025-10-13 09:00:00+00:00,2.5444,131906.2836,2.545,1317983.0
2025-10-13 10:00:00+00:00,2.531,114378.0089,2.531,2178998.0
2025-10-13 11:00:00+00:00,2.463,320785.6908,2.462,5336849.0
2025-10-13 12:00:00+00:00,2.4858,163975.0025,2.483,2041236.0
2025-10-13 13:00:00+00:00,2.5614,361406.0406,2.565,5164353.0
2025-10-13 14:00:00+00:00,2.5047,206714.8859,2.505,2729316.0
2025-10-13 15:00:00+00:00,2.535,114548.0428,2.538,1743244.0
2025-10-13 16:00:00+00:00,2.5354,155225.3954,2.534,1356647.0
2025-10-13 17:00:00+00:00,2.5943,128218.3952,2.594,1577016.0
2025-10-13 18:00:00+00:00,2.628,182614.8016,2.632,2462003.0
2025-10-13 19:00:00+00:00,2.6536,126817.1333,2.65,1853681.0
2025-10-13 20:00:00+00:00,2.676,99240.5046,2.674,2542583.0
2025-10-13 21:00:00+00:00,2.644,92250.8366,2.643,1020835.0
2025-10-13 22:00:00+00:00,2.6451,72002.5731,2.644,973780.0
2025-10-13 23:00:00+00:00,2.6189,65443.3409,2.617,1156519.0
2025-10-14 00:00:00+00:00,2.614,78573.7161,2.614,1236775.0
2025-10-14 01:00:00+00:00,2.5932,78098.3014,2.592,2109225.0
2025-10-14 02:00:00+00:00,2.554,104860.5262,2.554,2663358.0
2025-10-14 03:00:00+00:00,2.5562,111844.4606,2.554,2758230.0
2025-10-14 04:00:00+00:00,2.5125,129081.8561,2.515,2685452.0
2025-10-14 05:00:00+00:00,2.4791,126256.8551,2.479,2017406.0
2025-10-14 06:00:00+00:00,2.4242,213466.4664,2.422,5857450.0
2025-10-14 07:00:00+00:00,2.4092,168273.4262,2.409,1628225.0
2025-10-14 08:00:00+00:00,2.4311,99440.5155,2.431,3188420.0
2025-10-14 09:00:00+00:00,2.4367,161696.3598,2.433,1267059.0
2025-10-14 10:00:00+00:00,2.3953,146273.5868,2.393,2801810.0
2025-10-14 11:00:00+00:00,2.4029,107247.2147,2.403,1201015.0
2025-10-14 12:00:00+00:00,2.3704,109118.318,2.371,1090472.0
2025-10-14 13:00:00+00:00,2.3846,110532.2637,2.382,3141428.0
2025-10-14 14:00:00+00:00,2.397,116804.948,2.399,3208091.0
2025-10-14 15:00:00+00:00,2.4653,162641.3014,2.466,1904020.0
2025-10-14 16:00:00+00:00,2.4569,232834.0218,2.457,2259609.0
2025-10-14 17:00:00+00:00,2.4693,126817.2073,2.468,1640989.0
2025-10-14 18:00:00+00:00,2.4796,79072.6175,2.478,909260.0
2025-10-14 19:00:00+00:00,2.453,194588.9739,2.453,3015911.0
2025-10-14 20:00:00+00:00,2.4621,194022.7862,2.461,1197222.0
2025-10-14 21:00:00+00:00,2.4619,90826.3074,2.462,807742.0
2025-10-14 22:00:00+00:00,2.4638,99987.6882,2.464,825890.0
2025-10-14 23:00:00+00:00,2.462,115451.7468,2.46,1684532.0
2025-10-15 00:00:00+00:00,2.4604,108076.2244,2.46,1380941.0
2025-10-15 01:00:00+00:00,2.453,115037.0301,2.452,1609326.0
2025-10-15 02:00:00+00:00,2.4701,108318.5095,2.469,1193314.0
2025-10-15 03:00:00+00:00,2.4431,103074.1931,2.443,1047879.0
2025-10-15 04:00:00+00:00,2.4602,100787.6749,2.461,1121583.0
2025-10-15 05:00:00+00:00,2.4549,118742.795,2.455,1738789.0
2025-10-15 06:00:00+00:00,2.4638,98445.40230324,2.463,889648.0
2025-10-15 07:00:00+00:00,2.4732,94480.7918,2.474,1143162.0
2025-10-15 08:00:00+00:00,2.476,126638.99938404,2.476,2873413.0
2025-10-15 09:00:00+00:00,2.4487,152224.3052,2.448,1412826.0
2025-10-15 10:00:00+00:00,2.4312,90680.9353,2.432,980249.0
2025-10-15 11:00:00+00:00,2.4181,112431.0289,2.417,1543387.0
2025-10-15 12:00:00+00:00,2.3868,140953.1241,2.386,1568891.0
2025-10-15 13:00:00+00:00,2.3782,193354.6978,2.378,2799372.0
2025-10-15 14:00:00+00:00,2.3639,197588.4009,2.363,2260836.0
2025-10-15 15:00:00+00:00,2.347,167026.0615,2.345,1819960.0
2025-10-15 16:00:00+00:00,2.3567,335509.1802,2.355,4016291.0
2025-10-15 17:00:00+00:00,2.363,158566.7382,2.362,1269149.0
2025-10-15 18:00:00+00:00,2.3569,122680.8534,2.356,969258.0
2025-10-15 19:00:00+00:00,2.3305,122072.8907,2.329,1385857.0
2025-10-15 20:00:00+00:00,2.319,202975.2429,2.317,3154885.0
2025-10-15 21:00:00+00:00,2.3114,120872.5974,2.309,1055201.0
2025-10-15 22:00:00+00:00,2.3161,109895.3002,2.314,1076831.0
2025-10-15 23:00:00+00:00,2.325,107425.1401,2.325,950032.0
2025-10-16 00:00:00+00:00,2.3163,97672.5635,2.315,882544.0
2025-10-16 01:00:00+00:00,2.3449,109557.0603,2.344,1351698.0
2025-10-16 02:00:00+00:00,2.3468,100779.22828147,2.345,1266022.0
2025-10-16 03:00:00+00:00,2.3336,94915.0546,2.331,2607214.0
2025-10-16 04:00:00+00:00,2.3277,82989.5999,2.328,842319.0
2025-10-16 05:00:00+00:00,2.3307,142861.5938,2.331,1683554.0
2025-10-16 06:00:00+00:00,2.3506,88010.8325,2.349,645632.0
2025-10-16 07:00:00+00:00,2.3217,97762.3591,2.322,1466119.0
2025-10-16 08:00:00+00:00,2.3135,84946.2405,2.313,1059189.0
2025-10-16 09:00:00+00:00,2.338,282492.89159369,2.338,6930240.0
2025-10-16 10:00:00+00:00,2.3552,115163.7287,2.353,1078759.0
2025-10-16 11:00:00+00:00,2.3618,106037.1646,2.361,1331275.0
2025-10-16 12:00:00+00:00,2.3658,179756.7421,2.365,1927689.0
2025-10-16 13:00:00+00:00,2.3483,124512.5557,2.346,1438348.0
2025-10-16 14:00:00+00:00,2.3215,176542.9302,2.32,3675580.0
2025-10-16 15:00:00+00:00,2.2485,245955.9124,2.251,2902032.0
2025-10-16 16:00:00+00:00,2.2968,226489.9071,2.299,3197423.0
2025-10-16 17:00:00+00:00,2.2582,115121.9387,2.259,2111833.0
2025-10-16 18:00:00+00:00,2.2516,171914.8414,2.252,2002128.0
2025-10-16 19:00:00+00:00,2.2191,210863.7389,2.218,2166021.0
2025-10-16 20:00:00+00:00,2.2007,202005.8601,2.201,1397188.0
2025-10-16 21:00:00+00:00,2.2238,109676.5813,2.225,913497.0
2025-10-16 22:00:00+00:00,2.1919,124730.9677,2.193,966950.0
2025-10-16 23:00:00+00:00,2.1993,121265.2218,2.197,907825.0
2025-10-17 00:00:00+00:00,2.2158,108781.2064,2.215,547266.0
2025-10-17 01:00:00+00:00,2.2109,96883.25,2.203,917544.0
2025-10-17 02:00:00+00:00,2.2125,105550.0759,2.212,384256.0
2025-10-17 03:00:00+00:00,2.2306,88129.501,2.229,563773.0
2025-10-17 04:00:00+00:00,2.2257,74430.0186,2.224,466569.0
2025-10-17 05:00:00+00:00,2.2055,93114.5023,2.204,758445.0
2025-10-17 06:00:00+00:00,2.1469,167600.0898,2.147,3179223.0
2025-10-17 07:00:00+00:00,2.0942,209503.0397,2.094,4941415.0
2025-10-17 08:00:00+00:00,2.0805,201881.994,2.08,3260000.0
2025-10-17 09:00:00+00:00,2.106,154345.3316,2.105,1871757.0
2025-10-17 10:00:00+00:00,2.1272,189481.4386,2.128,1785244.0
2025-10-17 11:00:00+00:00,2.1674,183995.7197,2.168,1828545.0
2025-10-17 12:00:00+00:00,2.1564,108595.6676,2.155,562905.0
2025-10-17 13:00:00+00:00,2.1615,164633.494,2.161,2053392.0
2025-10-17 14:00:00+00:00,2.1354,195850.7346,2.133,1975513.0
2025-10-17 15:00:00+00:00,2.1722,169731.7343,2.172,1559328.0
2025-10-17 16:00:00+00:00,2.158,208386.2828,2.154,2212903.0
2025-10-17 17:00:00+00:00,2.1599,56754.429,2.16,650898.0
2025-10-17 18:00:00+00:00,2.1519,50729.7845,2.148,542711.0
2025-10-17 19:00:00+00:00,2.1428,52792.9467,2.143,448599.0
2025-10-17 20:00:00+00:00,2.1561,55136.9585,2.156,632461.0
2025-10-17 21:00:00+00:00,2.1667,103730.0723,2.167,1349141.0
2025-10-17 22:00:00+00:00,2.1632,104073.8576,2.162,1351011.0
2025-10-17 23:00:00+00:00,2.1488,88484.9826,2.149,854054.0
2025-10-18 00:00:00+00:00,2.1595,94968.7713,2.159,1186331.0
2025-10-18 01:00:00+00:00,2.1793,92920.2408,2.179,1050528.0
2025-10-18 02:00:00+00:00,2.1643,91009.6017,2.164,1040431.0
2025-10-18 03:00:00+00:00,2.1724,81091.0143,2.171,759137.0
2025-10-18 04:00:00+00:00,2.145,99232.4431,2.145,1021597.0
2025-10-18 05:00:00+00:00,2.157,76982.942,2.156,949679.0
2025-10-18 06:00:00+00:00,2.1524,80118.633,2.152,881310.0
2025-10-18 07:00:00+00:00,2.1523,125925.9855,2.151,1488924.0
2025-10-18 08:00:00+00:00,2.1494,76768.9375,2.149,1065312.0
2025-10-18 09:00:00+00:00,2.1608,95383.8129,2.161,1002691.0
2025-10-18 10:00:00+00:00,2.1607,98782.9318,2.16,1056065.0
2025-10-18 11:00:00+00:00,2.1661,79575.4088,2.166,1048985.0
2025-10-18 12:00:00+00:00,2.1548,107672.8604,2.155,1028593.0
2025-10-18 13:00:00+00:00,2.1395,95778.1024,2.139,1317359.0
2025-10-18 14:00:00+00:00,2.1418,64225.1373,2.142,1360049.0
2025-10-18 15:00:00+00:00,2.1327,56012.9342,2.133,1065027.0
2025-10-18 16:00:00+00:00,2.1268,65308.9036,2.127,1179199.0
2025-10-18 17:00:00+00:00,2.1522,56025.7783,2.152,841840.0
2025-10-18 18:00:00+00:00,2.1465,60621.5208,2.146,682785.0
2025-10-18 19:00:00+00:00,2.1558,67041.0864,2.155,612271.0
2025-10-18 20:00:00+00:00,2.1608,172769.6424,2.159,1480434.0
2025-10-18 21:00:00+00:00,2.1719,75080.2667,2.17,1047940.0
2025-10-18 22:00:00+00:00,2.1622,52950.5285,2.162,753945.0
2025-10-18 23:00:00+00:00,2.1667,38185.1107,2.167,255117.0
2025-10-19 00:00:00+00:00,2.1616,174354.597,2.16,813419.0
2025-10-19 01:00:00+00:00,2.1754,60571.4444,2.174,484140.0
2025-10-19 02:00:00+00:00,2.165,53123.9585,2.163,264100.0
2025-10-19 03:00:00+00:00,2.1825,56039.5876,2.181,421641.0
2025-10-19 04:00:00+00:00,2.1748,43015.3467,2.172,165995.0
2025-10-19 05:00:00+00:00,2.176,49802.9727,2.174,253718.0
2025-10-19 06:00:00+00:00,2.1628,60152.0858,2.162,272609.0
2025-10-19 07:00:00+00:00,2.1649,53208.8341,2.154,136662.0
2025-10-19 08:00:00+00:00,2.1533,242144.6281,2.153,3255090.0
2025-10-19 09:00:00+00:00,2.183,150906.6777,2.183,1879708.0
2025-10-19 10:00:00+00:00,2.2193,147558.8976,2.218,1581099.0
2025-10-19 11:00:00+00:00,2.2216,181036.23342206,2.221,1714974.0
2025-10-19 12:00:00+00:00,2.2159,115391.814,2.214,552418.0
2025-10-19 13:00:00+00:00,2.2741,156753.8138,2.272,1555841.0
2025-10-19 14:00:00+00:00,2.2693,117052.8755,2.268,1292940.0
2025-10-19 15:00:00+00:00,2.2645,85258.6997,2.262,547621.0
2025-10-19 16:00:00+00:00,2.2535,86197.7524,2.253,917954.0
2025-10-19 17:00:00+00:00,2.2556,100998.4895,2.252,780392.0
2025-10-19 18:00:00+00:00,2.2699,70086.70983758,2.266,414569.0
2025-10-19 19:00:00+00:00,2.2685,60059.4229,2.267,324703.0
2025-10-19 20:00:00+00:00,2.2762,43711.8629,2.275,423715.0
2025-10-19 21:00:00+00:00,2.2709,87788.3761,2.27,892465.0
2025-10-19 22:00:00+00:00,2.2865,109699.803,2.286,1371078.0
2025-10-19 23:00:00+00:00,2.2588,109982.1237,2.258,1233376.0
2025-10-20 00:00:00+00:00,2.2348,139907.657,2.234,1652608.0
2025-10-20 01:00:00+00:00,2.2291,121579.0031,2.229,893336.0
2025-10-20 02:00:00+00:00,2.2394,111008.5982,2.239,938294.0
2025-10-20 03:00:00+00:00,2.2992,88347.6452,2.299,1193016.0
2025-10-20 04:00:00+00:00,2.3023,122090.6704,2.302,1307400.0
2025-10-20 05:00:00+00:00,2.3088,141821.9562,2.308,1520635.0
2025-10-20 06:00:00+00:00,2.3211,91364.0461,2.322,1024372.0
2025-10-20 07:00:00+00:00,2.3116,102872.3865,2.311,825951.0
2025-10-20 08:00:00+00:00,2.2963,65430.6092,2.296,1224689.0
2025-10-20 09:00:00+00:00,2.2982,69819.1005,2.297,1090717.0
2025-10-20 10:00:00+00:00,2.2992,62118.6863,2.298,991515.0
2025-10-20 11:00:00+00:00,2.3091,56491.2533,2.307,1097275.0
2025-10-20 12:00:00+00:00,2.3084,57864.5902,2.306,834824.0
2025-10-20 13:00:00+00:00,2.3251,68115.3592,2.325,928575.0
2025-10-20 14:00:00+00:00,2.3212,108921.4985,2.32,2072902.0
2025-10-20 15:00:00+00:00,2.2959,77966.6685,2.295,1281881.0
2025-10-20 16:00:00+00:00,2.2706,108407.2382,2.271,2192917.0
2025-10-20 17:00:00+00:00,2.2678,78719.92,2.268,885840.0
2025-10-20 18:00:00+00:00,2.2805,61196.0995,2.281,1219052.0
2025-10-20 19:00:00+00:00,2.2902,61338.1351,2.289,1255723.0
2025-10-20 20:00:00+00:00,2.2908,63214.8585,2.291,1457332.0
2025-10-20 21:00:00+00:00,2.2657,96948.8393,2.265,2505670.0
2025-10-20 22:00:00+00:00,2.2707,45551.4192,2.27,738248.0
2025-10-20 23:00:00+00:00,2.2596,50629.6262,2.259,239438.0
2025-10-21 00:00:00+00:00,2.2613,42218.1137,2.262,215869.0
2025-10-21 01:00:00+00:00,2.2456,67205.0505,2.245,864452.0
2025-10-21 02:00:00+00:00,2.2336,55976.9596,2.233,477982.0
2025-10-21 03:00:00+00:00,2.2226,88749.3533,2.221,508574.0
2025-10-21 04:00:00+00:00,2.1698,356221.5996,2.17,2581547.0
2025-10-21 05:00:00+00:00,2.1768,111509.5324,2.176,1435580.0
2025-10-21 06:00:00+00:00,2.1849,95893.9973,2.184,985875.0
2025-10-21 07:00:00+00:00,2.1965,87374.918,2.195,461614.0
2025-10-21 08:00:00+00:00,2.1778,107156.1587,2.179,728230.0
2025-10-21 09:00:00+00:00,2.176,109568.1239,2.176,574871.0
2025-10-21 10:00:00+00:00,2.1975,98362.6106,2.197,501146.0
2025-10-21 11:00:00+00:00,2.2022,88953.785,2.204,632414.0
2025-10-21 12:00:00+00:00,2.2366,126804.1435,2.235,1495572.0
2025-10-21 13:00:00+00:00,2.2369,157292.4566,2.234,2472671.0
2025-10-21 14:00:00+00:00,2.3294,160134.8631,2.328,3129637.0
2025-10-21 15:00:00+00:00,2.3471,172186.7662,2.347,2580765.0
2025-10-21 16:00:00+00:00,2.3024,176511.1985,2.297,1471327.0
2025-10-21 17:00:00+00:00,2.318,147219.5538,2.318,1524670.0
2025-10-21 18:00:00+00:00,2.3106,108790.9677,2.31,1015799.0
2025-10-21 19:00:00+00:00,2.2988,82001.3138,2.3,486184.0
2025-10-21 20:00:00+00:00,2.2771,109809.57170439,2.279,1028708.0
2025-10-21 21:00:00+00:00,2.2803,112110.41,2.281,851654.0
2025-10-21 22:00:00+00:00,2.2416,136559.5571,2.242,1146974.0
2025-10-21 23:00:00+00:00,2.2184,137606.0239,2.217,1227823.0
2025-10-22 00:00:00+00:00,2.2065,146758.3233,2.206,1567559.0
2025-10-22 01:00:00+00:00,2.2195,76678.2905,2.218,1159094.0
2025-10-22 02:00:00+00:00,2.2224,53656.3336,2.223,1137088.0
2025-10-22 03:00:00+00:00,2.2188,101249.6336,2.219,1069504.0
2025-10-22 04:00:00+00:00,2.2455,120756.8516,2.245,948828.0
2025-10-22 05:00:00+00:00,2.2098,146021.5974,2.209,1207652.0
2025-10-22 06:00:00+00:00,2.1936,124010.3897,2.193,950843.0
2025-10-22 07:00:00+00:00,2.2156,160332.6022,2.215,1584907.0
2025-10-22 08:00:00+00:00,2.1956,114789.4947,2.196,1140552.0
2025-10-22 09:00:00+00:00,2.1832,148536.2353,2.181,1550323.0
2025-10-22 10:00:00+00:00,2.1864,124358.2854,2.185,842618.0
2025-10-22 11:00:00+00:00,2.2014,234251.1037,2.2,3284002.0
2025-10-22 12:00:00+00:00,2.2036,119672.9189,2.204,1103051.0
2025-10-22 13:00:00+00:00,2.2392,183999.2056,2.239,1414738.0
2025-10-22 14:00:00+00:00,2.225,131967.1675,2.224,2009405.0
2025-10-22 15:00:00+00:00,2.2098,96849.409,2.209,1279069.0
2025-10-22 16:00:00+00:00,2.1932,149276.0475,2.192,1845514.0
2025-10-22 17:00:00+00:00,2.1747,143472.6485,2.175,1108409.0
2025-10-22 18:00:00+00:00,2.1735,97235.3519,2.173,1326229.0
2025-10-22 19:00:00+00:00,2.1838,109254.3834,2.183,1754892.0
2025-10-22 20:00:00+00:00,2.1521,183472.4939,2.152,1824509.0
2025-10-22 21:00:00+00:00,2.1321,255691.6173,2.131,3471168.0
2025-10-22 22:00:00+00:00,2.1365,135984.0414,2.136,959800.0
2025-10-22 23:00:00+00:00,2.1643,122238.6524,2.164,807710.0
2025-10-23 00:00:00+00:00,2.1602,101712.3293,2.16,366444.0
2025-10-23 01:00:00+00:00,2.1573,98346.1431,2.156,402118.0
2025-10-23 02:00:00+00:00,2.1566,78741.1971,2.155,157642.0
2025-10-23 03:00:00+00:00,2.1495,78452.6018,2.149,185171.0
2025-10-23 04:00:00+00:00,2.1526,136184.4802,2.155,299324.0
2025-10-23 05:00:00+00:00,2.1657,126336.5804,2.164,253933.0
2025-10-23 06:00:00+00:00,2.1985,213424.698,2.194,1108316.0
2025-10-23 07:00:00+00:00,2.1961,304248.7125,2.192,412925.0
2025-10-23 08:00:00+00:00,2.1995,68834.4415,2.197,809454.0
2025-10-23 09:00:00+00:00,2.1999,59411.6909,2.197,477330.0
2025-10-23 10:00:00+00:00,2.1953,63296.8181,2.192,472016.0
2025-10-23 11:00:00+00:00,2.1776,70097.9686,2.176,1509287.0
2025-10-23 12:00:00+00:00,2.1807,63001.373,2.178,766858.0
2025-10-23 13:00:00+00:00,2.1826,68263.5631,2.18,715384.0
2025-10-23 14:00:00+00:00,2.1687,127646.656,2.167,1868259.0
2025-10-23 15:00:00+00:00,2.1993,631766.5611,2.196,1235853.0
2025-10-23 16:00:00+00:00,2.225,89931.5635,2.224,1559682.0
2025-10-23 17:00:00+00:00,2.2392,124809.3916,2.237,1428339.0
2025-10-23 18:00:00+00:00,2.2158,48288.6895,2.215,712980.0
2025-10-23 19:00:00+00:00,2.2119,38507.6007,2.212,343993.0
2025-10-23 20:00:00+00:00,2.1841,72782.2169,2.183,1447228.0
2025-10-23 21:00:00+00:00,2.1876,50055.3901,2.188,603549.0
2025-10-23 22:00:00+00:00,2.1949,80010.4033,2.194,622552.0
2025-10-23 23:00:00+00:00,2.204,84138.0735,2.202,446129.0
2025-10-24 00:00:00+00:00,2.2139,95635.9664,2.213,823146.0
2025-10-24 01:00:00+00:00,2.2096,93518.0713,2.21,353330.0
2025-10-24 02:00:00+00:00,2.2009,75532.4679,2.203,357168.0
2025-10-24 03:00:00+00:00,2.1993,74479.0164,2.198,376052.0
2025-10-24 04:00:00+00:00,2.2478,130945.6291,2.248,1061814.0
2025-10-24 05:00:00+00:00,2.2499,76452.0349,2.249,677468.0
2025-10-24 06:00:00+00:00,2.2645,74792.0689,2.265,562819.0
2025-10-24 07:00:00+00:00,2.2451,80176.0072,2.245,851288.0
2025-10-24 08:00:00+00:00,2.2661,93134.6027,2.267,595411.0
2025-10-24 09:00:00+00:00,2.256,92007.4856,2.255,481594.0
2025-10-24 10:00:00+00:00,2.2397,94137.4532,2.239,626033.0
2025-10-24 11:00:00+00:00,2.245,96275.1471,2.244,807106.0
2025-10-24 12:00:00+00:00,2.2652,167890.8656,2.264,2262558.0
2025-10-24 13:00:00+00:00,2.2588,154716.3735,2.258,1068750.0
2025-10-24 14:00:00+00:00,2.2328,100995.3396,2.233,1525031.0
2025-10-24 15:00:00+00:00,2.2164,104895.336,2.216,1464010.0
2025-10-24 16:00:00+00:00,2.2138,63167.6153,2.214,740324.0
2025-10-24 17:00:00+00:00,2.2199,63750.3935,2.219,782469.0
2025-10-24 18:00:00+00:00,2.2391,54801.4472,2.239,401350.0
2025-10-24 19:00:00+00:00,2.2561,122582.816,2.256,1073829.0
2025-10-24 20:00:00+00:00,2.2664,78395.8893,2.265,521829.0
2025-10-24 21:00:00+00:00,2.2726,69315.1407,2.273,596255.0
2025-10-24 22:00:00+00:00,2.2689,55812.7274,2.268,199093.0
2025-10-24 23:00:00+00:00,2.272,66705.7544,2.273,260148.0
2025-10-25 00:00:00+00:00,2.2578,79461.0249,2.257,309708.0
2025-10-25 01:00:00+00:00,2.2571,62358.2448,2.256,189138.0
2025-10-25 02:00:00+00:00,2.255,65679.3743,2.256,346586.0
2025-10-25 03:00:00+00:00,2.2384,70599.6752,2.239,419712.0
2025-10-25 04:00:00+00:00,2.2398,70548.3987,2.239,310419.0
2025-10-25 05:00:00+00:00,2.2386,68867.77,2.237,192672.0
2025-10-25 06:00:00+00:00,2.2288,58487.6453,2.23,204832.0
2025-10-25 07:00:00+00:00,2.2256,71848.3548,2.226,472114.0
2025-10-25 08:00:00+00:00,2.2441,66563.2675,2.245,203668.0
2025-10-25 09:00:00+00:00,2.2364,99016.0516,2.235,490116.0
2025-10-25 10:00:00+00:00,2.233,75411.3193,2.234,386282.0
2025-10-25 11:00:00+00:00,2.2512,57691.4634,2.252,186151.0
2025-10-25 12:00:00+00:00,2.266,79389.1848,2.266,441973.0
2025-10-25 13:00:00+00:00,2.2694,66291.7219,2.269,291543.0
2025-10-25 14:00:00+00:00,2.2798,109876.2185,2.28,443859.0
2025-10-25 15:00:00+00:00,2.2722,45662.0553,2.272,253449.0
2025-10-25 16:00:00+00:00,2.2779,55424.1236,2.278,389690.0
2025-10-25 17:00:00+00:00,2.2827,53162.4181,2.283,238672.0
2025-10-25 18:00:00+00:00,2.2951,56034.9709,2.293,302948.0
2025-10-25 19:00:00+00:00,2.2955,39142.9361,2.296,122807.0
2025-10-25 20:00:00+00:00,2.288,39529.8302,2.291,177304.0
2025-10-25 21:00:00+00:00,2.2803,49567.9438,2.28,847477.0
2025-10-25 22:00:00+00:00,2.2896,55052.9105,2.29,382751.0
2025-10-25 23:00:00+00:00,2.2789,55558.9046,2.278,301306.0
2025-10-26 00:00:00+00:00,2.2708,61419.2768,2.27,591382.0
2025-10-26 01:00:00+00:00,2.2615,72792.3615,2.263,886120.0
2025-10-26 02:00:00+00:00,2.2612,93193.5042,2.26,355684.0
2025-10-26 03:00:00+00:00,2.2675,85800.512,2.267,352521.0
2025-10-26 04:00:00+00:00,2.2811,87925.782,2.281,606822.0
2025-10-26 05:00:00+00:00,2.2945,74985.8178,2.294,335096.0
2025-10-26 06:00:00+00:00,2.2962,83714.691,2.298,268071.0
2025-10-26 07:00:00+00:00,2.3024,78813.7799,2.303,393216.0
2025-10-26 08:00:00+00:00,2.3193,75745.1066,2.319,712375.0
2025-10-26 09:00:00+00:00,2.3373,81572.2389,2.338,1132128.0
2025-10-26 10:00:00+00:00,2.3251,58711.5798,2.325,800906.0
2025-10-26 11:00:00+00:00,2.3561,88114.1659,2.356,1368933.0
2025-10-26 12:00:00+00:00,2.3509,82845.2235,2.35,790731.0
2025-10-26 13:00:00+00:00,2.3587,70346.9876,2.359,1239637.0
2025-10-26 14:00:00+00:00,2.3442,70293.318,2.344,997880.0
2025-10-26 15:00:00+00:00,2.3606,87487.0443,2.361,1016014.0
2025-10-26 16:00:00+00:00,2.3488,65095.901,2.349,900503.0
2025-10-26 17:00:00+00:00,2.3478,54401.5595,2.349,684251.0
2025-10-26 18:00:00+00:00,2.3456,55640.4118,2.346,563509.0
2025-10-26 19:00:00+00:00,2.3458,60879.4756,2.346,585353.0
2025-10-26 20:00:00+00:00,2.3297,70688.8036,2.331,985091.0
2025-10-26 21:00:00+00:00,2.3475,70917.131,2.347,1122112.0
2025-10-26 22:00:00+00:00,2.3815,227315.1445,2.382,3959264.0
2025-10-26 23:00:00+00:00,2.3699,61562.32,2.37,607706.0
2025-10-27 00:00:00+00:00,2.3793,95236.6883,2.381,846849.0
2025-10-27 01:00:00+00:00,2.3939,74661.2578,2.395,931349.0
2025-10-27 02:00:00+00:00,2.3897,44078.5696,2.39,562062.0
2025-10-27 03:00:00+00:00,2.3898,80023.1396,2.389,716453.0
2025-10-27 04:00:00+00:00,2.3968,65563.1774,2.399,146896.0
2025-10-27 05:00:00+00:00,2.4056,132507.6721,2.408,367374.0
2025-10-27 06:00:00+00:00,2.4014,123681.4352,2.401,763448.0
2025-10-27 07:00:00+00:00,2.3964,103352.0423,2.396,602185.0
2025-10-27 08:00:00+00:00,2.3798,141045.119,2.38,1796040.0
2025-10-27 09:00:00+00:00,2.3625,120161.5337,2.363,1486660.0
2025-10-27 10:00:00+00:00,2.3581,81631.4216,2.357,407723.0
2025-10-27 11:00:00+00:00,2.3722,103849.8249,2.371,476963.0
2025-10-27 12:00:00+00:00,2.343,95987.0189,2.343,710103.0
2025-10-27 13:00:00+00:00,2.3441,177459.0608,2.344,1976332.0
2025-10-27 14:00:00+00:00,2.3392,121204.5479,2.34,862008.0
2025-10-27 15:00:00+00:00,2.3563,91415.5161,2.358,698318.0
2025-10-27 16:00:00+00:00,2.3974,139067.5523,2.398,1202772.0
2025-10-27 17:00:00+00:00,2.3872,127259.7335,2.39,821447.0
2025-10-27 18:00:00+00:00,2.376,98352.27,2.375,266315.0
2025-10-27 19:00:00+00:00,2.3599,84707.2284,2.36,1004623.0
2025-10-27 20:00:00+00:00,2.3429,135824.0747,2.343,923170.0
2025-10-27 21:00:00+00:00,2.3472,87633.773,2.347,735704.0
2025-10-27 22:00:00+00:00,2.3326,83054.7552,2.332,1256005.0
2025-10-27 23:00:00+00:00,2.3318,97127.0185,2.332,1824585.0
2025-10-28 00:00:00+00:00,2.331,102715.2552,2.331,1117787.0
2025-10-28 01:00:00+00:00,2.3333,92005.1039,2.334,1082524.0
2025-10-28 02:00:00+00:00,2.3193,95172.1567,2.32,1479444.0
2025-10-28 03:00:00+00:00,2.3175,93938.3039,2.318,1221508.0
2025-10-28 04:00:00+00:00,2.3405,95007.8924,2.341,1169549.0
2025-10-28 05:00:00+00:00,2.3065,117986.4481,2.306,1930717.0
2025-10-28 06:00:00+00:00,2.3522,132824.9893,2.353,1288494.0
2025-10-28 07:00:00+00:00,2.3287,110256.6441,2.329,1093995.0
2025-10-28 08:00:00+00:00,2.3363,86743.4558,2.337,954651.0
2025-10-28 09:00:00+00:00,2.3305,133500.4198,2.33,866550.0
2025-10-28 10:00:00+00:00,2.331,130978.5619,2.331,952871.0
2025-10-28 11:00:00+00:00,2.3233,130437.1123,2.324,857123.0
2025-10-28 12:00:00+00:00,2.3469,120433.8891,2.346,1058252.0
2025-10-28 13:00:00+00:00,2.3628,189775.908,2.362,3052474.0
2025-10-28 14:00:00+00:00,2.3333,144240.2882,2.333,3921184.0
2025-10-28 15:00:00+00:00,2.3224,144773.1536,2.324,1577697.0
2025-10-28 16:00:00+00:00,2.3368,109844.525,2.337,1677103.0
2025-10-28 17:00:00+00:00,2.3226,58300.0427,2.322,947627.0
2025-10-28 18:00:00+00:00,2.304,98173.4745,2.304,1217268.0
2025-10-28 19:00:00+00:00,2.2697,151467.0504,2.269,1996840.0
2025-10-28 20:00:00+00:00,2.2312,164763.8788,2.231,3629126.0
2025-10-28 21:00:00+00:00,2.229,142276.4237,2.228,2770817.0
2025-10-28 22:00:00+00:00,2.2467,102848.5026,2.246,706011.0
2025-10-28 23:00:00+00:00,2.2342,79036.9746,2.235,785742.0
2025-10-29 00:00:00+00:00,2.2285,89572.2383,2.228,1158264.0
2025-10-29 01:00:00+00:00,2.2396,78416.6721,2.24,707865.0
2025-10-29 02:00:00+00:00,2.2378,66652.7686,2.238,119044.0
2025-10-29 03:00:00+00:00,2.2352,84956.0644,2.236,123589.0
2025-10-29 04:00:00+00:00,2.2382,80470.2089,2.24,246458.0
2025-10-29 05:00:00+00:00,2.2393,82600.0675,2.241,385807.0
2025-10-29 06:00:00+00:00,2.2463,51237.3969,2.247,142681.0
2025-10-29 07:00:00+00:00,2.248,55336.9295,2.252,268667.0
2025-10-29 08:00:00+00:00,2.2428,66902.5918,2.243,268013.0
2025-10-29 09:00:00+00:00,2.2658,72621.6202,2.265,495720.0
2025-10-29 10:00:00+00:00,2.2951,96614.16724576,2.295,1001800.0
2025-10-29 11:00:00+00:00,2.2971,89060.5553,2.295,458021.0
2025-10-29 12:00:00+00:00,2.3012,49830.6449,2.3,269122.0
2025-10-29 13:00:00+00:00,2.3148,86962.4665,2.314,637249.0
2025-10-29 14:00:00+00:00,2.2946,61954.3309,2.292,470754.0
2025-10-29 15:00:00+00:00,2.271,112865.1672,2.271,1869889.0
2025-10-29 16:00:00+00:00,2.2774,75825.6481,2.276,718642.0
2025-10-29 17:00:00+00:00,2.3473,76141.0515,2.346,2591958.0
2025-10-29 18:00:00+00:00,2.3077,252746.5497,2.307,9856743.0
2025-10-29 19:00:00+00:00,2.3144,88981.3263,2.315,2023234.0
2025-10-29 20:00:00+00:00,2.3265,88149.39652985,2.327,1724471.0
2025-10-29 21:00:00+00:00,2.3215,54654.7635,2.32,1162094.0
2025-10-29 22:00:00+00:00,2.3154,54992.99108083,2.314,969846.0
2025-10-29 23:00:00+00:00,2.2756,73117.4448,2.275,1708803.0
2025-10-30 00:00:00+00:00,2.2999,71323.1793,2.3,2740659.0
2025-10-30 01:00:00+00:00,2.2876,69190.1414,2.288,1813131.0
2025-10-30 02:00:00+00:00,2.3009,91709.0525,2.3,984297.0
2025-10-30 03:00:00+00:00,2.2792,93501.2565,2.28,1165948.0
2025-10-30 04:00:00+00:00,2.2134,127811.7695,2.214,3813216.0
2025-10-30 05:00:00+00:00,2.2478,102228.6555,2.25,1582231.0
2025-10-30 06:00:00+00:00,2.2466,74615.5033,2.246,1214924.0
2025-10-30 07:00:00+00:00,2.262,99032.8853,2.262,1571815.0
2025-10-30 08:00:00+00:00,2.232,138639.8832,2.231,1434477.0
2025-10-30 09:00:00+00:00,2.21,93584.244,2.21,1761191.0
2025-10-30 10:00:00+00:00,2.2056,138304.7394,2.205,1152683.0
2025-10-30 11:00:00+00:00,2.1911,151855.7858,2.191,1399996.0
2025-10-30 12:00:00+00:00,2.1637,192418.4218,2.163,2879064.0
2025-10-30 13:00:00+00:00,2.1216,169163.2827,2.121,2633043.0
2025-10-30 14:00:00+00:00,2.1234,114115.3218,2.123,1630109.0
2025-10-30 15:00:00+00:00,2.0948,121682.4317,2.095,1851606.0
2025-10-30 16:00:00+00:00,2.1001,166377.2595,2.099,1614932.0
2025-10-30 17:00:00+00:00,2.0798,164891.6604,2.077,2559925.0
2025-10-30 18:00:00+00:00,2.0568,138496.0442,2.057,2204625.0
2025-10-30 19:00:00+00:00,2.0353,181255.5392,2.037,3948397.0
2025-10-30 20:00:00+00:00,2.0693,158399.42385118,2.07,2967154.0
2025-10-30 21:00:00+00:00,2.0659,124469.4796,2.065,1696427.0
2025-10-30 22:00:00+00:00,2.0818,94554.4791,2.08,1557534.0
2025-10-30 23:00:00+00:00,2.0996,169772.0755,2.098,1497730.0
2025-10-31 00:00:00+00:00,2.1161,112731.9683,2.115,610216.0
2025-10-31 01:00:00+00:00,2.1267,128037.0353,2.124,519756.0
2025-10-31 02:00:00+00:00,2.1093,111755.0742,2.109,394764.0
2025-10-31 03:00:00+00:00,2.1218,107725.1497,2.122,869120.0
2025-10-31 04:00:00+00:00,2.1369,102753.4539,2.137,888296.0
2025-10-31 05:00:00+00:00,2.12,87331.9383,2.119,360863.0
2025-10-31 06:00:00+00:00,2.1091,113873.9956,2.109,275937.0
2025-10-31 07:00:00+00:00,2.1099,110395.8273,2.106,333589.0
2025-10-31 08:00:00+00:00,2.1064,95306.7733,2.106,602012.0
2025-10-31 09:00:00+00:00,2.1035,82953.2388,2.104,355366.0
2025-10-31 10:00:00+00:00,2.1008,97521.123,2.101,316232.0
2025-10-31 11:00:00+00:00,2.1295,120511.4208,2.129,606856.0
2025-10-31 12:00:00+00:00,2.1109,154972.6157,2.111,999247.0
2025-10-31 13:00:00+00:00,2.1306,130540.6884,2.13,697995.0
2025-10-31 14:00:00+00:00,2.15,89032.3723,2.149,761332.0
2025-10-31 15:00:00+00:00,2.1393,86303.5983,2.139,697064.0
2025-10-31 16:00:00+00:00,2.0856,88902.9523,2.085,982921.0
2025-10-31 17:00:00+00:00,2.0873,116261.6009,2.087,1941012.0
2025-10-31 18:00:00+00:00,2.0977,109246.0391,2.099,1577596.0
2025-10-31 19:00:00+00:00,2.1314,90796.3438,2.132,1191369.0
2025-10-31 20:00:00+00:00,2.1061,79509.3263,2.105,842906.0
2025-10-31 21:00:00+00:00,2.1041,88856.6391,2.102,812921.0
2025-10-31 22:00:00+00:00,2.1042,95263.5602,2.105,730880.0
2025-10-31 23:00:00+00:00,2.0989,95983.8395,2.098,937885.0
2025-11-01 00:00:00+00:00,2.1045,101584.6318,2.104,935097.0
2025-11-01 01:00:00+00:00,2.1007,97116.5831,2.1,756395.0
2025-11-01 02:00:00+00:00,2.1194,89345.29,2.118,724441.0
2025-11-01 03:00:00+00:00,2.1299,96685.7265,2.129,717185.0
2025-11-01 04:00:00+00:00,2.1217,101144.4512,2.122,856488.0
2025-11-01 05:00:00+00:00,2.1116,88011.3853,2.111,756535.0
2025-11-01 06:00:00+00:00,2.1192,87072.5031,2.119,672308.0
2025-11-01 07:00:00+00:00,2.1401,124260.3332,2.138,1495822.0
2025-11-01 08:00:00+00:00,2.1592,104418.1415,2.161,1859991.0
2025-11-01 09:00:00+00:00,2.1371,85615.5472,2.135,1256469.0
2025-11-01 10:00:00+00:00,2.1506,96605.8855,2.149,880986.0
2025-11-01 11:00:00+00:00,2.1609,70011.6273,2.161,855274.0
2025-11-01 12:00:00+00:00,2.176,102190.8728,2.176,1923857.0
2025-11-01 13:00:00+00:00,2.1662,112782.2676,2.167,1578465.0
2025-11-01 14:00:00+00:00,2.1504,94034.1213,2.152,1740334.0
2025-11-01 15:00:00+00:00,2.1611,94779.9526,2.162,1926185.0
2025-11-01 16:00:00+00:00,2.166,73234.6758,2.167,1269046.0
2025-11-01 17:00:00+00:00,2.1569,60238.2689,2.157,1206796.0
2025-11-01 18:00:00+00:00,2.1629,55220.7373,2.162,891883.0
2025-11-01 19:00:00+00:00,2.1691,45955.3199,2.168,912897.0
2025-11-01 20:00:00+00:00,2.1721,83271.5704,2.171,1122020.0
2025-11-01 21:00:00+00:00,2.1495,127293.4888,2.15,1708041.0
2025-11-01 22:00:00+00:00,2.1693,62413.4512,2.168,440690.0
2025-11-01 23:00:00+00:00,2.1737,43329.6552,2.173,202326.0
2025-11-02 00:00:00+00:00,2.166,58041.6507,2.165,308779.0
2025-11-02 01:00:00+00:00,2.1588,63409.6808,2.159,144558.0
2025-11-02 02:00:00+00:00,2.1631,50971.4943,2.163,140778.0
2025-11-02 03:00:00+00:00,2.16,62385.7527,2.161,403338.0
2025-11-02 04:00:00+00:00,2.183,89130.6565,2.184,442297.0
2025-11-02 05:00:00+00:00,2.1796,72940.9452,2.181,225054.0
2025-11-02 06:00:00+00:00,2.1818,71712.8339,2.182,381215.0
2025-11-02 07:00:00+00:00,2.1939,63934.5049,2.194,519510.0
2025-11-02 08:00:00+00:00,2.1768,77215.4062,2.174,382059.0
2025-11-02 09:00:00+00:00,2.1662,99294.6835521,2.168,411270.0
2025-11-02 10:00:00+00:00,2.1616,133526.3038,2.161,836398.0
2025-11-02 11:00:00+00:00,2.1862,84573.3092,2.186,816361.0
2025-11-02 12:00:00+00:00,2.1702,83065.7227,2.17,502633.0
2025-11-02 13:00:00+00:00,2.1522,89675.4838,2.151,386501.0
2025-11-02 14:00:00+00:00,2.1226,84807.0448,2.12,850348.0
2025-11-02 15:00:00+00:00,2.1221,75756.5396,2.122,698675.0
2025-11-02 16:00:00+00:00,2.1386,70653.6032,2.138,616930.0
2025-11-02 17:00:00+00:00,2.131,53202.018,2.131,311925.0
2025-11-02 18:00:00+00:00,2.123,69821.3573,2.122,148986.0
2025-11-02 19:00:00+00:00,2.1218,92433.1819,2.12,335348.0
2025-11-02 20:00:00+00:00,2.1292,77229.2197,2.129,451062.0
2025-11-02 21:00:00+00:00,2.1361,80535.0336,2.136,929127.0
2025-11-02 22:00:00+00:00,2.1414,74478.6912,2.142,1107246.0
2025-11-02 23:00:00+00:00,2.1903,104575.1757,2.19,2019837.0
2025-11-03 00:00:00+00:00,2.1648,128616.6337,2.165,1534151.0
2025-11-03 01:00:00+00:00,2.1415,120120.6264,2.143,1502309.0
2025-11-03 02:00:00+00:00,2.114,96988.4212,2.115,1629343.0
2025-11-03 03:00:00+00:00,2.0402,174073.2724,2.039,2403266.0
2025-11-03 04:00:00+00:00,2.0513,153476.0162,2.051,1760516.0
2025-11-03 05:00:00+00:00,2.027,121040.5289,2.026,1485419.0
2025-11-03 06:00:00+00:00,2.0356,151311.9191,2.033,2862103.0
2025-11-03 07:00:00+00:00,2.0419,155978.3003,2.041,2039163.0
2025-11-03 08:00:00+00:00,2.0325,141445.8162,2.031,1839438.0
2025-11-03 09:00:00+00:00,2.0101,120198.1451,2.011,1984539.0
2025-11-03 10:00:00+00:00,1.9849,153971.432,1.986,2330937.0
2025-11-03 11:00:00+00:00,2.0017,129987.4803,2.001,1836972.0
2025-11-03 12:00:00+00:00,2.0031,245606.9989,2.002,2305766.0
2025-11-03 13:00:00+00:00,2.0114,161526.6141,2.011,1566822.0
2025-11-03 14:00:00+00:00,2.019,152226.2292,2.017,1690589.0
2025-11-03 15:00:00+00:00,1.9015,434293.3746,1.9,16105699.0
2025-11-03 16:00:00+00:00,1.94,162584.34651332,1.939,2868782.0
2025-11-03 17:00:00+00:00,1.9652,176531.7289,1.966,2161187.0
2025-11-03 18:00:00+00:00,1.9315,106905.0158,1.93,1590056.0
2025-11-03 19:00:00+00:00,1.9098,138104.72244291,1.908,1768076.0
2025-11-03 20:00:00+00:00,1.8927,163670.7025,1.892,2567309.0
2025-11-03 21:00:00+00:00,1.9107,204591.3737,1.91,1942368.0
2025-11-03 22:00:00+00:00,1.8997,171241.6046,1.899,1320829.0
2025-11-03 23:00:00+00:00,1.9126,117866.672,1.91,913020.0
2025-11-04 00:00:00+00:00,1.923,155542.9006,1.92,1321177.0
2025-11-04 01:00:00+00:00,1.925,130411.0269,1.924,959805.0
2025-11-04 02:00:00+00:00,1.9186,111023.4256,1.92,450060.0
2025-11-04 03:00:00+00:00,1.9425,136102.9362,1.941,803053.0
2025-11-04 04:00:00+00:00,1.9233,161288.3554,1.922,889151.0
2025-11-04 05:00:00+00:00,1.8319,324367.6126,1.833,4975291.0
2025-11-04 06:00:00+00:00,1.863,254234.9104,1.863,3922885.0
2025-11-04 07:00:00+00:00,1.8397,269114.9287,1.84,2769162.0
2025-11-04 08:00:00+00:00,1.8694,242942.4494,1.87,2673273.0
2025-11-04 09:00:00+00:00,1.8938,203823.8639,1.891,1379159.0
2025-11-04 10:00:00+00:00,1.9016,189054.7107,1.9,855421.0
2025-11-04 11:00:00+00:00,1.8954,184778.4909,1.895,915737.0
2025-11-04 12:00:00+00:00,1.8816,146304.4688,1.881,1503850.0
2025-11-04 13:00:00+00:00,1.8822,159265.3013,1.881,1007901.0
2025-11-04 14:00:00+00:00,1.9257,222622.8141,1.926,2449471.0
2025-11-04 15:00:00+00:00,1.8975,219576.2954,1.896,2839963.0
2025-11-04 16:00:00+00:00,1.8576,218357.5697,1.857,2175224.0
2025-11-04 17:00:00+00:00,1.8352,302408.6715,1.836,4784169.0
2025-11-04 18:00:00+00:00,1.8257,315907.5872,1.826,4493533.0
2025-11-04 19:00:00+00:00,1.7964,197200.1644,1.797,2450911.0
2025-11-04 20:00:00+00:00,1.7955,333945.332,1.795,7169658.0
2025-11-04 21:00:00+00:00,1.7974,367334.2227,1.797,6836958.0
2025-11-04 22:00:00+00:00,1.8433,195068.8083,1.847,2894694.0
2025-11-04 23:00:00+00:00,1.8312,164529.1413,1.831,2140385.0
2025-11-05 00:00:00+00:00,1.8057,175474.2576,1.806,1888387.0
2025-11-05 01:00:00+00:00,1.7973,228564.0968,1.797,3110746.0
2025-11-05 02:00:00+00:00,1.8505,144272.3907,1.849,2155433.0
2025-11-05 03:00:00+00:00,1.8616,171566.7543,1.86,819354.0
2025-11-05 04:00:00+00:00,1.8555,155025.0061,1.854,1023905.0
2025-11-05 05:00:00+00:00,1.8534,138542.3608,1.853,780518.0
2025-11-05 06:00:00+00:00,1.8627,140718.3227,1.86,1211274.0
2025-11-05 07:00:00+00:00,1.8633,135639.5537,1.863,925395.0
2025-11-05 08:00:00+00:00,1.8434,197354.0876,1.843,1518558.0
2025-11-05 09:00:00+00:00,1.8588,158805.1534,1.859,778634.0
2025-11-05 10:00:00+00:00,1.8371,170690.2283,1.838,843787.0
2025-11-05 11:00:00+00:00,1.8805,141377.1927,1.881,1488176.0
2025-11-05 12:00:00+00:00,1.884,150465.9169,1.883,1124165.0
2025-11-05 13:00:00+00:00,1.8949,158581.5017,1.894,1005108.0
2025-11-05 14:00:00+00:00,1.8893,184391.0525,1.889,1510885.0
2025-11-05 15:00:00+00:00,1.9095,192638.851,1.909,1304680.0
2025-11-05 16:00:00+00:00,1.9293,226636.864,1.93,1328402.0
2025-11-05 17:00:00+00:00,1.9276,160036.9142,1.927,656852.0
2025-11-05 18:00:00+00:00,1.9419,169317.8903,1.941,1050377.0
2025-11-05 19:00:00+00:00,1.9363,147538.186,1.935,590526.0
2025-11-05 20:00:00+00:00,1.9449,133304.9657,1.944,630798.0
2025-11-05 21:00:00+00:00,1.9357,142373.7858,1.936,542095.0
2025-11-05 22:00:00+00:00,1.9442,112220.5482,1.944,1071797.0
2025-11-05 23:00:00+00:00,1.9512,225687.9833,1.951,2011578.0
2025-11-06 00:00:00+00:00,1.9453,195368.7328,1.945,1444207.0
2025-11-06 01:00:00+00:00,1.9326,200406.4257,1.932,920595.0
2025-11-06 02:00:00+00:00,1.9372,158203.7956,1.937,618234.0
2025-11-06 03:00:00+00:00,1.9226,135506.1272,1.924,677058.0
2025-11-06 04:00:00+00:00,1.9368,123002.3184,1.938,363080.0
2025-11-06 05:00:00+00:00,1.9108,135502.2456,1.91,499512.0
2025-11-06 06:00:00+00:00,1.9014,150522.4013,1.901,932294.0
2025-11-06 07:00:00+00:00,1.8981,137265.5717,1.897,640805.0
2025-11-06 08:00:00+00:00,1.9003,117149.4831,1.9,476540.0
2025-11-06 09:00:00+00:00,1.898,114001.8317,1.897,452445.0
2025-11-06 10:00:00+00:00,1.8997,145360.3771,1.9,584451.0
2025-11-06 11:00:00+00:00,1.9023,114831.5302,1.901,460829.0
2025-11-06 12:00:00+00:00,1.9089,304527.9773,1.908,2317055.0
2025-11-06 13:00:00+00:00,1.9894,416515.4532,1.989,4849795.0
2025-11-06 14:00:00+00:00,1.9785,315498.624,1.978,3653415.0
2025-11-06 15:00:00+00:00,1.9711,261575.9459,1.972,2680145.0
2025-11-06 16:00:00+00:00,1.9401,266631.4157,1.941,3032379.0
2025-11-06 17:00:00+00:00,1.9987,273048.50137264,1.998,2335049.0
2025-11-06 18:00:00+00:00,2.048,311017.2456,2.047,4098636.0
2025-11-06 19:00:00+00:00,2.068,411820.2937,2.07,2683596.0
2025-11-06 20:00:00+00:00,2.0533,306207.0526,2.053,3186813.0
2025-11-06 21:00:00+00:00,2.0612,111276.808,2.061,1259698.0
2025-11-06 22:00:00+00:00,2.0917,203504.0525,2.09,3333212.0
2025-11-06 23:00:00+00:00,2.0965,244236.8503,2.096,2542577.0
2025-11-07 00:00:00+00:00,2.1543,575759.6993,2.153,5733666.0
2025-11-07 01:00:00+00:00,2.1062,425359.9739,2.105,5643165.0
2025-11-07 02:00:00+00:00,2.1129,172794.4356,2.112,1465590.0
2025-11-07 03:00:00+00:00,2.1561,210247.4126,2.154,1772631.0
2025-11-07 04:00:00+00:00,2.1535,172132.5179,2.153,1453489.0
2025-11-07 05:00:00+00:00,2.2546,288878.2361,2.251,3401502.0
2025-11-07 06:00:00+00:00,2.2029,261988.8677,2.203,4111705.0
2025-11-07 07:00:00+00:00,2.2452,279254.9671,2.244,3120574.0
2025-11-07 08:00:00+00:00,2.283,324307.2689,2.281,2755119.0
2025-11-07 09:00:00+00:00,2.3115,390985.6007,2.309,4362076.0
2025-11-07 10:00:00+00:00,2.2725,501467.5615,2.273,5797744.0
2025-11-07 11:00:00+00:00,2.2777,299492.8432,2.28,4782589.0
2025-11-07 12:00:00+00:00,2.2948,338458.9247,2.295,4424897.0
2025-11-07 13:00:00+00:00,2.3522,523122.1671,2.353,6341096.0
2025-11-07 14:00:00+00:00,2.4616,893187.8371,2.461,6794682.0
2025-11-07 15:00:00+00:00,2.5215,885620.7939,2.521,9394895.0
2025-11-07 16:00:00+00:00,2.7226,1003665.765,2.722,13936086.0
2025-11-07 17:00:00+00:00,2.8226,798894.3815,2.822,14998965.0
2025-11-07 18:00:00+00:00,2.7942,686481.3352,2.795,11762381.0
2025-11-07 19:00:00+00:00,2.7946,475538.9418,2.798,6951441.0
2025-11-07 20:00:00+00:00,2.7454,461628.5787,2.747,7244162.0
2025-11-07 21:00:00+00:00,2.8421,305827.8175,2.841,2534895.0
2025-11-07 22:00:00+00:00,2.9235,462984.7776,2.921,4294152.0
2025-11-07 23:00:00+00:00,2.7682,398483.075,2.768,4859977.0
2025-11-08 00:00:00+00:00,2.6393,294974.54226682,2.638,5864690.0
2025-11-08 01:00:00+00:00,2.7165,365555.7332,2.716,5760499.0
2025-11-08 02:00:00+00:00,2.7331,257319.3668,2.733,4709133.0
2025-11-08 03:00:00+00:00,2.6913,172686.5917,2.688,3263717.0
2025-11-08 04:00:00+00:00,2.7189,178248.0542,2.718,1732944.0
2025-11-08 05:00:00+00:00,2.6575,246237.1199,2.659,3379004.0
2025-11-08 06:00:00+00:00,2.6413,243699.8073,2.641,2606014.0
2025-11-08 07:00:00+00:00,2.6624,379426.0483,2.662,2234352.0
2025-11-08 08:00:00+00:00,2.8037,465473.6532,2.799,6260799.0
2025-11-08 09:00:00+00:00,2.7803,511377.6755,2.777,7416423.0
2025-11-08 10:00:00+00:00,2.9345,516478.3161,2.929,6479290.0
2025-11-08 11:00:00+00:00,3.0107,881441.1809,3.006,15218835.0
2025-11-08 12:00:00+00:00,3.015,276487.0522,3.017,5407026.0
2025-11-08 13:00:00+00:00,2.8818,273010.4117,2.88,8541657.0
2025-11-08 14:00:00+00:00,2.8425,324896.2382,2.842,8398909.0
2025-11-08 15:00:00+00:00,2.8118,421451.6073,2.813,6092591.0
2025-11-08 16:00:00+00:00,2.7575,264259.4942,2.759,5890575.0
2025-11-08 17:00:00+00:00,2.7903,194601.0772,2.79,1914296.0
2025-11-08 18:00:00+00:00,2.8916,276409.4081,2.889,3787290.0
2025-11-08 19:00:00+00:00,2.8466,229558.5242,2.846,3890257.0
2025-11-08 20:00:00+00:00,2.8259,210523.2591,2.825,2783381.0
2025-11-08 21:00:00+00:00,2.859,132708.7893,2.858,1819699.0
2025-11-08 22:00:00+00:00,2.8589,137998.859,2.859,2120364.0
2025-11-08 23:00:00+00:00,2.9361,262740.0889,2.935,2449779.0
2025-11-09 00:00:00+00:00,2.9925,695792.4046,2.992,4886685.0
2025-11-09 01:00:00+00:00,2.9628,295676.4092,2.96,2932322.0
2025-11-09 02:00:00+00:00,2.8689,387505.9518,2.869,4943500.0
2025-11-09 03:00:00+00:00,2.8185,527035.2726,2.821,5842211.0
2025-11-09 04:00:00+00:00,2.7749,244417.351,2.777,2791141.0
2025-11-09 05:00:00+00:00,2.7764,252392.7699,2.776,2923532.0
2025-11-09 06:00:00+00:00,2.7953,162849.8637,2.795,1650037.0
2025-11-09 07:00:00+00:00,2.7809,217374.2936,2.783,2436610.0
2025-11-09 08:00:00+00:00,2.7121,271152.6225,2.711,3938364.0
2025-11-09 09:00:00+00:00,2.7396,309374.2859,2.737,3049994.0
2025-11-09 10:00:00+00:00,2.7142,267459.2758,2.716,2998297.0
2025-11-09 11:00:00+00:00,2.7287,262060.9658,2.729,3552986.0
2025-11-09 12:00:00+00:00,2.7111,218579.101,2.711,1676048.0
2025-11-09 13:00:00+00:00,2.7429,251567.9636,2.742,2398959.0
2025-11-09 14:00:00+00:00,2.8438,358098.4331,2.842,4831492.0
2025-11-09 15:00:00+00:00,2.884,378041.3555,2.884,5224828.0
2025-11-09 16:00:00+00:00,2.9708,335676.1135,2.972,4135182.0
2025-11-09 17:00:00+00:00,2.9475,504502.8877,2.944,3411180.0
2025-11-09 18:00:00+00:00,2.9436,361101.2285,2.945,4900867.0
2025-11-09 19:00:00+00:00,3.0254,390443.1761,3.026,2809697.0
2025-11-09 20:00:00+00:00,2.9387,537041.0668,2.94,4019932.0
2025-11-09 21:00:00+00:00,2.929,225485.4378,2.93,2856467.0
2025-11-09 22:00:00+00:00,2.9285,132942.8452,2.931,2432558.0
2025-11-09 23:00:00+00:00,3.0767,236790.5074,3.076,3785549.0
2025-11-10 00:00:00+00:00,2.977,218856.1411,2.977,4564950.0
2025-11-10 01:00:00+00:00,2.9463,201384.1321,2.947,2540583.0
2025-11-10 02:00:00+00:00,2.9314,137292.2741,2.931,1779284.0
2025-11-10 03:00:00+00:00,3.0175,156915.0446,3.019,2690161.0
2025-11-10 04:00:00+00:00,2.9389,95873.2718,2.939,1379455.0
2025-11-10 05:00:00+00:00,3.0972,508871.0521,3.097,5239163.0
2025-11-10 06:00:00+00:00,3.0468,252121.4852,3.047,4139437.0
2025-11-10 07:00:00+00:00,2.9804,232650.5833,2.983,3271386.0
2025-11-10 08:00:00+00:00,2.948,212918.0305,2.949,3310851.0
2025-11-10 09:00:00+00:00,3.0567,336771.2649,3.059,2285570.0
2025-11-10 10:00:00+00:00,2.8759,564285.2161,2.875,8310943.0
2025-11-10 11:00:00+00:00,2.8842,147772.6959,2.883,2136248.0
2025-11-10 12:00:00+00:00,2.856,222236.18572664,2.856,6759924.0
2025-11-10 13:00:00+00:00,2.856,226162.8183,2.856,1775535.0
2025-11-10 14:00:00+00:00,2.8573,207383.8209,2.859,5208576.0
2025-11-10 15:00:00+00:00,2.8431,211584.4463,2.843,3986872.0
2025-11-10 16:00:00+00:00,2.8271,122334.8977,2.826,2488071.0
2025-11-10 17:00:00+00:00,2.8779,106059.7745,2.876,1918841.0
2025-11-10 18:00:00+00:00,2.8423,82336.1358,2.842,1357248.0
2025-11-10 19:00:00+00:00,2.8483,108591.6248,2.848,2465561.0
2025-11-10 20:00:00+00:00,2.8184,169928.1091,2.82,1691502.0
2025-11-10 21:00:00+00:00,2.7668,271067.9688,2.769,5221568.0
2025-11-10 22:00:00+00:00,2.7911,130079.8336,2.788,2559791.0
2025-11-10 23:00:00+00:00,2.7867,161625.4524,2.785,3228434.0
2025-11-11 00:00:00+00:00,2.7627,170213.4465,2.762,2308806.0
2025-11-11 01:00:00+00:00,2.7464,190878.2535,2.746,1648195.0
2025-11-11 02:00:00+00:00,2.7949,145732.1449,2.792,1276956.0
2025-11-11 03:00:00+00:00,2.8164,133877.4576,2.816,1031227.0
2025-11-11 04:00:00+00:00,2.7822,137563.8351,2.783,1237573.0
2025-11-11 05:00:00+00:00,2.7592,233311.3157,2.76,1717941.0
2025-11-11 06:00:00+00:00,2.7217,185815.5897,2.723,2780542.0
2025-11-11 07:00:00+00:00,2.6624,271628.6518,2.662,4659791.0
2025-11-11 08:00:00+00:00,2.6788,146032.8401,2.676,2386843.0
2025-11-11 09:00:00+00:00,2.6644,115983.0491,2.664,1788098.0
2025-11-11 10:00:00+00:00,2.6406,139626.9007,2.639,2281174.0
2025-11-11 11:00:00+00:00,2.6652,136824.4066,2.663,1417296.0
2025-11-11 12:00:00+00:00,2.6627,146727.1528,2.664,1835540.0
2025-11-11 13:00:00+00:00,2.6482,185076.9663,2.649,2481541.0
2025-11-11 14:00:00+00:00,2.7245,160577.0755,2.723,1712854.0
2025-11-11 15:00:00+00:00,2.7091,162045.8125,2.709,3173023.0
2025-11-11 16:00:00+00:00,2.7059,126657.6004,2.707,1709707.0
2025-11-11 17:00:00+00:00,2.6642,146700.4914,2.662,2475914.0
2025-11-11 18:00:00+00:00,2.6457,88703.1634,2.645,1096287.0
2025-11-11 19:00:00+00:00,2.6222,161913.5873,2.622,2564952.0
2025-11-11 20:00:00+00:00,2.5948,141203.5389,2.596,3031396.0
2025-11-11 21:00:00+00:00,2.5913,190795.3161186,2.593,1489053.0
2025-11-11 22:00:00+00:00,2.5902,144902.9087,2.589,2522088.0
2025-11-11 23:00:00+00:00,2.5472,132198.9292,2.547,2141847.0
2025-11-12 00:00:00+00:00,2.5491,169902.2767,2.546,1612829.0
2025-11-12 01:00:00+00:00,2.5774,123789.9205,2.577,819731.0
2025-11-12 02:00:00+00:00,2.5783,140774.9683,2.578,1188200.0
2025-11-12 03:00:00+00:00,2.5765,79000.3916,2.577,599533.0
2025-11-12 04:00:00+00:00,2.5737,69217.4945,2.574,451404.0
2025-11-12 05:00:00+00:00,2.5758,74779.6574,2.576,666828.0
2025-11-12 06:00:00+00:00,2.5889,84787.6778,2.591,740419.0
2025-11-12 07:00:00+00:00,2.5651,106918.3393,2.566,821840.0
2025-11-12 08:00:00+00:00,2.626,240120.7364,2.625,1328804.0
2025-11-12 09:00:00+00:00,2.6427,131079.5546,2.643,1610300.0
2025-11-12 10:00:00+00:00,2.6468,113560.7799,2.647,1944135.0
2025-11-12 11:00:00+00:00,2.6406,143509.7333,2.64,1201527.0
2025-11-12 12:00:00+00:00,2.6267,92633.6651,2.627,924291.0
2025-11-12 13:00:00+00:00,2.6164,101141.1641,2.617,1465429.0
2025-11-12 14:00:00+00:00,2.5875,174208.94479426,2.59,2358995.0
2025-11-12 15:00:00+00:00,2.5285,137824.0074,2.529,4063076.0
2025-11-12 16:00:00+00:00,2.5055,358192.0825,2.506,3936522.0
2025-11-12 17:00:00+00:00,2.5134,145507.4868,2.514,1248542.0
2025-11-12 18:00:00+00:00,2.4976,96887.4182,2.498,690952.0
2025-11-12 19:00:00+00:00,2.5056,86297.344,2.506,1099019.0
2025-11-12 20:00:00+00:00,2.5615,119857.6292,2.56,964467.0
2025-11-12 21:00:00+00:00,2.5554,99072.447,2.556,812400.0
2025-11-12 22:00:00+00:00,2.5563,85068.2042,2.557,917991.0
2025-11-12 23:00:00+00:00,2.5342,90210.2273,2.534,1467940.0
2025-11-13 00:00:00+00:00,2.528,86880.8888,2.528,851190.0
2025-11-13 01:00:00+00:00,2.5326,85393.9898,2.531,777098.0
2025-11-13 02:00:00+00:00,2.5294,94206.4508,2.53,1369115.0
2025-11-13 03:00:00+00:00,2.5542,134252.9292,2.556,1274218.0
2025-11-13 04:00:00+00:00,2.5761,128578.2418,2.575,1119216.0
2025-11-13 05:00:00+00:00,2.5938,146133.2171,2.591,1007783.0
2025-11-13 06:00:00+00:00,2.5675,87447.6873,2.567,1245783.0
2025-11-13 07:00:00+00:00,2.5588,99355.6956,2.558,1095444.0
2025-11-13 08:00:00+00:00,2.5796,109712.097,2.578,735093.0
2025-11-13 09:00:00+00:00,2.5603,143094.5363,2.56,911906.0
2025-11-13 10:00:00+00:00,2.5431,119258.6851,2.542,1014818.0
2025-11-13 11:00:00+00:00,2.5388,95125.7926,2.54,852490.0
2025-11-13 12:00:00+00:00,2.5772,78693.2356,2.577,1058059.0
2025-11-13 13:00:00+00:00,2.5678,103645.5373,2.566,1062688.0
2025-11-13 14:00:00+00:00,2.5816,109208.4957,2.581,2051417.0
2025-11-13 15:00:00+00:00,2.5209,164568.2285,2.52,1319644.0
2025-11-13 16:00:00+00:00,2.468,149803.5852,2.467,1853424.0
2025-11-13 17:00:00+00:00,2.4314,178170.4196,2.432,2635064.0
2025-11-13 18:00:00+00:00,2.4131,179119.8985,2.414,1847524.0
2025-11-13 19:00:00+00:00,2.4086,186231.2251,2.409,2053055.0
2025-11-13 20:00:00+00:00,2.4079,144991.431,2.408,1513313.0
2025-11-13 21:00:00+00:00,2.4059,83764.0783,2.406,1095860.0
2025-11-13 22:00:00+00:00,2.4573,90715.5302,2.457,1801115.0
2025-11-13 23:00:00+00:00,2.448,87260.6598,2.447,1072465.0
2025-11-14 00:00:00+00:00,2.4262,78867.4762,2.427,942630.0
2025-11-14 01:00:00+00:00,2.4137,102982.9661,2.413,1251470.0
2025-11-14 02:00:00+00:00,2.4067,109428.7136,2.408,1130635.0
2025-11-14 03:00:00+00:00,2.3912,94005.7825,2.391,1631775.0
2025-11-14 04:00:00+00:00,2.3544,191595.2926,2.358,2604939.0
2025-11-14 05:00:00+00:00,2.4101,152034.1422,2.411,1482632.0
2025-11-14 06:00:00+00:00,2.4301,135583.0015,2.433,1359030.0
2025-11-14 07:00:00+00:00,2.3977,92584.1079,2.399,885918.0
2025-11-14 08:00:00+00:00,2.3765,81081.4032,2.378,714373.0
2025-11-14 09:00:00+00:00,2.3616,90025.1242,2.361,902288.0
2025-11-14 10:00:00+00:00,2.3842,78749.8317,2.384,545822.0
2025-11-14 11:00:00+00:00,2.3726,112263.9898,2.373,1173336.0
2025-11-14 12:00:00+00:00,2.3935,120288.5011,2.394,1314093.0
2025-11-14 13:00:00+00:00,2.4163,147720.605,2.414,2195135.0
2025-11-14 14:00:00+00:00,2.4319,139793.0822,2.431,2051209.0
2025-11-14 15:00:00+00:00,2.4428,129894.9939,2.439,1844193.0
2025-11-14 16:00:00+00:00,2.4314,95816.7308,2.431,922059.0
2025-11-14 17:00:00+00:00,2.4025,88433.6584,2.401,1056960.0
2025-11-14 18:00:00+00:00,2.4162,94899.6791,2.416,919538.0
2025-11-14 19:00:00+00:00,2.4388,112268.2087,2.438,895211.0
2025-11-14 20:00:00+00:00,2.3728,105107.2431,2.372,1585573.0
2025-11-14 21:00:00+00:00,2.3756,114237.5856,2.375,1085343.0
2025-11-14 22:00:00+00:00,2.3706,122012.0095,2.371,1192629.0
2025-11-14 23:00:00+00:00,2.3559,170356.0291,2.354,2226787.0
2025-11-15 00:00:00+00:00,2.3839,137189.6257,2.384,1011298.0
2025-11-15 01:00:00+00:00,2.4054,128355.5861,2.405,833542.0
2025-11-15 02:00:00+00:00,2.448,150636.1537,2.449,1376076.0
2025-11-15 03:00:00+00:00,2.4809,205667.8615,2.481,1621435.0
2025-11-15 04:00:00+00:00,2.5534,415799.5211,2.552,3832803.0
2025-11-15 05:00:00+00:00,2.5802,159799.3446,2.579,1955337.0
2025-11-15 06:00:00+00:00,2.5832,323407.7507,2.583,3608132.0
2025-11-15 07:00:00+00:00,2.5333,123043.0733,2.534,1634424.0
2025-11-15 08:00:00+00:00,2.4758,167193.8304,2.477,2422275.0
2025-11-15 09:00:00+00:00,2.4741,393204.8888,2.474,1400612.0
2025-11-15 10:00:00+00:00,2.4856,162186.0763,2.486,1033498.0
2025-11-15 11:00:00+00:00,2.4892,133330.2873,2.49,1241994.0
2025-11-15 12:00:00+00:00,2.5457,254860.5829,2.545,968486.0
2025-11-15 13:00:00+00:00,2.5141,272164.6293,2.513,1043337.0
2025-11-15 14:00:00+00:00,2.4975,154028.36,2.496,1003856.0
2025-11-15 15:00:00+00:00,2.4794,169440.1456,2.48,894448.0
2025-11-15 16:00:00+00:00,2.4698,146761.321,2.47,1238993.0
2025-11-15 17:00:00+00:00,2.4752,150254.1865,2.476,1021794.0
2025-11-15 18:00:00+00:00,2.4591,155242.3296,2.46,1013579.0
2025-11-15 19:00:00+00:00,2.4546,134660.6951,2.455,899614.0
2025-11-15 20:00:00+00:00,2.4311,146397.2504,2.429,1337781.0
2025-11-15 21:00:00+00:00,2.3929,149231.3484,2.393,1063499.0
2025-11-15 22:00:00+00:00,2.4169,150859.3884,2.416,729994.0
2025-11-15 23:00:00+00:00,2.4081,55618.0898,2.407,791838.0
2025-11-16 00:00:00+00:00,2.3889,86728.1501,2.388,1342282.0
2025-11-16 01:00:00+00:00,2.3945,79779.6187,2.395,1308881.0
2025-11-16 02:00:00+00:00,2.438,92243.9326,2.438,1126854.0
2025-11-16 03:00:00+00:00,2.4418,116699.3965,2.441,1031418.0
2025-11-16 04:00:00+00:00,2.4259,105963.269,2.425,743854.0
2025-11-16 05:00:00+00:00,2.4661,250179.3883,2.465,2737530.0
2025-11-16 06:00:00+00:00,2.4741,129599.3724,2.474,917475.0
2025-11-16 07:00:00+00:00,2.4745,125612.9724,2.473,994565.0
2025-11-16 08:00:00+00:00,2.4627,188456.2722,2.463,797375.0
2025-11-16 09:00:00+00:00,2.5159,340891.8853,2.515,2833088.0
2025-11-16 10:00:00+00:00,2.5407,341737.1206,2.543,3063536.0
2025-11-16 11:00:00+00:00,2.4829,119414.2992,2.483,1352155.0
2025-11-16 12:00:00+00:00,2.5048,132208.7505,2.503,1567688.0
2025-11-16 13:00:00+00:00,2.4184,219295.0374,2.42,2776878.0
2025-11-16 14:00:00+00:00,2.4135,164787.8113,2.415,1421807.0
2025-11-16 15:00:00+00:00,2.3418,347180.8281,2.343,2152474.0
2025-11-16 16:00:00+00:00,2.2964,292965.4589,2.298,1819385.0
2025-11-16 17:00:00+00:00,2.3001,214192.8444,2.302,1892749.0
2025-11-16 18:00:00+00:00,2.2951,192845.1726,2.295,1696181.0
2025-11-16 19:00:00+00:00,2.2751,131586.8203,2.275,1107575.0
2025-11-16 20:00:00+00:00,2.2544,149461.7425,2.254,1654965.0
2025-11-16 21:00:00+00:00,2.2618,480078.4369,2.263,1715584.0
2025-11-16 22:00:00+00:00,2.2803,205799.6555,2.279,1607294.0
2025-11-16 23:00:00+00:00,2.2899,198244.7316,2.288,1602850.0
2025-11-17 00:00:00+00:00,2.3119,145124.7824,2.312,1424695.0
2025-11-17 01:00:00+00:00,2.3182,144175.4731,2.32,1172724.0
2025-11-17 02:00:00+00:00,2.3295,124021.3037,2.329,1005070.0
2025-11-17 03:00:00+00:00,2.3151,132376.8489,2.315,865238.0
2025-11-17 04:00:00+00:00,2.3169,109706.0165,2.316,479024.0
2025-11-17 05:00:00+00:00,2.3203,106494.9465,2.32,604198.0
2025-11-17 06:00:00+00:00,2.3147,140624.5268,2.314,1037903.0
2025-11-17 07:00:00+00:00,2.3179,120534.08349976,2.318,749098.0
2025-11-17 08:00:00+00:00,2.3013,196309.3507,2.301,665402.0
2025-11-17 09:00:00+00:00,2.3049,129117.7282,2.304,409470.0
2025-11-17 10:00:00+00:00,2.3208,118491.1385,2.322,617650.0
2025-11-17 11:00:00+00:00,2.3091,89559.8012,2.309,700727.0
2025-11-17 12:00:00+00:00,2.295,98187.0006,2.295,846152.0
2025-11-17 13:00:00+00:00,2.2323,259716.3538,2.234,2647378.0
2025-11-17 14:00:00+00:00,2.294,405107.635,2.292,2009713.0
2025-11-17 15:00:00+00:00,2.2728,218745.2943,2.273,1371853.0
2025-11-17 16:00:00+00:00,2.3138,290109.7631,2.314,3085652.0
2025-11-17 17:00:00+00:00,2.2526,303058.3151,2.252,1444066.0
2025-11-17 18:00:00+00:00,2.2331,459913.2182,2.235,2388657.0
2025-11-17 19:00:00+00:00,2.1972,959417.5605,2.198,5247248.0
2025-11-17 20:00:00+00:00,2.2063,257694.3174,2.208,1501843.0
2025-11-17 21:00:00+00:00,2.2021,146710.6854,2.201,1374579.0
2025-11-17 22:00:00+00:00,2.2151,151886.7317,2.214,1210412.0
2025-11-17 23:00:00+00:00,2.2698,160789.5037,2.27,1536762.0
2025-11-18 00:00:00+00:00,2.2722,128758.119,2.273,1277950.0
2025-11-18 01:00:00+00:00,2.273,159438.2381,2.273,1327849.0
2025-11-18 02:00:00+00:00,2.2747,155563.9918,2.272,1500702.0
2025-11-18 03:00:00+00:00,2.3076,121542.2572,2.308,1240516.0
2025-11-18 04:00:00+00:00,2.2842,1085959.6087,2.286,1408914.0
2025-11-18 05:00:00+00:00,2.2691,185504.5918,2.269,1008922.0
2025-11-18 06:00:00+00:00,2.2391,138981.5788,2.24,1065587.0
2025-11-18 07:00:00+00:00,2.2581,141603.0839,2.258,953979.0
2025-11-18 08:00:00+00:00,2.256,137048.6839,2.256,1045388.0
2025-11-18 09:00:00+00:00,2.2463,104631.157,2.247,631181.0
2025-11-18 10:00:00+00:00,2.2664,194141.6183,2.266,1676805.0
2025-11-18 11:00:00+00:00,2.2215,190929.828,2.221,729358.0
2025-11-18 12:00:00+00:00,2.2432,148304.5339,2.244,1009908.0
2025-11-18 13:00:00+00:00,2.2419,172047.219,2.242,677456.0
2025-11-18 14:00:00+00:00,2.2138,193783.3319,2.214,1219776.0
2025-11-18 15:00:00+00:00,2.261,199126.0428,2.263,1946506.0
2025-11-18 16:00:00+00:00,2.3249,328880.6136,2.326,3465850.0
2025-11-18 17:00:00+00:00,2.3041,172637.2403,2.305,1008043.0
2025-11-18 18:00:00+00:00,2.3301,267205.3927,2.331,1068807.0
2025-11-18 19:00:00+00:00,2.3053,254680.8416,2.307,1045805.0
2025-11-18 20:00:00+00:00,2.2947,106099.2723,2.295,676357.0
2025-11-18 21:00:00+00:00,2.2713,109642.4202,2.272,957633.0
2025-11-18 22:00:00+00:00,2.2941,154378.4207,2.295,903032.0
2025-11-18 23:00:00+00:00,2.2753,167142.0989,2.275,590026.0
2025-11-19 00:00:00+00:00,2.2856,157194.7024,2.284,629291.0
2025-11-19 01:00:00+00:00,2.2883,128415.755,2.287,741040.0
2025-11-19 02:00:00+00:00,2.2924,125054.6737,2.293,533432.0
2025-11-19 03:00:00+00:00,2.2589,179615.5385,2.259,474756.0
2025-11-19 04:00:00+00:00,2.2578,122287.2933,2.257,747364.0
2025-11-19 05:00:00+00:00,2.2053,207758.8579,2.205,1736596.0
2025-11-19 06:00:00+00:00,2.2235,186903.0799,2.225,1233874.0
2025-11-19 07:00:00+00:00,2.2419,106861.3553,2.242,613784.0
2025-11-19 08:00:00+00:00,2.2392,204183.2807,2.238,1402782.0
2025-11-19 09:00:00+00:00,2.2846,271761.2759,2.286,1369203.0
2025-11-19 10:00:00+00:00,2.2905,171508.4134,2.291,1039778.0
2025-11-19 11:00:00+00:00,2.3014,251212.6716,2.302,685146.0
2025-11-19 12:00:00+00:00,2.2923,207476.2113,2.292,721521.0
2025-11-19 13:00:00+00:00,2.2661,167691.2494,2.266,882595.0
2025-11-19 14:00:00+00:00,2.2753,245676.79429198,2.276,2518036.0
2025-11-19 15:00:00+00:00,2.2316,351966.8957,2.232,2953753.0
2025-11-19 16:00:00+00:00,2.206,685582.198,2.204,1869641.0
2025-11-19 17:00:00+00:00,2.2483,1049749.29818325,2.246,2342466.0
2025-11-19 18:00:00+00:00,2.2085,730265.5855,2.205,3283897.0
2025-11-19 19:00:00+00:00,2.1996,173803.7508,2.2,2026653.0
2025-11-19 20:00:00+00:00,2.2127,113519.8471,2.212,1117018.0
2025-11-19 21:00:00+00:00,2.3088,342737.5965,2.309,3650362.0
2025-11-19 22:00:00+00:00,2.3332,238742.9849,2.332,1216128.0
2025-11-19 23:00:00+00:00,2.3766,208216.2684,2.376,1993322.0
2025-11-20 00:00:00+00:00,2.3417,165577.4161,2.342,1470722.0
2025-11-20 01:00:00+00:00,2.3701,171444.4471,2.369,1037411.0
2025-11-20 02:00:00+00:00,2.4062,171667.2586,2.404,849029.0
2025-11-20 03:00:00+00:00,2.361,173958.5856,2.36,857569.0
2025-11-20 04:00:00+00:00,2.3895,268478.4585,2.391,789758.0
2025-11-20 05:00:00+00:00,2.3781,156367.8466,2.377,874069.0
2025-11-20 06:00:00+00:00,2.3599,408292.4011,2.362,670060.0
2025-11-20 07:00:00+00:00,2.396,586154.8689,2.398,1269395.0
2025-11-20 08:00:00+00:00,2.3857,175377.0658,2.386,937014.0
2025-11-20 09:00:00+00:00,2.3682,265327.032,2.368,1237359.0
2025-11-20 10:00:00+00:00,2.3479,106482.6663,2.346,861359.0
2025-11-20 11:00:00+00:00,2.3522,99449.5564,2.351,988888.0
2025-11-20 12:00:00+00:00,2.3593,111172.2826,2.358,844243.0
2025-11-20 13:00:00+00:00,2.3189,288549.0212,2.318,1371936.0
2025-11-20 14:00:00+00:00,2.3125,244466.2364,2.312,1633952.0
2025-11-20 15:00:00+00:00,2.2597,329972.1421,2.259,1583444.0
2025-11-20 16:00:00+00:00,2.1521,1150536.6931,2.152,6062704.0
2025-11-20 17:00:00+00:00,2.1442,297489.402,2.144,2525861.0
2025-11-20 18:00:00+00:00,2.1161,186486.2472,2.116,2080096.0
2025-11-20 19:00:00+00:00,2.1208,189848.3993,2.121,2522324.0
2025-11-20 20:00:00+00:00,2.0988,109592.1202,2.099,1361002.0
2025-11-20 21:00:00+00:00,2.1281,120108.9035,2.128,1396659.0
2025-11-20 22:00:00+00:00,2.1523,139554.1559,2.151,1209351.0
2025-11-20 23:00:00+00:00,2.0749,218322.3339,2.073,2783483.0
2025-11-21 00:00:00+00:00,2.0669,199654.8769,2.066,1878486.0
2025-11-21 01:00:00+00:00,2.0754,209971.4088,2.076,1215401.0
2025-11-21 02:00:00+00:00,2.0456,210868.8515,2.046,1237729.0
2025-11-21 03:00:00+00:00,2.0531,161309.6368,2.054,916984.0
2025-11-21 04:00:00+00:00,2.0472,172731.7969,2.046,1217035.0
2025-11-21 05:00:00+00:00,2.0377,125458.4305,2.037,850348.0
2025-11-21 06:00:00+00:00,2.017,117482.3106,2.018,783836.0
2025-11-21 07:00:00+00:00,1.9521,707407.61841111,1.951,6965833.0
2025-11-21 08:00:00+00:00,1.9677,222056.091,1.967,2055156.0
2025-11-21 09:00:00+00:00,1.937,201908.6371,1.937,1885625.0
2025-11-21 10:00:00+00:00,1.9221,329083.8182,1.922,1851973.0
2025-11-21 11:00:00+00:00,1.9002,193770.1247,1.899,1183079.0
2025-11-21 12:00:00+00:00,1.9274,405370.0457,1.925,2325538.0
2025-11-21 13:00:00+00:00,1.9288,387238.8037,1.927,5504457.0
2025-11-21 14:00:00+00:00,1.9196,374897.3919,1.919,2945809.0
2025-11-21 15:00:00+00:00,1.8924,266596.9482,1.892,1847673.0
2025-11-21 16:00:00+00:00,1.9195,313595.8434,1.918,2320681.0
2025-11-21 17:00:00+00:00,1.9001,201756.1448,1.898,1863626.0
2025-11-21 18:00:00+00:00,1.8913,303690.5684,1.89,2852534.0
2025-11-21 19:00:00+00:00,1.8711,263716.396,1.87,2284775.0
2025-11-21 20:00:00+00:00,1.8455,331469.2355,1.844,2347931.0
2025-11-21 21:00:00+00:00,1.8815,216130.0219,1.88,1660382.0
2025-11-21 22:00:00+00:00,1.8301,228705.8889,1.829,2209536.0
2025-11-21 23:00:00+00:00,1.8636,173554.9896,1.864,2265942.0
2025-11-22 00:00:00+00:00,1.8607,172179.9132,1.86,1022431.0
2025-11-22 01:00:00+00:00,1.8861,243489.6942,1.884,1782729.0
2025-11-22 02:00:00+00:00,1.8819,181331.9827,1.882,922611.0
2025-11-22 03:00:00+00:00,1.8806,164862.5651,1.879,860990.0
2025-11-22 04:00:00+00:00,1.8743,212486.7641,1.874,1122399.0
2025-11-22 05:00:00+00:00,1.8514,168302.1683,1.85,971430.0
2025-11-22 06:00:00+00:00,1.8596,184954.3624,1.86,1320441.0
2025-11-22 07:00:00+00:00,1.8471,141130.3177,1.847,868534.0
2025-11-22 08:00:00+00:00,1.814,227740.7586,1.812,1200169.0
2025-11-22 09:00:00+00:00,1.8451,164045.4328,1.846,855741.0
2025-11-22 10:00:00+00:00,1.8336,162700.26027979,1.832,525716.0
2025-11-22 11:00:00+00:00,1.8404,187075.0471,1.84,895817.0
2025-11-22 12:00:00+00:00,1.8182,211213.4688,1.818,1187586.0
2025-11-22 13:00:00+00:00,1.8193,203189.8768,1.819,921543.0
2025-11-22 14:00:00+00:00,1.8228,138434.5909,1.825,802671.0
2025-11-22 15:00:00+00:00,1.8165,187889.662,1.816,953498.0
2025-11-22 16:00:00+00:00,1.8288,195627.9097,1.828,873772.0
2025-11-22 17:00:00+00:00,1.8098,155940.9181,1.809,1169802.0
2025-11-22 18:00:00+00:00,1.8155,136458.2838,1.815,679300.0
2025-11-22 19:00:00+00:00,1.8104,158026.2023,1.815,438235.0
2025-11-22 20:00:00+00:00,1.807,136481.5832,1.807,960157.0
2025-11-22 21:00:00+00:00,1.8197,128896.587,1.82,558987.0
2025-11-22 22:00:00+00:00,1.8624,187474.1732,1.861,2527622.0
2025-11-22 23:00:00+00:00,1.8411,199809.9448,1.84,1873955.0
2025-11-23 00:00:00+00:00,1.8489,147533.4623,1.847,777005.0
2025-11-23 01:00:00+00:00,1.8816,209428.3269,1.883,917934.0
2025-11-23 02:00:00+00:00,1.9046,472193.8656,1.904,1209978.0
2025-11-23 03:00:00+00:00,1.899,396015.0752,1.898,824785.0
2025-11-23 04:00:00+00:00,1.887,201658.3584,1.886,848694.0
2025-11-23 05:00:00+00:00,1.8825,150762.6589,1.882,533528.0
2025-11-23 06:00:00+00:00,1.87,178778.8407,1.87,513546.0
2025-11-23 07:00:00+00:00,1.8599,147993.1568,1.855,778931.0
2025-11-23 08:00:00+00:00,1.8744,137776.0982,1.873,403844.0
2025-11-23 09:00:00+00:00,1.8671,167689.4771,1.866,464940.0
2025-11-23 10:00:00+00:00,1.8552,159840.9994,1.857,473490.0
2025-11-23 11:00:00+00:00,1.8487,152658.1362,1.848,694737.0
2025-11-23 12:00:00+00:00,1.8573,175372.2558,1.855,697500.0
2025-11-23 13:00:00+00:00,1.8626,161884.2203,1.862,510387.0
2025-11-23 14:00:00+00:00,1.8427,147964.9067,1.843,1042696.0
2025-11-23 15:00:00+00:00,1.8631,95642.6792,1.863,616527.0
2025-11-23 16:00:00+00:00,1.8397,94053.0193,1.841,925809.0
2025-11-23 17:00:00+00:00,1.8188,135229.0967,1.82,2039409.0
2025-11-23 18:00:00+00:00,1.8355,303426.7606,1.835,848891.0
2025-11-23 19:00:00+00:00,1.8496,107703.2379,1.849,495113.0
2025-11-23 20:00:00+00:00,1.8572,112080.1424,1.856,439964.0
2025-11-23 21:00:00+00:00,1.8618,79732.2463,1.861,579664.0
2025-11-23 22:00:00+00:00,1.8539,189791.4637,1.852,946297.0
2025-11-23 23:00:00+00:00,1.8222,316878.538,1.822,842385.0
2025-11-24 00:00:00+00:00,1.8241,273715.2557,1.824,2072623.0
2025-11-24 01:00:00+00:00,1.8311,148766.3267,1.831,889059.0
2025-11-24 02:00:00+00:00,1.8654,201182.7932,1.864,2196658.0
2025-11-24 03:00:00+00:00,1.8725,124585.4677,1.872,765655.0
2025-11-24 04:00:00+00:00,1.8463,153498.7035,1.846,683442.0
2025-11-24 05:00:00+00:00,1.8711,246216.8641,1.871,990883.0
2025-11-24 06:00:00+00:00,1.8569,200572.733,1.857,751034.0
2025-11-24 07:00:00+00:00,1.8486,165282.7398,1.85,525393.0
2025-11-24 08:00:00+00:00,1.8544,190849.414,1.855,644513.0
2025-11-24 09:00:00+00:00,1.8323,210657.0655,1.833,965237.0
2025-11-24 10:00:00+00:00,1.8441,179395.603,1.845,689492.0
2025-11-24 11:00:00+00:00,1.8667,171810.6748,1.867,890636.0
2025-11-24 12:00:00+00:00,1.8517,145747.1375,1.853,601105.0
2025-11-24 13:00:00+00:00,1.9097,321076.885,1.909,2441214.0
2025-11-24 14:00:00+00:00,1.9031,415002.2801,1.902,2164481.0
2025-11-24 15:00:00+00:00,1.9275,305288.2904,1.929,1575909.0
2025-11-24 16:00:00+00:00,1.9409,302085.1619,1.94,1019776.0
2025-11-24 17:00:00+00:00,1.9728,300763.9571,1.972,2302374.0
2025-11-24 18:00:00+00:00,1.9563,275506.2035,1.954,2009300.0
2025-11-24 19:00:00+00:00,1.9511,228007.5338,1.951,1045023.0
2025-11-24 20:00:00+00:00,1.9635,264049.2094,1.963,790123.0
2025-11-24 21:00:00+00:00,1.9321,221600.2908,1.933,1657527.0
2025-11-24 22:00:00+00:00,1.9413,140093.4982,1.942,878620.0
2025-11-24 23:00:00+00:00,1.9057,158075.2626,1.907,898351.0
2025-11-25 00:00:00+00:00,1.926,222642.9709,1.926,1392178.0
2025-11-25 01:00:00+00:00,1.9174,176478.0229,1.917,595169.0
2025-11-25 02:00:00+00:00,1.9208,155017.7126,1.921,562131.0
2025-11-25 03:00:00+00:00,1.9101,167554.6541,1.91,496984.0
2025-11-25 04:00:00+00:00,1.8993,248196.9661,1.9,900534.0
2025-11-25 05:00:00+00:00,1.8963,211081.5162,1.896,635423.0
2025-11-25 06:00:00+00:00,1.872,248287.7259,1.872,895416.0
2025-11-25 07:00:00+00:00,1.8495,273841.938,1.851,2044234.0
2025-11-25 08:00:00+00:00,1.848,233373.6661,1.848,1395077.0
2025-11-25 09:00:00+00:00,1.862,196052.3049,1.864,951508.0
2025-11-25 10:00:00+00:00,1.8611,171674.8587,1.862,566937.0
2025-11-25 11:00:00+00:00,1.855,200630.2686,1.857,1766753.0
2025-11-25 12:00:00+00:00,1.8703,215426.6602,1.872,2637166.0
2025-11-25 13:00:00+00:00,1.8539,235214.3084,1.855,1610337.0
2025-11-25 14:00:00+00:00,1.8371,220952.4871,1.838,2093940.0
2025-11-25 15:00:00+00:00,1.8431,219491.1177,1.844,1224455.0
2025-11-25 16:00:00+00:00,1.8704,261779.2109,1.87,1529433.0
2025-11-25 17:00:00+00:00,1.9021,241144.0438,1.903,2268514.0
2025-11-25 18:00:00+00:00,1.8989,140330.652,1.9,1492774.0
2025-11-25 19:00:00+00:00,1.8928,138053.4532,1.894,1096119.0
2025-11-25 20:00:00+00:00,1.9004,125975.573,1.901,1153158.0
2025-11-25 21:00:00+00:00,1.8931,116616.1006,1.894,782844.0
2025-11-25 22:00:00+00:00,1.9197,99558.4296,1.92,1337684.0
2025-11-25 23:00:00+00:00,1.9129,128726.2112,1.913,1060022.0
2025-11-26 00:00:00+00:00,1.9141,98609.0136,1.917,400702.0
2025-11-26 01:00:00+00:00,1.9168,76371.0718,1.916,500038.0
2025-11-26 02:00:00+00:00,1.8972,118541.3317,1.899,500130.0
2025-11-26 03:00:00+00:00,1.8828,114660.5896,1.883,764288.0
2025-11-26 04:00:00+00:00,1.875,131382.2423,1.875,674701.0
2025-11-26 05:00:00+00:00,1.8919,76136.1081,1.893,373856.0
2025-11-26 06:00:00+00:00,1.8903,100515.8838,1.891,574510.0
2025-11-26 07:00:00+00:00,1.8897,137878.0396,1.889,759006.0
2025-11-26 08:00:00+00:00,1.8641,148120.6892,1.865,2686662.0
2025-11-26 09:00:00+00:00,1.8631,168173.6986,1.86,673697.0
2025-11-26 10:00:00+00:00,1.8606,150387.3967,1.859,515634.0
2025-11-26 11:00:00+00:00,1.8581,51226.4382,1.857,650152.0
2025-11-26 12:00:00+00:00,1.8538,73442.3882,1.854,648718.0
2025-11-26 13:00:00+00:00,1.8806,122895.6618,1.881,634036.0
2025-11-26 14:00:00+00:00,1.8666,102897.4362,1.865,779190.0
2025-11-26 15:00:00+00:00,1.8593,101024.7564,1.86,974734.0
2025-11-26 16:00:00+00:00,1.8746,129356.3685,1.874,984195.0
2025-11-26 17:00:00+00:00,1.9385,125755.7774,1.938,1346148.0
2025-11-26 18:00:00+00:00,1.9589,144030.8316,1.957,2454948.0
2025-11-26 19:00:00+00:00,1.9437,99054.4485,1.944,636702.0
2025-11-26 20:00:00+00:00,1.9325,75512.4452,1.933,495346.0
2025-11-26 21:00:00+00:00,1.9441,68619.9831,1.944,579579.0
2025-11-26 22:00:00+00:00,1.9385,76728.9644,1.938,773967.0
2025-11-26 23:00:00+00:00,1.9377,71530.2821,1.938,463056.0
2025-11-27 00:00:00+00:00,1.9257,75351.2633,1.926,465775.0
2025-11-27 01:00:00+00:00,1.9425,77537.4113,1.942,469765.0
2025-11-27 02:00:00+00:00,1.9272,90828.0376,1.928,563005.0
2025-11-27 03:00:00+00:00,1.9153,76126.8511,1.917,232298.0
2025-11-27 04:00:00+00:00,1.9228,68193.7721,1.923,156587.0
2025-11-27 05:00:00+00:00,1.9184,80496.194,1.918,576419.0
2025-11-27 06:00:00+00:00,1.9322,62664.3857,1.933,363159.0
2025-11-27 07:00:00+00:00,1.9258,77702.8585,1.925,378513.0
2025-11-27 08:00:00+00:00,1.9255,67223.0834,1.925,461744.0
2025-11-27 09:00:00+00:00,1.9296,72580.2378,1.93,358502.0
2025-11-27 10:00:00+00:00,1.9316,180813.6641,1.931,847161.0
2025-11-27 11:00:00+00:00,1.9189,73636.7853,1.919,362989.0
2025-11-27 12:00:00+00:00,1.9076,102427.6519,1.909,627234.0
2025-11-27 13:00:00+00:00,1.9102,64106.4809,1.913,718921.0
2025-11-27 14:00:00+00:00,1.9256,71386.7277,1.927,414673.0
2025-11-27 15:00:00+00:00,1.9354,67024.6997,1.935,439087.0
2025-11-27 16:00:00+00:00,1.944,71471.2429,1.946,708615.0
2025-11-27 17:00:00+00:00,1.9377,86716.9582,1.938,306632.0
2025-11-27 18:00:00+00:00,1.9446,71898.7172,1.945,311464.0
2025-11-27 19:00:00+00:00,1.938,65924.6551,1.937,217482.0
2025-11-27 20:00:00+00:00,1.9363,88880.1044,1.938,314620.0
2025-11-27 21:00:00+00:00,1.9273,79671.5363,1.927,596361.0
2025-11-27 22:00:00+00:00,1.9106,85043.2779,1.911,690393.0
2025-11-27 23:00:00+00:00,1.9062,83736.7579,1.906,837231.0
2025-11-28 00:00:00+00:00,1.9095,65841.6869,1.91,296703.0
2025-11-28 01:00:00+00:00,1.8783,87217.2035,1.878,1071144.0
2025-11-28 02:00:00+00:00,1.8897,117446.0363,1.89,680423.0
2025-11-28 03:00:00+00:00,1.8899,70153.5601,1.89,200167.0
2025-11-28 04:00:00+00:00,1.8784,68446.4708,1.879,408740.0
2025-11-28 05:00:00+00:00,1.8875,66055.7888,1.889,318664.0
2025-11-28 06:00:00+00:00,1.8811,65568.0028,1.882,252906.0
2025-11-28 07:00:00+00:00,1.8861,79328.411,1.886,216569.0
2025-11-28 08:00:00+00:00,1.9384,96555.0013,1.939,974749.0
2025-11-28 09:00:00+00:00,1.9239,82261.1225,1.923,330625.0
2025-11-28 10:00:00+00:00,1.9256,69543.2456,1.926,402480.0
2025-11-28 11:00:00+00:00,1.8986,84491.3021,1.899,450521.0
2025-11-28 12:00:00+00:00,1.8976,73033.4771,1.897,167930.0
2025-11-28 13:00:00+00:00,1.923,90105.0129,1.923,683143.0
2025-11-28 14:00:00+00:00,1.9251,106788.3448,1.924,931630.0
2025-11-28 15:00:00+00:00,1.9343,95314.1907,1.935,945592.0
2025-11-28 16:00:00+00:00,1.8935,101338.082,1.892,833102.0
2025-11-28 17:00:00+00:00,1.8783,95032.4414,1.878,1158960.0
2025-11-28 18:00:00+00:00,1.8721,136256.7915,1.872,1588436.0
2025-11-28 19:00:00+00:00,1.8875,86109.0051,1.888,662353.0
2025-11-28 20:00:00+00:00,1.8834,63909.401,1.884,494153.0
2025-11-28 21:00:00+00:00,1.8682,78071.3295,1.869,572471.0
2025-11-28 22:00:00+00:00,1.8836,87211.9552,1.884,1478443.0
2025-11-28 23:00:00+00:00,1.8783,79469.7936,1.879,678247.0
2025-11-29 00:00:00+00:00,1.8756,78461.3089,1.873,360642.0
2025-11-29 01:00:00+00:00,1.8743,76373.7451,1.876,325445.0
2025-11-29 02:00:00+00:00,1.8743,62216.9233,1.873,231778.0
2025-11-29 03:00:00+00:00,1.8785,75350.2894,1.879,201000.0
2025-11-29 04:00:00+00:00,1.8955,79998.2723,1.896,427764.0
2025-11-29 05:00:00+00:00,1.8915,84441.2696,1.891,575080.0
2025-11-29 06:00:00+00:00,1.8838,83732.867,1.884,620692.0
2025-11-29 07:00:00+00:00,1.8725,151831.4188,1.873,410930.0
2025-11-29 08:00:00+00:00,1.8713,54727.3036,1.871,331908.0
2025-11-29 09:00:00+00:00,1.8782,42594.806,1.879,248529.0
2025-11-29 10:00:00+00:00,1.8855,81563.3012,1.886,410511.0
2025-11-29 11:00:00+00:00,1.8907,75340.0655,1.891,307823.0
2025-11-29 12:00:00+00:00,1.8774,102015.0935,1.88,305228.0
2025-11-29 13:00:00+00:00,1.8765,74169.857,1.878,139119.0
2025-11-29 14:00:00+00:00,1.8625,103565.7167,1.863,414449.0
2025-11-29 15:00:00+00:00,1.8772,107901.8589,1.877,518156.0
2025-11-29 16:00:00+00:00,1.8698,103307.5344,1.87,447324.0
2025-11-29 17:00:00+00:00,1.8477,111599.8541,1.848,814073.0
2025-11-29 18:00:00+00:00,1.8453,133057.6829,1.845,1950537.0
2025-11-29 19:00:00+00:00,1.8444,173137.4333,1.844,317028.0
2025-11-29 20:00:00+00:00,1.852,79088.541,1.852,232937.0
2025-11-29 21:00:00+00:00,1.8474,47089.1156,1.847,253559.0
2025-11-29 22:00:00+00:00,1.848,113718.6662,1.848,574434.0
2025-11-29 23:00:00+00:00,1.8518,51644.9337,1.851,462104.0
2025-11-30 00:00:00+00:00,1.8517,103229.3453,1.851,773833.0
2025-11-30 01:00:00+00:00,1.8574,56906.2499,1.857,262207.0
2025-11-30 02:00:00+00:00,1.8497,69361.3866,1.849,300379.0
2025-11-30 03:00:00+00:00,1.8538,94269.7175,1.853,858708.0
2025-11-30 04:00:00+00:00,1.8503,239572.709,1.85,246846.0
2025-11-30 05:00:00+00:00,1.8415,109305.3702,1.84,419111.0
2025-11-30 06:00:00+00:00,1.8483,67127.9727,1.848,331010.0
2025-11-30 07:00:00+00:00,1.8518,64931.9509,1.852,234548.0
2025-11-30 08:00:00+00:00,1.8469,67439.9744,1.847,642697.0
2025-11-30 09:00:00+00:00,1.8519,95030.057,1.852,431952.0
2025-11-30 10:00:00+00:00,1.8454,58332.514,1.845,340728.0
2025-11-30 11:00:00+00:00,1.8351,42766.0478,1.836,252659.0
2025-11-30 12:00:00+00:00,1.8493,62988.0153,1.849,589551.0
2025-11-30 13:00:00+00:00,1.8631,94298.5275,1.862,1055883.0
2025-11-30 14:00:00+00:00,1.8449,72275.1379,1.845,366865.0
2025-11-30 15:00:00+00:00,1.8445,75615.4052,1.846,629721.0
2025-11-30 16:00:00+00:00,1.8632,107661.6183,1.863,415802.0
2025-11-30 17:00:00+00:00,1.8641,65560.1179,1.866,498993.0
2025-11-30 18:00:00+00:00,1.8577,65697.0201,1.855,316989.0
2025-11-30 19:00:00+00:00,1.8565,61072.3826,1.856,432904.0
2025-11-30 20:00:00+00:00,1.8585,63700.4604,1.859,752903.0
2025-11-30 21:00:00+00:00,1.8497,51517.9758,1.85,269462.0
2025-11-30 22:00:00+00:00,1.8583,61854.3954,1.859,964716.0
2025-11-30 23:00:00+00:00,1.806,360925.509,1.806,3421491.0
2025-12-01 00:00:00+00:00,1.6989,628514.0122,1.701,10486876.0
2025-12-01 01:00:00+00:00,1.6975,333962.7502,1.696,1450626.0
2025-12-01 02:00:00+00:00,1.7029,136977.2883,1.703,1198191.0
2025-12-01 03:00:00+00:00,1.6757,449674.028,1.678,2200180.0
2025-12-01 04:00:00+00:00,1.6664,111035.732,1.667,1295806.0
2025-12-01 05:00:00+00:00,1.6716,132558.0325,1.673,790086.0
2025-12-01 06:00:00+00:00,1.6671,83250.7632,1.668,666749.0
2025-12-01 07:00:00+00:00,1.6655,130501.8522,1.667,1335566.0
2025-12-01 08:00:00+00:00,1.6671,98467.2253,1.668,526852.0
2025-12-01 09:00:00+00:00,1.6583,169975.8446,1.658,2465191.0
2025-12-01 10:00:00+00:00,1.6545,77801.9615,1.655,207301.0
2025-12-01 11:00:00+00:00,1.634,225964.4707,1.634,1652984.0
2025-12-01 12:00:00+00:00,1.6286,225359.5565,1.629,3114417.0
2025-12-01 14:00:00+00:00,1.6169,138712.2457,1.617,1432487.0
2025-12-01 15:00:00+00:00,1.6154,225270.9163,1.615,2538179.0
2025-12-01 16:00:00+00:00,1.6049,137685.2821,1.604,942962.0
2025-12-01 17:00:00+00:00,1.6011,126880.0541,1.604,1255613.0
2025-12-01 18:00:00+00:00,1.6149,140681.1888,1.615,802606.0
2025-12-01 19:00:00+00:00,1.6044,133408.1837,1.604,872714.0
2025-12-01 20:00:00+00:00,1.6205,137851.4497,1.621,1004812.0
2025-12-01 21:00:00+00:00,1.6292,148687.3464,1.63,1253793.0
2025-12-01 22:00:00+00:00,1.6331,102615.7697,1.633,1325628.0
2025-12-01 23:00:00+00:00,1.6265,105930.3261,1.626,1363741.0
2025-12-02 00:00:00+00:00,1.6278,90562.8634,1.627,517168.0
2025-12-02 01:00:00+00:00,1.6382,103444.4901,1.638,772839.0
2025-12-02 02:00:00+00:00,1.6451,104930.8938,1.644,809923.0
2025-12-02 03:00:00+00:00,1.6579,126142.8688,1.655,962289.0
2025-12-02 04:00:00+00:00,1.6548,97107.0233,1.657,704802.0
2025-12-02 05:00:00+00:00,1.6604,64263.8476,1.659,1387444.0
2025-12-02 06:00:00+00:00,1.6745,101130.4824,1.675,1152816.0
2025-12-02 07:00:00+00:00,1.6817,173189.4161,1.68,1703008.0
2025-12-02 08:00:00+00:00,1.6828,145780.5839,1.682,1422963.0
2025-12-02 09:00:00+00:00,1.697,156266.182,1.697,1242473.0
2025-12-02 10:00:00+00:00,1.6991,127273.6828,1.698,1373094.0
2025-12-02 11:00:00+00:00,1.7214,126305.6986,1.721,650149.0
2025-12-02 12:00:00+00:00,1.7475,197858.3713,1.747,1385434.0
2025-12-02 13:00:00+00:00,1.7368,230876.6813,1.736,2857329.0
2025-12-02 14:00:00+00:00,1.7532,132887.8772,1.752,1332419.0
2025-12-02 15:00:00+00:00,1.8224,225997.1308,1.824,2973753.0
2025-12-02 16:00:00+00:00,1.8033,203740.2956,1.804,1801464.0
2025-12-02 17:00:00+00:00,1.8247,127170.86093405,1.823,1493406.0
2025-12-02 18:00:00+00:00,1.8176,120398.599,1.817,993183.0
2025-12-02 19:00:00+00:00,1.8054,81075.736,1.808,851436.0
2025-12-02 20:00:00+00:00,1.8005,127032.091,1.8,623812.0
2025-12-02 21:00:00+00:00,1.8059,77298.1846,1.806,849279.0
2025-12-02 22:00:00+00:00,1.8177,86297.6894,1.819,724587.0
2025-12-02 23:00:00+00:00,1.8036,85417.433,1.804,598123.0
2025-12-03 00:00:00+00:00,1.7936,97364.1424,1.794,696042.0
2025-12-03 01:00:00+00:00,1.7972,105842.5695,1.797,470373.0
2025-12-03 02:00:00+00:00,1.8099,171296.1243,1.811,1237479.0
2025-12-03 03:00:00+00:00,1.8152,127585.9585,1.816,539240.0
2025-12-03 04:00:00+00:00,1.8203,149963.5428,1.82,1009974.0
2025-12-03 05:00:00+00:00,1.8231,110617.3309,1.824,549553.0
2025-12-03 06:00:00+00:00,1.824,150838.8574,1.821,1045224.0
2025-12-03 07:00:00+00:00,1.8154,84782.2525,1.815,509161.0
2025-12-03 08:00:00+00:00,1.8224,102915.0182,1.822,969850.0
2025-12-03 09:00:00+00:00,1.8182,72277.131,1.82,673728.0
2025-12-03 10:00:00+00:00,1.7949,94556.8322,1.792,945790.0
2025-12-03 11:00:00+00:00,1.8003,65995.9834,1.802,687450.0
2025-12-03 12:00:00+00:00,1.7915,111672.5076,1.791,648966.0
2025-12-03 13:00:00+00:00,1.8008,84376.2009,1.8,512480.0
2025-12-03 14:00:00+00:00,1.791,671168.6883,1.796,3655920.0
2025-12-03 15:00:00+00:00,1.8028,152839.9827,1.802,974169.0
2025-12-03 16:00:00+00:00,1.7954,132157.1476,1.796,659097.0
2025-12-03 17:00:00+00:00,1.8157,408982.6422,1.817,663969.0
2025-12-03 18:00:00+00:00,1.8118,110033.7132,1.812,741854.0
2025-12-03 19:00:00+00:00,1.8245,80767.7214,1.825,275279.0
2025-12-03 20:00:00+00:00,1.8215,136250.93,1.823,580377.0
2025-12-03 21:00:00+00:00,1.8544,137980.0995,1.855,709967.0
2025-12-03 22:00:00+00:00,1.8583,166219.8229,1.857,1236289.0
2025-12-03 23:00:00+00:00,1.8456,116906.9016,1.846,673125.0
2025-12-04 00:00:00+00:00,1.8461,93196.4832,1.846,593025.0
2025-12-04 01:00:00+00:00,1.8504,97564.7862,1.85,432568.0
2025-12-04 02:00:00+00:00,1.8679,152932.9988,1.868,587815.0
2025-12-04 03:00:00+00:00,1.8619,83458.2925,1.862,531800.0
2025-12-04 04:00:00+00:00,1.8795,73090.8496,1.879,450440.0
2025-12-04 05:00:00+00:00,1.8742,121560.0437,1.875,1024489.0
2025-12-04 06:00:00+00:00,1.8668,81887.2826,1.868,412951.0
2025-12-04 07:00:00+00:00,1.8577,108285.5354,1.858,669054.0
2025-12-04 08:00:00+00:00,1.8816,119598.5353,1.881,1035136.0
2025-12-04 09:00:00+00:00,1.8944,119744.0077,1.897,688225.0
2025-12-04 10:00:00+00:00,1.8758,128585.9428,1.876,895491.0
2025-12-04 11:00:00+00:00,1.8628,98630.2472,1.863,640920.0
2025-12-04 12:00:00+00:00,1.8577,96273.604,1.857,578905.0
2025-12-04 13:00:00+00:00,1.8344,382833.8293,1.836,1092325.0
2025-12-04 14:00:00+00:00,1.8223,172609.6651,1.822,1263732.0
2025-12-04 15:00:00+00:00,1.8347,149325.812,1.835,1430043.0
2025-12-04 16:00:00+00:00,1.8146,134956.1614,1.815,650903.0
2025-12-04 17:00:00+00:00,1.8056,126266.3165,1.806,672380.0
2025-12-04 18:00:00+00:00,1.7925,103340.8405,1.792,788950.0
2025-12-04 19:00:00+00:00,1.7887,144393.04353375,1.79,1273976.0
2025-12-04 20:00:00+00:00,1.805,115872.6893,1.804,541576.0
2025-12-04 21:00:00+00:00,1.7876,84655.7447,1.787,486250.0
2025-12-04 22:00:00+00:00,1.7965,88798.0856,1.796,566243.0
2025-12-04 23:00:00+00:00,1.7969,73499.8117,1.797,327240.0
2025-12-05 00:00:00+00:00,1.7992,95533.516,1.799,628101.0
2025-12-05 01:00:00+00:00,1.8021,99460.5228,1.803,414670.0
2025-12-05 02:00:00+00:00,1.8039,72503.4327,1.803,313347.0
2025-12-05 03:00:00+00:00,1.7955,59408.1285,1.796,564967.0
2025-12-05 04:00:00+00:00,1.7837,87357.1718,1.783,1455960.0
2025-12-05 05:00:00+00:00,1.7788,65625.5844,1.777,2321110.0
2025-12-05 06:00:00+00:00,1.7839,61675.693,1.783,488701.0
2025-12-05 07:00:00+00:00,1.79,91820.6542,1.791,906259.0
2025-12-05 08:00:00+00:00,1.7725,372962.5101,1.774,665231.0
2025-12-05 09:00:00+00:00,1.7351,149022.5476,1.735,1810635.0
2025-12-05 10:00:00+00:00,1.7491,130187.4879,1.749,647793.0
2025-12-05 11:00:00+00:00,1.7373,111981.5869,1.737,819747.0
2025-12-05 12:00:00+00:00,1.7434,131282.1873,1.744,867037.0
2025-12-05 13:00:00+00:00,1.7304,280560.4627,1.73,2076496.0
2025-12-05 14:00:00+00:00,1.6971,271039.1971,1.697,3910742.0
2025-12-05 15:00:00+00:00,1.7126,227787.3913,1.712,2560912.0
2025-12-05 16:00:00+00:00,1.6737,172368.8405,1.675,3336685.0
2025-12-05 17:00:00+00:00,1.6804,173010.6862,1.68,1396483.0
2025-12-05 18:00:00+00:00,1.6688,130863.5836,1.668,1620527.0
2025-12-05 19:00:00+00:00,1.6805,100186.491,1.682,732842.0
2025-12-05 20:00:00+00:00,1.6723,82252.9836,1.673,692095.0
2025-12-05 21:00:00+00:00,1.6852,75869.9258,1.685,998322.0
2025-12-05 22:00:00+00:00,1.6866,82138.3023,1.686,1307995.0
2025-12-05 23:00:00+00:00,1.6805,53908.2697,1.683,1032222.0
2025-12-06 00:00:00+00:00,1.6835,70207.2071,1.683,776296.0
2025-12-06 01:00:00+00:00,1.6881,74546.0164,1.688,832675.0
2025-12-06 02:00:00+00:00,1.6891,71591.4957,1.689,789873.0
2025-12-06 03:00:00+00:00,1.6854,114648.4167,1.685,866811.0
2025-12-06 04:00:00+00:00,1.6718,92284.3352,1.672,938308.0
2025-12-06 05:00:00+00:00,1.6805,304827.2673,1.679,851437.0
2025-12-06 06:00:00+00:00,1.6803,184035.8877,1.679,638758.0
2025-12-06 07:00:00+00:00,1.6846,304136.9877,1.683,281257.0
2025-12-06 08:00:00+00:00,1.6857,253786.2436,1.684,478235.0
2025-12-06 09:00:00+00:00,1.708,95886.4352,1.707,612755.0
2025-12-06 10:00:00+00:00,1.7058,462143.0092,1.705,669150.0
2025-12-06 11:00:00+00:00,1.7061,347868.3602,1.703,570162.0
2025-12-06 12:00:00+00:00,1.7107,115131.5142,1.708,203031.0
2025-12-06 13:00:00+00:00,1.7308,101582.0849,1.729,678080.0
2025-12-06 14:00:00+00:00,1.7258,163273.0239,1.725,1179241.0
2025-12-06 15:00:00+00:00,1.7095,115454.1875,1.711,1060444.0
2025-12-06 16:00:00+00:00,1.7199,75149.6282,1.719,468348.0
2025-12-06 17:00:00+00:00,1.7287,73239.581,1.728,355490.0
2025-12-06 18:00:00+00:00,1.7297,71110.1782,1.729,463515.0
2025-12-06 19:00:00+00:00,1.7139,119000.5325,1.714,1195902.0
2025-12-06 20:00:00+00:00,1.7114,56078.5127,1.711,241221.0
2025-12-06 21:00:00+00:00,1.7155,71247.7055,1.715,628247.0
2025-12-06 22:00:00+00:00,1.707,66198.7431,1.706,590173.0
2025-12-06 23:00:00+00:00,1.7087,68644.5031,1.708,832702.0
2025-12-07 00:00:00+00:00,1.7216,79606.8546,1.721,513636.0
2025-12-07 01:00:00+00:00,1.7131,53277.6698,1.711,235047.0
2025-12-07 02:00:00+00:00,1.7169,40198.9353,1.717,241365.0
2025-12-07 03:00:00+00:00,1.7187,39060.5594,1.716,93185.0
2025-12-07 04:00:00+00:00,1.7111,44771.8526,1.712,163211.0
2025-12-07 05:00:00+00:00,1.7149,31475.2959,1.716,204689.0
2025-12-07 06:00:00+00:00,1.7245,44935.4007,1.723,287140.0
2025-12-07 07:00:00+00:00,1.7098,51362.4897,1.709,402335.0
2025-12-07 08:00:00+00:00,1.7067,44367.9905,1.705,494010.0
2025-12-07 09:00:00+00:00,1.6906,79342.6517,1.689,877429.0
2025-12-07 10:00:00+00:00,1.6901,62402.9452,1.69,562365.0
2025-12-07 11:00:00+00:00,1.6896,41812.2879,1.689,353699.0
2025-12-07 12:00:00+00:00,1.699,96365.7681,1.696,566839.0
2025-12-07 13:00:00+00:00,1.6856,204907.2691,1.684,549553.0
2025-12-07 14:00:00+00:00,1.6462,284678.9070871,1.646,3523218.0
2025-12-07 15:00:00+00:00,1.699,191902.1746,1.698,1895217.0
2025-12-07 16:00:00+00:00,1.702,133883.3726,1.696,1437552.0
2025-12-07 17:00:00+00:00,1.7311,171793.3013,1.731,1610619.0
2025-12-07 18:00:00+00:00,1.7389,99821.1172,1.738,633104.0
2025-12-07 19:00:00+00:00,1.7392,66593.4828,1.736,483342.0
2025-12-07 20:00:00+00:00,1.7677,62187.9772,1.766,480009.0
2025-12-07 21:00:00+00:00,1.7215,110001.4495,1.721,1801898.0
2025-12-07 22:00:00+00:00,1.6971,122814.9075,1.698,2067557.0
2025-12-07 23:00:00+00:00,1.7018,112475.4048,1.703,1190990.0
2025-12-08 00:00:00+00:00,1.6926,80860.8225,1.692,632680.0
2025-12-08 01:00:00+00:00,1.7135,96104.8771,1.713,982231.0
2025-12-08 02:00:00+00:00,1.7296,77017.9836,1.729,529498.0
2025-12-08 03:00:00+00:00,1.7236,66683.5193,1.725,454671.0
2025-12-08 04:00:00+00:00,1.7326,73790.5637,1.732,373700.0
2025-12-08 05:00:00+00:00,1.7393,72776.1685,1.74,239955.0
2025-12-08 06:00:00+00:00,1.775,175717.5208,1.774,1460207.0
2025-12-08 07:00:00+00:00,1.7809,183842.8304,1.78,1617399.0
2025-12-08 08:00:00+00:00,1.7736,96993.5446,1.773,595989.0
2025-12-08 09:00:00+00:00,1.7765,104487.6279,1.776,749446.0
2025-12-08 10:00:00+00:00,1.7869,80245.9731,1.786,282284.0
2025-12-08 11:00:00+00:00,1.7789,84954.9321,1.778,456510.0
2025-12-08 12:00:00+00:00,1.7788,83427.9245,1.778,357070.0
2025-12-08 13:00:00+00:00,1.7793,100523.874,1.778,620536.0
2025-12-08 14:00:00+00:00,1.7748,160927.6668,1.774,1326799.0
2025-12-08 15:00:00+00:00,1.7548,164253.2158,1.756,1735052.0
2025-12-08 16:00:00+00:00,1.7704,171687.9438,1.768,1502787.0
2025-12-08 17:00:00+00:00,1.7726,143530.0015,1.772,1791890.0
2025-12-08 18:00:00+00:00,1.7481,138455.1586,1.748,1668665.0
2025-12-08 19:00:00+00:00,1.7497,94572.7527,1.75,578663.0
2025-12-08 20:00:00+00:00,1.7617,154201.5262,1.763,868736.0
2025-12-08 21:00:00+00:00,1.7765,130614.6889,1.777,783728.0
2025-12-08 22:00:00+00:00,1.755,92607.0558,1.755,818391.0
2025-12-08 23:00:00+00:00,1.7447,94240.7615,1.745,457142.0
2025-12-09 00:00:00+00:00,1.7342,93819.9588,1.734,329403.0
2025-12-09 01:00:00+00:00,1.7265,80195.0137,1.727,592359.0
2025-12-09 02:00:00+00:00,1.7203,78380.536,1.72,419533.0
2025-12-09 03:00:00+00:00,1.7329,99934.8914,1.733,823457.0
2025-12-09 04:00:00+00:00,1.7082,82120.7162,1.708,567064.0
2025-12-09 05:00:00+00:00,1.711,128120.8257,1.711,776439.0
2025-12-09 06:00:00+00:00,1.7206,91510.4124,1.72,574446.0
2025-12-09 07:00:00+00:00,1.7331,117007.4206,1.733,324279.0
2025-12-09 08:00:00+00:00,1.7241,81456.1885,1.724,252079.0
2025-12-09 09:00:00+00:00,1.7151,125234.9188,1.717,247305.0
2025-12-09 10:00:00+00:00,1.7217,103588.5138,1.721,599847.0
2025-12-09 11:00:00+00:00,1.7265,88119.8174,1.726,188624.0
2025-12-09 12:00:00+00:00,1.7471,119982.6501,1.744,481668.0
2025-12-09 13:00:00+00:00,1.7507,112147.9018,1.75,821884.0
2025-12-09 14:00:00+00:00,1.7567,132698.6633,1.753,1097080.0
2025-12-09 15:00:00+00:00,1.8348,258639.9162,1.834,3570956.0
2025-12-09 16:00:00+00:00,1.8651,270985.872,1.866,2747276.0
2025-12-09 17:00:00+00:00,1.8642,184460.69625745,1.862,2287572.0
2025-12-09 18:00:00+00:00,1.8606,136254.46877747,1.86,693947.0
2025-12-09 19:00:00+00:00,1.8482,130700.8775,1.849,991781.0
2025-12-09 20:00:00+00:00,1.8225,224430.7524,1.821,1173246.0
2025-12-09 21:00:00+00:00,1.7992,76866.2261,1.798,696194.0
2025-12-09 22:00:00+00:00,1.8209,69726.7967,1.821,567658.0
2025-12-09 23:00:00+00:00,1.81,129050.7444,1.81,236253.0
2025-12-10 00:00:00+00:00,1.7997,86440.8619,1.801,384963.0
2025-12-10 01:00:00+00:00,1.7957,88148.2679,1.796,519369.0
2025-12-10 02:00:00+00:00,1.7991,68645.7431,1.798,614931.0
2025-12-10 03:00:00+00:00,1.7968,72646.0344,1.797,156274.0
2025-12-10 04:00:00+00:00,1.792,61349.0105,1.791,194662.0
2025-12-10 05:00:00+00:00,1.7907,56162.5841,1.792,439543.0
2025-12-10 06:00:00+00:00,1.7862,47089.9619,1.786,348959.0
2025-12-10 07:00:00+00:00,1.7831,124824.7256,1.782,532128.0
2025-12-10 08:00:00+00:00,1.7577,94976.6854,1.758,756885.0
2025-12-10 09:00:00+00:00,1.7691,113652.5604,1.77,341596.0
2025-12-10 10:00:00+00:00,1.7497,121885.8385,1.75,752580.0
2025-12-10 11:00:00+00:00,1.7527,70425.8104,1.753,788499.0
2025-12-10 12:00:00+00:00,1.7487,100404.3388,1.748,932110.0
2025-12-10 13:00:00+00:00,1.7484,92663.5628,1.749,384119.0
2025-12-10 14:00:00+00:00,1.7506,137110.8951,1.751,681437.0
2025-12-10 15:00:00+00:00,1.758,140256.4333,1.757,1332951.0
2025-12-10 16:00:00+00:00,1.7732,82494.0586,1.773,695934.0
2025-12-10 17:00:00+00:00,1.7824,65983.7067,1.781,557619.0
2025-12-10 18:00:00+00:00,1.7878,90118.76,1.789,904639.0
2025-12-10 19:00:00+00:00,1.8153,242319.9863,1.815,2569323.0
2025-12-10 20:00:00+00:00,1.7969,285633.403,1.798,2429516.0
2025-12-10 21:00:00+00:00,1.7776,205152.7612,1.777,1545408.0
2025-12-10 22:00:00+00:00,1.7814,124248.5737,1.781,735605.0
2025-12-10 23:00:00+00:00,1.7609,72799.2058,1.76,406892.0
2025-12-11 00:00:00+00:00,1.7167,121376.8802,1.715,2163112.0
2025-12-11 01:00:00+00:00,1.6899,106709.0607,1.689,1302647.0
2025-12-11 02:00:00+00:00,1.6845,105027.4976,1.684,1448331.0
2025-12-11 03:00:00+00:00,1.6677,78443.1726,1.666,1222924.0
2025-12-11 04:00:00+00:00,1.6916,80193.9278,1.691,780093.0
2025-12-11 05:00:00+00:00,1.6826,74585.1067,1.682,348372.0
2025-12-11 06:00:00+00:00,1.6809,97659.2382,1.679,448488.0
2025-12-11 07:00:00+00:00,1.6746,74639.5951,1.673,209770.0
2025-12-11 08:00:00+00:00,1.6713,85272.8398,1.669,431948.0
2025-12-11 09:00:00+00:00,1.6637,64381.2492,1.662,247702.0
2025-12-11 10:00:00+00:00,1.6574,199171.7138,1.659,907851.0
2025-12-11 11:00:00+00:00,1.6647,81927.6594,1.666,256100.0
2025-12-11 12:00:00+00:00,1.6597,94032.0495,1.659,289668.0
2025-12-11 13:00:00+00:00,1.662,128232.1965,1.662,329574.0
2025-12-11 14:00:00+00:00,1.6597,171325.3198,1.66,1057714.0
2025-12-11 15:00:00+00:00,1.6539,133815.4685,1.654,864806.0
2025-12-11 16:00:00+00:00,1.6439,120982.8296,1.641,899795.0
2025-12-11 17:00:00+00:00,1.6327,92726.1673,1.633,958994.0
2025-12-11 18:00:00+00:00,1.6573,202910.0219,1.655,1003419.0
2025-12-11 19:00:00+00:00,1.661,128199.0822,1.662,1772095.0
2025-12-11 20:00:00+00:00,1.6916,117414.2301,1.692,974739.0
2025-12-11 21:00:00+00:00,1.7085,197590.48854436,1.708,1557132.0
2025-12-11 22:00:00+00:00,1.6839,132704.9408,1.685,885888.0
2025-12-11 23:00:00+00:00,1.6739,69622.1582,1.674,690711.0
2025-12-12 00:00:00+00:00,1.6474,109373.6593,1.647,1035676.0
2025-12-12 01:00:00+00:00,1.6792,101766.9948,1.676,1222464.0
2025-12-12 02:00:00+00:00,1.6963,81415.4875,1.695,552836.0
2025-12-12 03:00:00+00:00,1.6832,59411.3645,1.683,139134.0
2025-12-12 04:00:00+00:00,1.6796,69921.8156,1.677,173725.0
2025-12-12 05:00:00+00:00,1.7038,179832.7496,1.704,1350318.0
2025-12-12 06:00:00+00:00,1.6967,97359.8653,1.696,835972.0
2025-12-12 07:00:00+00:00,1.7038,91162.5956,1.702,557362.0
2025-12-12 08:00:00+00:00,1.7006,105992.2576,1.7,478252.0
2025-12-12 09:00:00+00:00,1.7015,88652.4754,1.701,170418.0
2025-12-12 10:00:00+00:00,1.7028,101359.6435,1.703,147783.0
2025-12-12 11:00:00+00:00,1.702,82615.0955,1.701,176050.0
2025-12-12 12:00:00+00:00,1.7065,95371.0548,1.706,168644.0
2025-12-12 13:00:00+00:00,1.7031,88510.1941,1.704,175342.0
2025-12-12 14:00:00+00:00,1.695,101714.7643,1.695,510228.0
2025-12-12 15:00:00+00:00,1.6088,645465.2639,1.61,3102806.0
2025-12-12 16:00:00+00:00,1.5991,677559.2205,1.599,2042226.0
2025-12-12 17:00:00+00:00,1.6132,175290.1246,1.612,919475.0
2025-12-12 18:00:00+00:00,1.6171,195021.8849,1.617,747253.0
2025-12-12 19:00:00+00:00,1.6114,123691.6659,1.611,388600.0
2025-12-12 20:00:00+00:00,1.617,111660.4901,1.617,433605.0
2025-12-12 21:00:00+00:00,1.6206,86376.1302,1.62,165049.0
2025-12-12 22:00:00+00:00,1.6303,80688.8064,1.63,639032.0
2025-12-12 23:00:00+00:00,1.6377,56769.1903,1.638,472664.0
2025-12-13 00:00:00+00:00,1.6354,79950.5801,1.635,345831.0
2025-12-13 01:00:00+00:00,1.6399,66746.2593,1.638,223306.0
2025-12-13 02:00:00+00:00,1.6388,51732.7014,1.639,207043.0
2025-12-13 03:00:00+00:00,1.6494,64857.9988,1.652,214182.0
2025-12-13 04:00:00+00:00,1.6551,57726.7582,1.654,177198.0
2025-12-13 05:00:00+00:00,1.6495,36862.4195,1.648,68954.0
2025-12-13 06:00:00+00:00,1.6472,51471.3961,1.647,183475.0
2025-12-13 07:00:00+00:00,1.6499,47820.0297,1.65,126594.0
2025-12-13 08:00:00+00:00,1.6598,88773.5556,1.66,421661.0
2025-12-13 09:00:00+00:00,1.6639,119277.753,1.664,438707.0
2025-12-13 10:00:00+00:00,1.6762,49136.4366,1.676,256777.0
2025-12-13 11:00:00+00:00,1.676,70907.5751,1.676,290415.0
2025-12-13 12:00:00+00:00,1.6647,85523.2025,1.666,547738.0
2025-12-13 13:00:00+00:00,1.6615,99571.5698967,1.662,382685.0
2025-12-13 14:00:00+00:00,1.6527,282292.6667,1.653,500678.0
2025-12-13 15:00:00+00:00,1.6555,680859.8798,1.656,750172.0
2025-12-13 16:00:00+00:00,1.6606,106245.8262,1.662,293449.0
2025-12-13 17:00:00+00:00,1.6566,78321.9403,1.658,265566.0
2025-12-13 18:00:00+00:00,1.6547,52397.6405,1.654,225204.0
2025-12-13 19:00:00+00:00,1.6597,108538.5916,1.661,122912.0
2025-12-13 20:00:00+00:00,1.6539,47365.9098,1.655,134050.0
2025-12-13 21:00:00+00:00,1.6522,114654.1777,1.652,818127.0
2025-12-13 22:00:00+00:00,1.6523,84778.8826,1.652,685565.0
2025-12-13 23:00:00+00:00,1.6642,99138.6142,1.665,738712.0
2025-12-14 00:00:00+00:00,1.6605,80259.5389,1.66,259432.0
2025-12-14 01:00:00+00:00,1.6571,89838.2058,1.657,485368.0
2025-12-14 02:00:00+00:00,1.6556,59160.3073,1.654,301511.0
2025-12-14 03:00:00+00:00,1.6508,46431.9632,1.652,132798.0
2025-12-14 04:00:00+00:00,1.6444,57280.8691,1.644,334529.0
2025-12-14 05:00:00+00:00,1.6329,127428.9621,1.632,966010.0
2025-12-14 06:00:00+00:00,1.6333,46376.2303,1.632,320473.0
2025-12-14 07:00:00+00:00,1.6337,47072.9098,1.633,98908.0
2025-12-14 08:00:00+00:00,1.6291,48455.169,1.628,377535.0
2025-12-14 09:00:00+00:00,1.6333,64018.0505,1.632,325783.0
2025-12-14 10:00:00+00:00,1.6308,94171.66642427,1.63,803092.0
2025-12-14 11:00:00+00:00,1.6241,105831.6741,1.624,1597566.0
2025-12-14 12:00:00+00:00,1.6315,106928.3386,1.631,527116.0
2025-12-14 13:00:00+00:00,1.626,87198.7781,1.625,936131.0
2025-12-14 14:00:00+00:00,1.6125,111496.4226,1.611,1024985.0
2025-12-14 15:00:00+00:00,1.6091,103174.4784,1.608,547602.0
2025-12-14 16:00:00+00:00,1.6127,103515.5291,1.612,559519.0
2025-12-14 17:00:00+00:00,1.5935,160784.9997,1.593,1350071.0
2025-12-14 18:00:00+00:00,1.6044,102866.8416,1.604,285822.0
2025-12-14 19:00:00+00:00,1.596,100106.6727,1.596,218857.0
2025-12-14 20:00:00+00:00,1.5961,119108.6039,1.594,614977.0
2025-12-14 21:00:00+00:00,1.5842,103407.4254,1.583,844577.0
2025-12-14 22:00:00+00:00,1.5913,106128.8628,1.591,990584.0
2025-12-14 23:00:00+00:00,1.5913,137960.4264,1.591,1718870.0
2025-12-15 00:00:00+00:00,1.6035,169454.8766,1.602,1114293.0
2025-12-15 01:00:00+00:00,1.6265,137776.5231,1.627,1277493.0
2025-12-15 02:00:00+00:00,1.6239,138447.4043,1.624,1007059.0
2025-12-15 03:00:00+00:00,1.6243,89018.1241,1.625,548876.0
2025-12-15 04:00:00+00:00,1.6316,85548.7988,1.631,263285.0
2025-12-15 05:00:00+00:00,1.6325,70979.8961,1.633,322929.0
2025-12-15 06:00:00+00:00,1.6283,72218.8791,1.629,204379.0
2025-12-15 07:00:00+00:00,1.6206,76537.9295,1.62,346909.0
2025-12-15 08:00:00+00:00,1.619,71474.853,1.618,291939.0
2025-12-15 09:00:00+00:00,1.6254,73545.0803,1.626,221755.0
2025-12-15 10:00:00+00:00,1.6277,80705.0907,1.627,301992.0
2025-12-15 11:00:00+00:00,1.6183,74353.26,1.618,230724.0
2025-12-15 12:00:00+00:00,1.6236,85780.7659,1.624,363493.0
2025-12-15 13:00:00+00:00,1.6051,151893.76,1.606,689090.0
2025-12-15 14:00:00+00:00,1.5829,237023.6616,1.583,2258072.0
2025-12-15 15:00:00+00:00,1.5356,420219.4999,1.536,4823758.0
2025-12-15 16:00:00+00:00,1.5284,1715823.2127,1.525,2606361.0
2025-12-15 17:00:00+00:00,1.5074,188216.7161,1.506,2189086.0
2025-12-15 18:00:00+00:00,1.5174,156493.8061,1.517,1090130.0
2025-12-15 19:00:00+00:00,1.527,87481.1293,1.525,810893.0
2025-12-15 20:00:00+00:00,1.5281,130395.1828,1.526,759283.0
2025-12-15 21:00:00+00:00,1.5375,185212.0795,1.535,615082.0
2025-12-15 22:00:00+00:00,1.5468,110248.6005,1.545,876180.0
2025-12-15 23:00:00+00:00,1.5455,103641.5992,1.545,1063439.0
2025-12-16 00:00:00+00:00,1.5345,129128.2422,1.533,971358.0
2025-12-16 01:00:00+00:00,1.5426,87752.8074,1.542,512458.0
2025-12-16 02:00:00+00:00,1.546,67732.1057,1.545,306160.0
2025-12-16 03:00:00+00:00,1.5436,70098.8554,1.542,733518.0
2025-12-16 04:00:00+00:00,1.5338,93923.8869,1.533,960884.0
2025-12-16 05:00:00+00:00,1.5291,72893.8452,1.53,198607.0
2025-12-16 06:00:00+00:00,1.5407,122271.9797,1.54,550888.0
2025-12-16 07:00:00+00:00,1.5206,231257.1309,1.521,1352449.0
2025-12-16 08:00:00+00:00,1.5233,136953.8822,1.523,276228.0
2025-12-16 09:00:00+00:00,1.525,111144.5661,1.524,239564.0
2025-12-16 10:00:00+00:00,1.5459,130909.2765,1.548,574394.0
2025-12-16 11:00:00+00:00,1.544,111493.7608,1.545,702290.0
2025-12-16 12:00:00+00:00,1.5344,98247.8469,1.535,581148.0
2025-12-16 13:00:00+00:00,1.5168,236779.0461,1.516,1360995.0
2025-12-16 14:00:00+00:00,1.5337,231108.949,1.534,1501968.0
2025-12-16 15:00:00+00:00,1.5582,223782.0388,1.558,1529138.0
2025-12-16 16:00:00+00:00,1.5597,182717.7475,1.56,1380353.0
2025-12-16 17:00:00+00:00,1.5518,133679.9161,1.552,561309.0
2025-12-16 18:00:00+00:00,1.5821,335833.0455,1.581,2342147.0
2025-12-16 19:00:00+00:00,1.5822,231700.8209,1.581,1559091.0
2025-12-16 20:00:00+00:00,1.6099,176689.19,1.609,1358348.0
2025-12-16 21:00:00+00:00,1.5924,139306.865,1.593,1252570.0
2025-12-16 22:00:00+00:00,1.5803,95646.28330547,1.579,1303181.0
2025-12-16 23:00:00+00:00,1.57,186627.1131,1.569,1317167.0
2025-12-17 00:00:00+00:00,1.5559,92468.7095,1.555,658827.0
2025-12-17 01:00:00+00:00,1.5635,95009.4769,1.562,540891.0
2025-12-17 02:00:00+00:00,1.5633,115204.0759,1.562,505937.0
2025-12-17 03:00:00+00:00,1.5553,54464.5955,1.555,825153.0
2025-12-17 04:00:00+00:00,1.5436,87152.3188,1.542,525924.0
2025-12-17 05:00:00+00:00,1.5524,173604.1243,1.552,1011140.0
2025-12-17 06:00:00+00:00,1.5527,75658.8766,1.552,415108.0
2025-12-17 07:00:00+00:00,1.5476,129472.4003,1.547,830263.0
2025-12-17 08:00:00+00:00,1.5394,94337.9212,1.539,633187.0
2025-12-17 09:00:00+00:00,1.5334,76353.916,1.533,485271.0
2025-12-17 10:00:00+00:00,1.5346,101159.6677,1.534,483613.0
2025-12-17 11:00:00+00:00,1.5378,73190.3965,1.537,414677.0
2025-12-17 12:00:00+00:00,1.5334,104488.5875,1.535,433535.0
2025-12-17 13:00:00+00:00,1.5535,122932.9523,1.553,830098.0
2025-12-17 14:00:00+00:00,1.5866,248377.6195,1.585,1692374.0
2025-12-17 15:00:00+00:00,1.5382,385623.33354279,1.538,4629137.0
2025-12-17 16:00:00+00:00,1.5145,366140.345,1.514,3632063.0
2025-12-17 17:00:00+00:00,1.4927,270019.9212,1.492,1601823.0
2025-12-17 18:00:00+00:00,1.4755,261755.2805,1.475,2219501.0
2025-12-17 19:00:00+00:00,1.4859,193967.42,1.486,1420961.0
2025-12-17 20:00:00+00:00,1.4858,125502.1595,1.485,464746.0
2025-12-17 21:00:00+00:00,1.4749,91126.3713,1.476,819075.0
2025-12-17 22:00:00+00:00,1.4906,89762.4214,1.491,778231.0
2025-12-17 23:00:00+00:00,1.4813,41680.8763,1.481,732844.0
2025-12-18 00:00:00+00:00,1.4841,74119.5739,1.484,641726.0
2025-12-18 01:00:00+00:00,1.471,83158.0923,1.471,578847.0
2025-12-18 02:00:00+00:00,1.4798,130451.7677,1.479,555170.0
2025-12-18 03:00:00+00:00,1.4664,76861.8767,1.466,308661.0
2025-12-18 04:00:00+00:00,1.4706,77270.684,1.471,287907.0
2025-12-18 05:00:00+00:00,1.4567,89295.8797,1.456,1320593.0
2025-12-18 06:00:00+00:00,1.4666,67437.9308,1.465,736380.0
2025-12-18 07:00:00+00:00,1.4764,65582.3787,1.473,275414.0
2025-12-18 08:00:00+00:00,1.4826,117328.5242,1.482,520227.0
2025-12-18 09:00:00+00:00,1.4766,129489.9774,1.476,975277.0
2025-12-18 10:00:00+00:00,1.4726,63369.4782,1.47,769975.0
2025-12-18 11:00:00+00:00,1.4754,63552.5537,1.474,485040.0
2025-12-18 12:00:00+00:00,1.4813,90654.1263,1.481,310396.0
2025-12-18 13:00:00+00:00,1.5295,369214.8078361,1.529,1871136.0
2025-12-18 14:00:00+00:00,1.5277,213585.4143,1.526,2386112.0
2025-12-18 15:00:00+00:00,1.5667,284453.56790085,1.564,2070893.0
2025-12-18 16:00:00+00:00,1.5918,257130.5459,1.591,1658468.0
2025-12-18 17:00:00+00:00,1.5259,412554.1521,1.524,4767067.0
2025-12-18 18:00:00+00:00,1.4719,268439.5793,1.471,2522327.0
2025-12-18 19:00:00+00:00,1.4286,394450.1966,1.429,4187615.0
2025-12-18 20:00:00+00:00,1.423,212795.183,1.424,1697630.0
2025-12-18 21:00:00+00:00,1.4384,230346.8886,1.44,2164092.0
2025-12-18 22:00:00+00:00,1.4278,259701.0185,1.43,2329955.0
2025-12-18 23:00:00+00:00,1.4274,142093.4662,1.428,796714.0
2025-12-19 00:00:00+00:00,1.4307,169278.9335,1.431,655325.0
2025-12-19 01:00:00+00:00,1.4145,180165.8721,1.415,1204198.0
2025-12-19 02:00:00+00:00,1.4254,162433.6206,1.427,889776.0
2025-12-19 03:00:00+00:00,1.4756,401743.05572164,1.475,5048818.0
2025-12-19 04:00:00+00:00,1.4764,155542.4691,1.476,1742164.0
2025-12-19 05:00:00+00:00,1.4674,103810.0044,1.466,666594.0
2025-12-19 06:00:00+00:00,1.4822,99807.5786,1.481,761084.0
2025-12-19 07:00:00+00:00,1.4927,117318.1967,1.492,1715130.0
2025-12-19 08:00:00+00:00,1.4944,108662.1435,1.495,331347.0
2025-12-19 09:00:00+00:00,1.4914,141752.6129,1.492,517377.0
2025-12-19 10:00:00+00:00,1.4955,80800.0514,1.496,398651.0
2025-12-19 11:00:00+00:00,1.5078,134433.835,1.508,668678.0
2025-12-19 12:00:00+00:00,1.49,477806.6251,1.492,1501926.0
2025-12-19 13:00:00+00:00,1.4963,307750.6346,1.496,676491.0
2025-12-19 14:00:00+00:00,1.5145,650388.0826,1.517,2705317.0
2025-12-19 15:00:00+00:00,1.5142,279363.2965,1.514,2900169.0
2025-12-19 16:00:00+00:00,1.5252,126880.1678,1.526,977169.0
2025-12-19 17:00:00+00:00,1.5072,175529.89025986,1.507,1505611.0
2025-12-19 18:00:00+00:00,1.5223,200874.277,1.522,1043766.0
2025-12-19 19:00:00+00:00,1.551,167084.8659,1.552,732694.0
2025-12-19 20:00:00+00:00,1.5542,178181.2424,1.554,952727.0
2025-12-19 21:00:00+00:00,1.5363,96815.2754,1.538,495400.0
2025-12-19 22:00:00+00:00,1.5458,89444.5679,1.546,643101.0
2025-12-19 23:00:00+00:00,1.5395,73604.5156,1.538,307141.0
2025-12-20 00:00:00+00:00,1.531,80979.3606,1.532,368269.0
2025-12-20 01:00:00+00:00,1.5185,91577.7158,1.52,418112.0
2025-12-20 02:00:00+00:00,1.5166,79446.3933,1.519,1016443.0
2025-12-20 03:00:00+00:00,1.5156,81606.6737,1.517,230062.0
2025-12-20 04:00:00+00:00,1.5076,97835.6546,1.507,703574.0
2025-12-20 05:00:00+00:00,1.5134,87978.7315,1.514,277670.0
2025-12-20 06:00:00+00:00,1.5166,72489.509,1.517,233010.0
2025-12-20 07:00:00+00:00,1.5338,123908.5051,1.533,711884.0
2025-12-20 08:00:00+00:00,1.5384,78604.4927,1.537,402030.0
2025-12-20 09:00:00+00:00,1.5314,74833.1582,1.53,334212.0
2025-12-20 10:00:00+00:00,1.5172,81445.6073,1.518,364649.0
2025-12-20 11:00:00+00:00,1.5221,72972.2494,1.522,311142.0
2025-12-20 12:00:00+00:00,1.5162,69160.5012,1.516,120356.0
2025-12-20 13:00:00+00:00,1.5155,105744.9371,1.516,716579.0
2025-12-20 14:00:00+00:00,1.5207,90002.6632,1.521,621967.0
2025-12-20 15:00:00+00:00,1.5169,72256.0117,1.518,228799.0
2025-12-20 16:00:00+00:00,1.5195,62189.8996,1.52,200227.0
2025-12-20 17:00:00+00:00,1.5156,72761.8516,1.515,208892.0
2025-12-20 18:00:00+00:00,1.5215,68315.9556,1.521,314243.0
2025-12-20 19:00:00+00:00,1.5173,60344.9271,1.518,176308.0
2025-12-20 20:00:00+00:00,1.5209,55880.648,1.521,270888.0
2025-12-20 21:00:00+00:00,1.5163,71951.2738,1.516,239715.0
2025-12-20 22:00:00+00:00,1.5235,98023.47485956,1.525,536805.0
2025-12-20 23:00:00+00:00,1.5226,81858.5968,1.523,380695.0
2025-12-21 00:00:00+00:00,1.5212,78068.5405,1.522,325124.0
2025-12-21 01:00:00+00:00,1.5047,98851.0135,1.506,600967.0
2025-12-21 02:00:00+00:00,1.4961,112356.1581,1.496,1013467.0
2025-12-21 03:00:00+00:00,1.5071,90677.2204,1.508,521206.0
2025-12-21 04:00:00+00:00,1.508,63720.6379,1.506,115108.0
2025-12-21 05:00:00+00:00,1.5094,69578.7239,1.509,419308.0
2025-12-21 06:00:00+00:00,1.5144,38430.1601,1.514,82897.0
2025-12-21 07:00:00+00:00,1.5168,63671.439,1.517,362555.0
2025-12-21 08:00:00+00:00,1.5245,93392.6949,1.524,769403.0
2025-12-21 09:00:00+00:00,1.5303,114104.0054,1.529,513632.0
2025-12-21 10:00:00+00:00,1.5157,116638.9917,1.516,680877.0
2025-12-21 11:00:00+00:00,1.514,51019.7732,1.514,300686.0
2025-12-21 12:00:00+00:00,1.5105,75682.2297,1.509,598382.0
2025-12-21 13:00:00+00:00,1.4599,156051.948,1.459,2124920.0
2025-12-21 14:00:00+00:00,1.4688,125461.3087,1.468,743916.0
2025-12-21 15:00:00+00:00,1.463,152472.45533443,1.463,1703212.0
2025-12-21 16:00:00+00:00,1.4767,152237.6061,1.474,735778.0
2025-12-21 17:00:00+00:00,1.4707,118719.1335,1.468,1289930.0
2025-12-21 18:00:00+00:00,1.4753,86525.1982,1.471,950763.0
2025-12-21 19:00:00+00:00,1.4891,63174.658,1.489,560689.0
2025-12-21 20:00:00+00:00,1.4795,57501.9701,1.48,304969.0
2025-12-21 21:00:00+00:00,1.4783,113764.0238,1.478,700695.0
2025-12-21 22:00:00+00:00,1.5032,109493.8663,1.503,936200.0
2025-12-21 23:00:00+00:00,1.5088,115441.57386289,1.507,1385460.0
2025-12-22 00:00:00+00:00,1.5123,196534.1007,1.512,2543697.0
2025-12-22 01:00:00+00:00,1.5139,157261.5397,1.513,928555.0
2025-12-22 02:00:00+00:00,1.508,145179.6805,1.507,1138478.0
2025-12-22 03:00:00+00:00,1.5158,138119.7692,1.515,472321.0
2025-12-22 04:00:00+00:00,1.5308,307805.8202,1.529,1221160.0
2025-12-22 05:00:00+00:00,1.5238,97586.1716,1.523,257745.0
2025-12-22 06:00:00+00:00,1.5279,94583.0752,1.533,304193.0
2025-12-22 07:00:00+00:00,1.5355,74942.2413,1.532,239060.0
2025-12-22 08:00:00+00:00,1.5637,1011103.9985,1.56,1687465.0
2025-12-22 09:00:00+00:00,1.5693,518114.3275,1.568,649653.0
2025-12-22 10:00:00+00:00,1.5604,69422.9091,1.56,390597.0
2025-12-22 11:00:00+00:00,1.5602,83598.3114,1.559,423553.0
2025-12-22 12:00:00+00:00,1.5646,130950.575,1.564,849751.0
2025-12-22 13:00:00+00:00,1.5742,118343.0708,1.574,1260416.0
2025-12-22 14:00:00+00:00,1.5724,205344.935,1.571,1891463.0
2025-12-22 15:00:00+00:00,1.5586,189817.5483,1.558,2189232.0
2025-12-22 16:00:00+00:00,1.5583,123658.2114,1.558,801836.0
2025-12-22 17:00:00+00:00,1.5547,122788.2447,1.554,614269.0
2025-12-22 18:00:00+00:00,1.5486,98907.4112,1.55,371495.0
2025-12-22 19:00:00+00:00,1.5054,140525.6365,1.507,1581314.0
2025-12-22 20:00:00+00:00,1.4982,118415.1626,1.501,1252996.0
2025-12-22 21:00:00+00:00,1.5044,111963.6363,1.504,585196.0
2025-12-22 22:00:00+00:00,1.517,110685.4606,1.517,1426777.0
2025-12-22 23:00:00+00:00,1.5059,72834.2346,1.506,517810.0
2025-12-23 00:00:00+00:00,1.5218,101016.2407,1.522,1329842.0
2025-12-23 01:00:00+00:00,1.4989,134872.7311,1.498,1304968.0
2025-12-23 02:00:00+00:00,1.4899,102226.1331481,1.491,630060.0
2025-12-23 03:00:00+00:00,1.4935,80516.9252,1.496,694557.0
2025-12-23 04:00:00+00:00,1.4908,33351.0971,1.491,319246.0
2025-12-23 05:00:00+00:00,1.4873,90642.6928,1.487,419165.0
2025-12-23 06:00:00+00:00,1.4803,89955.9961,1.481,696423.0
2025-12-23 07:00:00+00:00,1.479,81956.1774523,1.478,494166.0
2025-12-23 08:00:00+00:00,1.477,63116.97024116,1.478,1342194.0
2025-12-23 09:00:00+00:00,1.4825,88646.8782,1.483,558814.0
2025-12-23 10:00:00+00:00,1.4942,56396.3664,1.495,659052.0
2025-12-23 11:00:00+00:00,1.4923,67898.8979,1.494,261989.0
2025-12-23 12:00:00+00:00,1.4922,89057.9283,1.492,640951.0
2025-12-23 13:00:00+00:00,1.4844,158172.4489,1.485,1037162.0
2025-12-23 14:00:00+00:00,1.475,176256.0898,1.475,1247496.0
2025-12-23 15:00:00+00:00,1.4882,75060.8397,1.488,978649.0
2025-12-23 16:00:00+00:00,1.5056,128244.9119,1.506,972643.0
2025-12-23 17:00:00+00:00,1.4869,203459.42480939,1.489,1405837.0
2025-12-23 18:00:00+00:00,1.5158,172708.627,1.516,951728.0
2025-12-23 19:00:00+00:00,1.5055,106069.6974,1.504,378788.0
2025-12-23 20:00:00+00:00,1.5139,110975.4935,1.514,667939.0
2025-12-23 21:00:00+00:00,1.5061,68774.43810313,1.507,650188.0
2025-12-23 22:00:00+00:00,1.4947,68683.83365424,1.495,687318.0
2025-12-23 23:00:00+00:00,1.4867,90853.4106,1.487,668009.0
2025-12-24 00:00:00+00:00,1.4807,117973.9798,1.481,625729.0
2025-12-24 01:00:00+00:00,1.4755,82413.6701,1.477,485573.0
2025-12-24 02:00:00+00:00,1.4599,131472.7768,1.461,1035564.0
2025-12-24 03:00:00+00:00,1.4704,77673.7397,1.471,612197.0
2025-12-24 04:00:00+00:00,1.4603,90850.6448,1.461,696750.0
2025-12-24 05:00:00+00:00,1.4519,82761.7878,1.453,486824.0
2025-12-24 06:00:00+00:00,1.4552,67545.3705,1.455,345874.0
2025-12-24 07:00:00+00:00,1.4444,81130.6086,1.446,452508.0
2025-12-24 08:00:00+00:00,1.4451,111549.5804,1.445,397422.0
2025-12-24 09:00:00+00:00,1.4457,49251.1631,1.446,303614.0
2025-12-24 10:00:00+00:00,1.4447,63030.1812,1.446,179098.0
2025-12-24 11:00:00+00:00,1.4463,62170.8084,1.448,270795.0
2025-12-24 12:00:00+00:00,1.4577,61099.3156,1.459,208340.0
2025-12-24 13:00:00+00:00,1.4524,79791.7862,1.453,378202.0
2025-12-24 14:00:00+00:00,1.4562,138957.3757,1.456,927638.0
2025-12-24 15:00:00+00:00,1.4675,124624.9007,1.468,824247.0
2025-12-24 16:00:00+00:00,1.4614,155321.3674,1.462,1072053.0
2025-12-24 17:00:00+00:00,1.4486,100956.1503,1.45,2184095.0
2025-12-24 18:00:00+00:00,1.4515,68776.4911,1.453,813816.0
2025-12-24 19:00:00+00:00,1.4584,49174.8932,1.459,652589.0
2025-12-24 20:00:00+00:00,1.458,66683.8087,1.458,356060.0
2025-12-24 21:00:00+00:00,1.4587,78068.9721,1.459,265485.0
2025-12-24 22:00:00+00:00,1.4706,122515.078,1.469,1049683.0
2025-12-24 23:00:00+00:00,1.4551,103648.9131,1.454,1425781.0
2025-12-25 00:00:00+00:00,1.4576,78240.1272,1.457,1700336.0
2025-12-25 01:00:00+00:00,1.4657,49668.4592,1.464,415669.0
2025-12-25 02:00:00+00:00,1.501,117878.5552,1.501,1665114.0
2025-12-25 03:00:00+00:00,1.4987,117837.6061,1.498,1162205.0
2025-12-25 04:00:00+00:00,1.5101,119187.5375,1.51,604244.0
2025-12-25 05:00:00+00:00,1.4927,70522.0832,1.493,769818.0
2025-12-25 06:00:00+00:00,1.4965,64201.4223,1.497,323588.0
2025-12-25 07:00:00+00:00,1.5012,52979.4391,1.501,332204.0
2025-12-25 08:00:00+00:00,1.4939,108380.0607,1.493,755796.0
2025-12-25 09:00:00+00:00,1.485,68226.2504,1.484,432582.0
2025-12-25 10:00:00+00:00,1.467,132636.124,1.466,555997.0
2025-12-25 11:00:00+00:00,1.4721,63142.0872,1.472,436780.0
2025-12-25 12:00:00+00:00,1.4778,50261.6444,1.476,320698.0
2025-12-25 13:00:00+00:00,1.4841,94713.367,1.483,586418.0
2025-12-25 14:00:00+00:00,1.4832,84094.6551,1.483,974752.0
2025-12-25 15:00:00+00:00,1.5002,135539.6128,1.498,845191.0
2025-12-25 16:00:00+00:00,1.4908,125197.4474,1.49,1811131.0
2025-12-25 17:00:00+00:00,1.493,61094.8792,1.493,544380.0
2025-12-25 18:00:00+00:00,1.5044,81536.743,1.503,705015.0
2025-12-25 19:00:00+00:00,1.5042,57370.164,1.504,328766.0
2025-12-25 20:00:00+00:00,1.5014,64384.7693,1.5,355500.0
2025-12-25 21:00:00+00:00,1.5004,50706.38637112,1.5,497015.0
2025-12-25 22:00:00+00:00,1.4626,109940.76384866,1.462,1600355.0
2025-12-25 23:00:00+00:00,1.4377,168030.7486,1.438,2714571.0
2025-12-26 00:00:00+00:00,1.4446,122408.0185,1.443,1090561.0
2025-12-26 01:00:00+00:00,1.4568,90433.5769,1.457,799106.0
2025-12-26 02:00:00+00:00,1.5322,406453.223,1.532,4205914.0
2025-12-26 03:00:00+00:00,1.5265,148279.9095,1.527,769761.0
2025-12-26 04:00:00+00:00,1.5322,176626.7487,1.533,1081243.0
2025-12-26 05:00:00+00:00,1.5387,95576.4489,1.539,313154.0
2025-12-26 06:00:00+00:00,1.5449,158653.9416,1.546,1078007.0
2025-12-26 07:00:00+00:00,1.5238,146430.1995,1.523,1056952.0
2025-12-26 08:00:00+00:00,1.5245,92943.297,1.523,587662.0
2025-12-26 09:00:00+00:00,1.5302,101730.908,1.529,844958.0
2025-12-26 10:00:00+00:00,1.5297,55960.7132,1.529,374231.0
2025-12-26 11:00:00+00:00,1.5269,54182.4307,1.527,305268.0
2025-12-26 12:00:00+00:00,1.53,77812.1441,1.53,398218.0
2025-12-26 13:00:00+00:00,1.5297,96847.3633,1.53,550453.0
2025-12-26 14:00:00+00:00,1.5059,158113.7821,1.505,1965119.0
2025-12-26 15:00:00+00:00,1.5123,157050.112,1.512,2684438.0
2025-12-26 16:00:00+00:00,1.5029,97175.0711,1.501,1356012.0
2025-12-26 17:00:00+00:00,1.5106,144915.7369,1.511,999640.0
2025-12-26 18:00:00+00:00,1.5231,67495.3273,1.522,2038082.0
2025-12-26 19:00:00+00:00,1.5267,58660.9388,1.525,535509.0
2025-12-26 20:00:00+00:00,1.5243,52536.3871,1.523,472995.0
2025-12-26 21:00:00+00:00,1.5203,41638.3611,1.518,578464.0
2025-12-26 22:00:00+00:00,1.5213,45239.8871,1.52,1020911.0
2025-12-26 23:00:00+00:00,1.5187,48504.3007,1.518,719979.0
2025-12-27 00:00:00+00:00,1.5153,59090.0675,1.515,675408.0
2025-12-27 01:00:00+00:00,1.5244,30864.5449,1.523,409077.0
2025-12-27 02:00:00+00:00,1.5197,43326.6389,1.519,421473.0
2025-12-27 03:00:00+00:00,1.5367,59414.0283,1.535,593216.0
2025-12-27 04:00:00+00:00,1.5235,84593.6299,1.523,688668.0
2025-12-27 05:00:00+00:00,1.5292,80942.7045,1.529,426380.0
2025-12-27 06:00:00+00:00,1.5286,34161.9583,1.527,277424.0
2025-12-27 07:00:00+00:00,1.5194,55086.3618,1.519,400700.0
2025-12-27 08:00:00+00:00,1.5197,45120.4315,1.518,66548.0
2025-12-27 09:00:00+00:00,1.5167,51995.9827,1.516,373306.0
2025-12-27 10:00:00+00:00,1.5184,77509.9125,1.517,703234.0
2025-12-27 11:00:00+00:00,1.5333,87638.8405,1.532,702515.0
2025-12-27 12:00:00+00:00,1.5381,71974.91417547,1.537,576192.0
2025-12-27 13:00:00+00:00,1.5292,64376.8106,1.529,475365.0
2025-12-27 14:00:00+00:00,1.5363,60402.6885,1.537,653869.0
2025-12-27 15:00:00+00:00,1.5524,90466.4129,1.553,679876.0
2025-12-27 16:00:00+00:00,1.5526,192580.0527,1.553,1795968.0
2025-12-27 17:00:00+00:00,1.5523,62536.3621,1.554,426908.0
2025-12-27 18:00:00+00:00,1.5491,38528.7876,1.549,140946.0
2025-12-27 19:00:00+00:00,1.5503,30128.5424,1.551,238199.0
2025-12-27 20:00:00+00:00,1.5483,32224.9314,1.549,203737.0
2025-12-27 21:00:00+00:00,1.5687,47783.4432,1.57,518710.0
2025-12-27 22:00:00+00:00,1.5651,126369.1176,1.565,1734544.0
2025-12-27 23:00:00+00:00,1.5941,121290.7249,1.594,1302304.0
2025-12-28 00:00:00+00:00,1.5895,58592.4889,1.589,583885.0
2025-12-28 01:00:00+00:00,1.5873,49102.5267,1.588,949452.0
2025-12-28 02:00:00+00:00,1.5901,38780.6027,1.591,211777.0
2025-12-28 03:00:00+00:00,1.5922,41071.6497,1.593,264450.0
2025-12-28 04:00:00+00:00,1.5974,56599.2241,1.598,629605.0
2025-12-28 05:00:00+00:00,1.5998,113511.0354,1.6,477027.0
2025-12-28 06:00:00+00:00,1.6036,109050.8499,1.604,856600.0
2025-12-28 07:00:00+00:00,1.6054,46456.0986,1.606,446797.0
2025-12-28 08:00:00+00:00,1.613,60380.5417,1.614,418956.0
2025-12-28 09:00:00+00:00,1.6014,63126.0142,1.602,701191.0
2025-12-28 10:00:00+00:00,1.6002,49760.3842,1.6,489983.0
2025-12-28 11:00:00+00:00,1.5945,47058.2798,1.595,610638.0
2025-12-28 12:00:00+00:00,1.5855,51999.3291,1.586,2120349.0
2025-12-28 13:00:00+00:00,1.5828,57042.8408,1.584,421132.0
2025-12-28 14:00:00+00:00,1.5901,59448.3191,1.591,556857.0
2025-12-28 15:00:00+00:00,1.5896,107774.6007,1.589,3161274.0
2025-12-28 16:00:00+00:00,1.5843,67763.4856,1.584,288750.0
2025-12-28 17:00:00+00:00,1.5767,39316.7044,1.577,157379.0
2025-12-28 18:00:00+00:00,1.5627,263464.8709,1.562,1908385.0
2025-12-28 19:00:00+00:00,1.5566,67801.6286,1.556,638273.0
2025-12-28 20:00:00+00:00,1.5614,51325.3412,1.56,850018.0
2025-12-28 21:00:00+00:00,1.5596,58425.8375,1.559,401466.0
2025-12-28 22:00:00+00:00,1.574,69646.13,1.573,602290.0
2025-12-28 23:00:00+00:00,1.5818,95956.4906,1.581,888976.0
2025-12-29 00:00:00+00:00,1.5998,148411.8874,1.598,1163824.0
2025-12-29 01:00:00+00:00,1.5946,111731.2053,1.596,1280605.0
2025-12-29 02:00:00+00:00,1.5905,91227.6922,1.591,977552.0
2025-12-29 03:00:00+00:00,1.605,99316.6077,1.604,586024.0
2025-12-29 04:00:00+00:00,1.6012,85811.0058,1.601,594490.0
2025-12-29 05:00:00+00:00,1.5841,79746.0324,1.584,525723.0
2025-12-29 06:00:00+00:00,1.5834,86627.2003,1.583,557844.0
2025-12-29 07:00:00+00:00,1.5851,79421.8233,1.585,641540.0
2025-12-29 08:00:00+00:00,1.5715,75481.7611,1.571,799065.0
2025-12-29 09:00:00+00:00,1.5452,137460.8618,1.544,1935977.0
2025-12-29 10:00:00+00:00,1.5487,59933.6402,1.548,870111.0
2025-12-29 11:00:00+00:00,1.5402,90812.74828413,1.539,591468.0
2025-12-29 12:00:00+00:00,1.5264,134128.0669,1.526,1336165.0
2025-12-29 13:00:00+00:00,1.5165,92925.5037,1.516,1303205.0
2025-12-29 14:00:00+00:00,1.5174,142658.4428,1.519,1070181.0
2025-12-29 15:00:00+00:00,1.5255,124592.9322,1.525,1339922.0
2025-12-29 16:00:00+00:00,1.5237,71169.5472,1.524,750888.0
2025-12-29 17:00:00+00:00,1.5228,53682.3186,1.523,639713.0
2025-12-29 18:00:00+00:00,1.5172,55907.092,1.518,396426.0
2025-12-29 19:00:00+00:00,1.5179,78973.1792,1.519,424769.0
2025-12-29 20:00:00+00:00,1.5147,60424.1074,1.516,489930.0
2025-12-29 21:00:00+00:00,1.527,70140.9749,1.527,580201.0
2025-12-29 22:00:00+00:00,1.5267,72559.16555519,1.527,691623.0
2025-12-29 23:00:00+00:00,1.524,61403.301,1.524,410022.0
2025-12-30 00:00:00+00:00,1.5228,78998.2784,1.523,558345.0
2025-12-30 01:00:00+00:00,1.5291,61677.0955,1.529,342450.0
2025-12-30 02:00:00+00:00,1.5217,76950.0997,1.522,512195.0
2025-12-30 03:00:00+00:00,1.5254,70975.7616,1.525,292108.0
2025-12-30 04:00:00+00:00,1.5262,64793.54548689,1.527,272542.0
2025-12-30 05:00:00+00:00,1.5215,57370.938,1.522,198596.0
2025-12-30 06:00:00+00:00,1.5317,46798.4113,1.531,225841.0
2025-12-30 07:00:00+00:00,1.5312,58975.881,1.531,209028.0
2025-12-30 08:00:00+00:00,1.5441,129375.0121,1.544,1160199.0
2025-12-30 09:00:00+00:00,1.5495,73848.4914,1.549,308563.0
2025-12-30 10:00:00+00:00,1.5465,48961.3143,1.547,302314.0
2025-12-30 11:00:00+00:00,1.5454,58139.4688,1.546,229946.0
2025-12-30 12:00:00+00:00,1.5376,80065.3463,1.538,192306.0
2025-12-30 13:00:00+00:00,1.5413,63233.62598111,1.542,343256.0
2025-12-30 14:00:00+00:00,1.5476,137208.6605,1.547,1112616.0
2025-12-30 15:00:00+00:00,1.5467,75222.8522,1.549,631702.0
2025-12-30 16:00:00+00:00,1.5347,90194.0296,1.534,470160.0
2025-12-30 17:00:00+00:00,1.5264,73838.2822,1.527,551566.0
2025-12-30 18:00:00+00:00,1.5293,41248.7564,1.529,229056.0
2025-12-30 19:00:00+00:00,1.5297,74464.7978,1.53,463613.0
2025-12-30 20:00:00+00:00,1.5148,56090.54532906,1.516,263734.0
2025-12-30 21:00:00+00:00,1.5181,56057.1835,1.518,273416.0
2025-12-30 22:00:00+00:00,1.5179,63967.9315,1.518,259908.0
2025-12-30 23:00:00+00:00,1.5173,74757.3613,1.517,646683.0
2025-12-31 00:00:00+00:00,1.5107,99835.8851,1.511,694916.0
2025-12-31 01:00:00+00:00,1.5272,73729.3783,1.527,713271.0
2025-12-31 02:00:00+00:00,1.5221,64433.5486,1.522,396191.0
2025-12-31 03:00:00+00:00,1.5182,37924.0592,1.516,252873.0
2025-12-31 04:00:00+00:00,1.5202,38299.2749,1.521,178960.0
2025-12-31 05:00:00+00:00,1.5183,44288.1658,1.518,192420.0
2025-12-31 06:00:00+00:00,1.5217,41063.308,1.522,103375.0
2025-12-31 07:00:00+00:00,1.5196,29938.6296,1.52,180806.0
2025-12-31 08:00:00+00:00,1.5107,46406.3448,1.51,314126.0
2025-12-31 09:00:00+00:00,1.5094,35356.8965,1.51,207642.0
2025-12-31 10:00:00+00:00,1.5013,42177.4647,1.501,298992.0
2025-12-31 11:00:00+00:00,1.5196,68435.4286,1.519,329765.0
2025-12-31 12:00:00+00:00,1.5126,73764.1117,1.513,298176.0
2025-12-31 13:00:00+00:00,1.5182,72574.1991,1.518,192357.0
2025-12-31 14:00:00+00:00,1.5173,161616.7667,1.516,1200010.0
2025-12-31 15:00:00+00:00,1.5091,109485.6468,1.508,1008003.0
2025-12-31 16:00:00+00:00,1.4854,131293.6055,1.484,2486429.0
2025-12-31 17:00:00+00:00,1.4848,61363.267,1.484,595808.0
2025-12-31 18:00:00+00:00,1.4813,46616.3952,1.481,531444.0
2025-12-31 19:00:00+00:00,1.4902,58045.7142,1.49,525100.0
2025-12-31 20:00:00+00:00,1.4972,69115.7242,1.498,820086.0
2025-12-31 21:00:00+00:00,1.5153,142688.223,1.515,1559440.0
2025-12-31 22:00:00+00:00,1.513,81548.7953,1.513,1679258.0
2025-12-31 23:00:00+00:00,1.5138,34799.8874,1.513,365208.0
2026-01-01 00:00:00+00:00,1.5165,58917.5414,1.515,487865.0
2026-01-01 01:00:00+00:00,1.5125,56808.2574,1.511,395327.0
2026-01-01 02:00:00+00:00,1.5114,44257.4742,1.511,237406.0
2026-01-01 03:00:00+00:00,1.5069,39641.9013,1.505,420196.0
2026-01-01 04:00:00+00:00,1.5064,47842.8338,1.507,349537.0
2026-01-01 05:00:00+00:00,1.5133,37839.4362,1.514,226013.0
2026-01-01 06:00:00+00:00,1.5062,35141.5259,1.505,119716.0
2026-01-01 07:00:00+00:00,1.5126,38064.1949,1.513,126869.0
2026-01-01 08:00:00+00:00,1.5187,37439.5749,1.518,270820.0
2026-01-01 09:00:00+00:00,1.5217,56360.6433,1.521,280479.0
2026-01-01 10:00:00+00:00,1.5216,36333.0054,1.521,193416.0
2026-01-01 11:00:00+00:00,1.5306,51444.9086,1.531,290547.0
2026-01-01 12:00:00+00:00,1.5245,51090.4213,1.526,191736.0
2026-01-01 13:00:00+00:00,1.5504,83409.7974,1.55,468057.0
2026-01-01 14:00:00+00:00,1.554,112144.7608,1.554,809858.0
2026-01-01 15:00:00+00:00,1.5732,112652.6214,1.572,1106601.0
2026-01-01 16:00:00+00:00,1.5833,109269.9289,1.582,887814.0
2026-01-01 17:00:00+00:00,1.5907,97382.6291,1.59,778849.0
2026-01-01 18:00:00+00:00,1.6003,80037.9338,1.599,491350.0
2026-01-01 19:00:00+00:00,1.6132,66584.3564,1.612,524226.0
2026-01-01 20:00:00+00:00,1.6068,117314.7995,1.606,923306.0
2026-01-01 21:00:00+00:00,1.6185,93873.606,1.618,893333.0
2026-01-01 22:00:00+00:00,1.6265,100134.7814,1.627,978576.0
2026-01-01 23:00:00+00:00,1.6264,74704.3444,1.627,735227.0
2026-01-02 00:00:00+00:00,1.626,85953.3807,1.625,679690.0
2026-01-02 01:00:00+00:00,1.6461,78882.6001,1.646,815658.0
2026-01-02 02:00:00+00:00,1.6495,90190.3271,1.649,808632.0
2026-01-02 03:00:00+00:00,1.6559,85391.892,1.656,865265.0
2026-01-02 04:00:00+00:00,1.6461,62137.0412,1.647,421598.0
2026-01-02 05:00:00+00:00,1.6458,48134.3154,1.646,413439.0
2026-01-02 06:00:00+00:00,1.6386,48338.0165,1.639,346853.0
2026-01-02 07:00:00+00:00,1.6286,62266.1146,1.628,408025.0
2026-01-02 08:00:00+00:00,1.637,54824.0253,1.638,419804.0
2026-01-02 09:00:00+00:00,1.6556,91574.7755,1.655,948690.0
2026-01-02 10:00:00+00:00,1.6491,95549.64,1.649,899244.0
2026-01-02 11:00:00+00:00,1.6361,83088.7924,1.636,588128.0
2026-01-02 12:00:00+00:00,1.6428,52974.2599,1.642,551757.0
2026-01-02 13:00:00+00:00,1.6403,69260.5901,1.641,634367.0
2026-01-02 14:00:00+00:00,1.6373,166974.7025,1.638,2430891.0
2026-01-02 15:00:00+00:00,1.6362,112947.2404,1.637,1437820.0
2026-01-02 16:00:00+00:00,1.6624,163342.4029,1.663,2196069.0
2026-01-02 17:00:00+00:00,1.6628,95911.495,1.663,1114857.0
2026-01-02 18:00:00+00:00,1.67,117657.2351,1.67,1513771.0
2026-01-02 19:00:00+00:00,1.6863,89540.0467,1.684,1215447.0
2026-01-02 20:00:00+00:00,1.6802,73284.7575,1.68,1044344.0
2026-01-02 21:00:00+00:00,1.6864,65170.9051,1.686,789060.0
2026-01-02 22:00:00+00:00,1.6858,70700.8635,1.686,1001442.0
2026-01-02 23:00:00+00:00,1.6923,58505.7808,1.691,391686.0
2026-01-03 00:00:00+00:00,1.6938,75997.3517,1.694,869141.0
2026-01-03 01:00:00+00:00,1.6944,52691.7099,1.693,367474.0
2026-01-03 02:00:00+00:00,1.6947,57619.7025,1.695,673437.0
2026-01-03 03:00:00+00:00,1.7087,79084.0049,1.709,824171.0
2026-01-03 04:00:00+00:00,1.7036,65640.0533,1.704,660220.0
2026-01-03 05:00:00+00:00,1.7035,44073.4702,1.703,524312.0
2026-01-03 06:00:00+00:00,1.6928,139888.6299,1.693,1178347.0
2026-01-03 07:00:00+00:00,1.6687,93838.8524,1.668,1182394.0
2026-01-03 08:00:00+00:00,1.6702,94076.4142,1.67,886771.0
2026-01-03 09:00:00+00:00,1.6673,56807.7577,1.666,578218.0
2026-01-03 10:00:00+00:00,1.6675,63059.1214,1.666,582771.0
2026-01-03 11:00:00+00:00,1.6747,62971.9908,1.675,335996.0
2026-01-03 12:00:00+00:00,1.6937,86066.9626,1.693,444206.0
2026-01-03 13:00:00+00:00,1.6976,52279.4197,1.696,514434.0
2026-01-03 14:00:00+00:00,1.6928,44968.1521,1.692,500108.0
2026-01-03 15:00:00+00:00,1.6821,43873.2047,1.681,633266.0
2026-01-03 16:00:00+00:00,1.7057,49658.4766,1.705,764877.0
2026-01-03 17:00:00+00:00,1.6981,77503.844,1.699,753052.0
2026-01-03 18:00:00+00:00,1.7062,94798.2084,1.706,704618.0
2026-01-03 19:00:00+00:00,1.7045,55318.4443,1.704,344398.0
2026-01-03 20:00:00+00:00,1.7019,101487.1489,1.702,516046.0
2026-01-03 21:00:00+00:00,1.7018,79897.521,1.702,511705.0
2026-01-03 22:00:00+00:00,1.7095,47314.8164,1.711,641268.0
2026-01-03 23:00:00+00:00,1.7106,60597.0751,1.711,666027.0
2026-01-04 00:00:00+00:00,1.7107,113774.4943,1.711,1861970.0
2026-01-04 01:00:00+00:00,1.7,59673.0788,1.701,737909.0
2026-01-04 02:00:00+00:00,1.7037,51270.9032,1.704,757199.0
2026-01-04 03:00:00+00:00,1.7125,66670.2938,1.712,781648.0
2026-01-04 04:00:00+00:00,1.709,57186.91509412,1.709,427948.0
2026-01-04 05:00:00+00:00,1.7106,52507.4647,1.711,445135.0
2026-01-04 06:00:00+00:00,1.7001,107066.6035,1.7,1072068.0
2026-01-04 07:00:00+00:00,1.7122,45982.2402,1.712,504792.0
2026-01-04 08:00:00+00:00,1.7152,72379.5563,1.714,826682.0
2026-01-04 09:00:00+00:00,1.7144,87593.1683,1.714,756388.0
2026-01-04 10:00:00+00:00,1.7254,65909.7003,1.725,882265.0
2026-01-04 11:00:00+00:00,1.7243,71612.8447,1.724,889583.0
2026-01-04 12:00:00+00:00,1.7233,139392.6773,1.723,1189535.0
2026-01-04 13:00:00+00:00,1.7235,72481.8323,1.725,801731.0
2026-01-04 14:00:00+00:00,1.7277,74016.9698,1.728,907085.0
2026-01-04 15:00:00+00:00,1.7368,59328.718,1.735,730060.0
2026-01-04 16:00:00+00:00,1.7378,47154.8769,1.738,764116.0
2026-01-04 17:00:00+00:00,1.7379,45524.481,1.738,727228.0
2026-01-04 18:00:00+00:00,1.7328,63035.188,1.734,743065.0
2026-01-04 19:00:00+00:00,1.7255,123235.9302,1.726,1047927.0
2026-01-04 20:00:00+00:00,1.7224,42807.2749,1.723,419384.0
2026-01-04 21:00:00+00:00,1.7182,56222.2288,1.718,704031.0
2026-01-04 22:00:00+00:00,1.7208,53774.7987,1.721,528662.0
2026-01-04 23:00:00+00:00,1.7297,41167.2972,1.729,811531.0
2026-01-05 00:00:00+00:00,1.7392,81519.5636,1.738,1276592.0
2026-01-05 01:00:00+00:00,1.7611,113868.2587,1.76,1589437.0
2026-01-05 02:00:00+00:00,1.764,130077.3107,1.763,1098187.0
2026-01-05 03:00:00+00:00,1.7919,140847.6351,1.792,1872044.0
2026-01-05 04:00:00+00:00,1.7727,121216.809,1.773,1331671.0
2026-01-05 05:00:00+00:00,1.7606,59433.8404,1.761,824139.0
2026-01-05 06:00:00+00:00,1.7487,80191.0953,1.747,890549.0
2026-01-05 07:00:00+00:00,1.7477,56680.7183,1.748,690176.0
2026-01-05 08:00:00+00:00,1.7311,58478.1536,1.73,701607.0
2026-01-05 09:00:00+00:00,1.7168,91983.3896,1.718,1267898.0
2026-01-05 10:00:00+00:00,1.7185,68451.6454,1.718,1488320.0
2026-01-05 11:00:00+00:00,1.7199,52549.0301,1.719,648859.0
2026-01-05 12:00:00+00:00,1.7279,73632.8006,1.729,748184.0
2026-01-05 13:00:00+00:00,1.7238,79785.7505,1.723,908150.0
2026-01-05 14:00:00+00:00,1.7468,83593.8473,1.746,1591824.0
2026-01-05 15:00:00+00:00,1.7578,143730.7986,1.758,1153387.0
2026-01-05 16:00:00+00:00,1.745,73934.9377,1.745,1212782.0
2026-01-05 17:00:00+00:00,1.7633,111618.0327,1.764,1395731.0
2026-01-05 18:00:00+00:00,1.7788,131105.2694,1.779,1377408.0
2026-01-05 19:00:00+00:00,1.7677,88937.8172,1.767,1214924.0
2026-01-05 20:00:00+00:00,1.7698,119397.0823,1.769,1427251.0
2026-01-05 21:00:00+00:00,1.759,82387.0265,1.759,961089.0
2026-01-05 22:00:00+00:00,1.785,85231.0796,1.784,1510374.0
2026-01-05 23:00:00+00:00,1.7731,69900.6165,1.773,1032967.0
2026-01-06 00:00:00+00:00,1.7729,78633.4317,1.771,1234982.0
2026-01-06 01:00:00+00:00,1.7611,84629.0376,1.759,1281605.0
2026-01-06 02:00:00+00:00,1.7647,54391.8258,1.765,1278047.0
2026-01-06 03:00:00+00:00,1.7781,69763.1841,1.778,1001607.0
2026-01-06 04:00:00+00:00,1.791,80247.96275748,1.79,883927.0
2026-01-06 05:00:00+00:00,1.7806,62147.0463,1.781,608441.0
2026-01-06 06:00:00+00:00,1.7861,95709.0156,1.786,1098138.0
2026-01-06 07:00:00+00:00,1.7581,66130.2081,1.758,1115843.0
2026-01-06 08:00:00+00:00,1.7626,48026.045,1.762,693047.0
2026-01-06 09:00:00+00:00,1.7694,47597.7387,1.77,880155.0
2026-01-06 10:00:00+00:00,1.7811,37389.348,1.782,583008.0
2026-01-06 11:00:00+00:00,1.8232,133520.4332,1.822,1355222.0
2026-01-06 12:00:00+00:00,1.8308,157964.8588,1.83,1472049.0
2026-01-06 13:00:00+00:00,1.8202,65833.7765,1.82,953931.0
2026-01-06 14:00:00+00:00,1.82,217125.5909,1.819,1294398.0
2026-01-06 15:00:00+00:00,1.7954,161994.22253496,1.797,1536834.0
2026-01-06 16:00:00+00:00,1.772,164006.8453,1.77,2344054.0
2026-01-06 17:00:00+00:00,1.7338,161779.3974,1.733,1800071.0
2026-01-06 18:00:00+00:00,1.7523,104354.699,1.753,1187672.0
2026-01-06 19:00:00+00:00,1.7523,47705.77387835,1.752,819525.0
2026-01-06 20:00:00+00:00,1.7865,61433.426,1.787,767920.0
2026-01-06 21:00:00+00:00,1.8146,106944.0012,1.814,948816.0
2026-01-06 22:00:00+00:00,1.8033,68069.9837,1.802,857898.0
2026-01-06 23:00:00+00:00,1.8089,69462.226,1.809,1021776.0
2026-01-07 00:00:00+00:00,1.7681,166360.7553,1.768,1181590.0
2026-01-07 01:00:00+00:00,1.7567,64489.7844,1.757,987831.0
2026-01-07 02:00:00+00:00,1.7769,55030.4698,1.777,892503.0
2026-01-07 03:00:00+00:00,1.7706,47593.0653,1.77,517426.0
2026-01-07 04:00:00+00:00,1.7637,28536.581,1.763,432410.0
2026-01-07 05:00:00+00:00,1.7628,39432.1189,1.763,582889.0
2026-01-07 06:00:00+00:00,1.7598,53775.5909,1.76,864550.0
2026-01-07 07:00:00+00:00,1.7908,54316.0875,1.791,604915.0
2026-01-07 08:00:00+00:00,1.8017,91997.2053,1.8,1102929.0
2026-01-07 09:00:00+00:00,1.763,80848.0195,1.763,1118149.0
2026-01-07 10:00:00+00:00,1.767,81067.1348,1.765,1120829.0
2026-01-07 11:00:00+00:00,1.7732,34900.682,1.774,709179.0
2026-01-07 12:00:00+00:00,1.7551,97217.5502,1.755,723331.0
2026-01-07 13:00:00+00:00,1.7455,65179.8387,1.745,816351.0
2026-01-07 14:00:00+00:00,1.746,117472.9858,1.745,1780924.0
2026-01-07 15:00:00+00:00,1.7197,106879.3092,1.719,1783695.0
2026-01-07 16:00:00+00:00,1.7205,47387.5322,1.721,910832.0
2026-01-07 17:00:00+00:00,1.7198,41179.9109,1.721,766993.0
2026-01-07 18:00:00+00:00,1.7259,49600.8213,1.726,811175.0
2026-01-07 19:00:00+00:00,1.7308,47806.2589,1.731,1071552.0
2026-01-07 20:00:00+00:00,1.723,42785.2618,1.722,847274.0
2026-01-07 21:00:00+00:00,1.7206,34847.4085,1.721,521268.0
2026-01-07 22:00:00+00:00,1.714,57925.8246,1.714,835606.0
2026-01-07 23:00:00+00:00,1.7222,48303.635,1.722,1040805.0
2026-01-08 00:00:00+00:00,1.723,44873.4322,1.723,729921.0
2026-01-08 01:00:00+00:00,1.7253,46750.2376,1.724,711185.0
2026-01-08 02:00:00+00:00,1.7146,58091.3288,1.714,981640.0
2026-01-08 03:00:00+00:00,1.7004,59234.3614,1.7,1211538.0
2026-01-08 04:00:00+00:00,1.7081,76831.6399,1.708,992978.0
2026-01-08 05:00:00+00:00,1.7035,50963.2511,1.703,713801.0
2026-01-08 06:00:00+00:00,1.6766,77058.3875,1.675,1132314.0
2026-01-08 07:00:00+00:00,1.7101,100329.9689,1.709,1635919.0
2026-01-08 08:00:00+00:00,1.6971,64280.6774,1.697,1048066.0
2026-01-08 09:00:00+00:00,1.6848,59059.1589,1.683,912466.0
2026-01-08 10:00:00+00:00,1.6949,65192.7306,1.696,1007651.0
2026-01-08 11:00:00+00:00,1.6901,57372.4884,1.689,1090403.0
2026-01-08 12:00:00+00:00,1.6766,64467.6856,1.676,895337.0
2026-01-08 13:00:00+00:00,1.6713,66121.7935,1.67,1206462.0
2026-01-08 14:00:00+00:00,1.6787,76675.8356,1.679,1398786.0
2026-01-08 15:00:00+00:00,1.7136,88117.1633,1.715,1408005.0
2026-01-08 16:00:00+00:00,1.7025,130389.8961,1.702,2501115.0
2026-01-08 17:00:00+00:00,1.7111,74179.4438,1.71,1058533.0
2026-01-08 18:00:00+00:00,1.6932,43434.0059,1.692,1495472.0
2026-01-08 19:00:00+00:00,1.6835,36994.6509,1.685,763178.0
2026-01-08 20:00:00+00:00,1.6787,85972.8106,1.679,947904.0
2026-01-08 21:00:00+00:00,1.6966,28570.5629,1.696,692789.0
2026-01-08 22:00:00+00:00,1.6972,46330.8596,1.696,1028210.0
2026-01-08 23:00:00+00:00,1.6856,31756.7681,1.685,531315.0
2026-01-09 00:00:00+00:00,1.692,73829.8596,1.691,913500.0
2026-01-09 01:00:00+00:00,1.6831,69198.0722,1.681,1232439.0
2026-01-09 02:00:00+00:00,1.6776,39598.7348,1.677,526068.0
2026-01-09 03:00:00+00:00,1.6968,65871.3623,1.695,966295.0
2026-01-09 04:00:00+00:00,1.6907,35421.5057,1.69,630081.0
2026-01-09 05:00:00+00:00,1.7016,40916.3104,1.701,571326.0
2026-01-09 06:00:00+00:00,1.7046,39259.2822,1.703,624987.0
2026-01-09 07:00:00+00:00,1.6964,36685.7409,1.695,639996.0
2026-01-09 08:00:00+00:00,1.673,55269.3192,1.672,1252838.0
2026-01-09 09:00:00+00:00,1.6791,41329.379,1.678,694053.0
2026-01-09 10:00:00+00:00,1.6823,37855.8778,1.682,448743.0
2026-01-09 11:00:00+00:00,1.6827,32600.5676,1.683,480887.0
2026-01-09 12:00:00+00:00,1.6732,32944.412,1.673,474090.0
2026-01-09 13:00:00+00:00,1.7044,100731.0869,1.703,1138204.0
2026-01-09 14:00:00+00:00,1.6861,64088.0435,1.687,1143771.0
2026-01-09 15:00:00+00:00,1.7243,142003.2144,1.722,2377456.0
2026-01-09 16:00:00+00:00,1.7457,65889.2558,1.747,1366399.0
2026-01-09 17:00:00+00:00,1.7296,82230.8009,1.731,1086674.0
2026-01-09 18:00:00+00:00,1.7049,76907.8591,1.707,972894.0
2026-01-09 19:00:00+00:00,1.6854,96950.4804,1.685,1072340.0
2026-01-09 20:00:00+00:00,1.69,68148.9111,1.69,663637.0
2026-01-09 21:00:00+00:00,1.7034,56135.9799,1.703,860124.0
2026-01-09 22:00:00+00:00,1.7123,53119.0129,1.712,815747.0
2026-01-09 23:00:00+00:00,1.7039,44245.7008,1.704,518582.0
2026-01-10 00:00:00+00:00,1.6912,43551.8458,1.69,537677.0
2026-01-10 01:00:00+00:00,1.6935,49581.4792,1.695,676022.0
2026-01-10 02:00:00+00:00,1.6868,48181.3014,1.688,455060.0
2026-01-10 03:00:00+00:00,1.6869,32202.8603,1.686,422856.0
2026-01-10 04:00:00+00:00,1.6806,37086.3764,1.681,557525.0
2026-01-10 05:00:00+00:00,1.68,30644.5597,1.68,451929.0
2026-01-10 06:00:00+00:00,1.6882,36725.228,1.688,686173.0
2026-01-10 07:00:00+00:00,1.7036,40947.405,1.703,584365.0
2026-01-10 08:00:00+00:00,1.7039,28285.0665,1.705,551290.0
2026-01-10 09:00:00+00:00,1.7114,79845.973,1.713,1080010.0
2026-01-10 10:00:00+00:00,1.7122,41378.9572,1.713,473630.0
2026-01-10 11:00:00+00:00,1.7128,34002.4295,1.714,392800.0
2026-01-10 12:00:00+00:00,1.7292,45859.2525,1.731,695390.0
2026-01-10 13:00:00+00:00,1.7226,49846.3494,1.723,865056.0
2026-01-10 14:00:00+00:00,1.712,38432.9625,1.713,823480.0
2026-01-10 15:00:00+00:00,1.7085,36512.9419,1.709,580260.0
2026-01-10 16:00:00+00:00,1.702,39449.7424,1.703,539486.0
2026-01-10 17:00:00+00:00,1.6949,32443.1094,1.696,569104.0
2026-01-10 18:00:00+00:00,1.7,37729.3613,1.702,565585.0
2026-01-10 19:00:00+00:00,1.715,35936.0426,1.715,500215.0
2026-01-10 20:00:00+00:00,1.7059,32890.767,1.707,636596.0
2026-01-10 21:00:00+00:00,1.6943,27412.6124,1.695,517563.0
2026-01-10 22:00:00+00:00,1.6838,49280.0919,1.683,954968.0
2026-01-10 23:00:00+00:00,1.6891,28761.4399,1.689,381715.0
2026-01-11 00:00:00+00:00,1.6953,38726.3709,1.694,418225.0
2026-01-11 01:00:00+00:00,1.6933,38872.1622,1.693,440051.0
2026-01-11 02:00:00+00:00,1.6944,36245.5966,1.694,440465.0
2026-01-11 03:00:00+00:00,1.6941,28404.8093,1.695,282300.0
2026-01-11 04:00:00+00:00,1.6945,26382.6123,1.694,645462.0
2026-01-11 05:00:00+00:00,1.6921,30251.0129,1.693,462606.0
2026-01-11 06:00:00+00:00,1.6888,36414.6331,1.689,826592.0
2026-01-11 07:00:00+00:00,1.6907,24801.4595,1.69,549879.0
2026-01-11 08:00:00+00:00,1.697,31360.1539,1.696,630260.0
2026-01-11 09:00:00+00:00,1.7003,43925.11,1.7,591155.0
2026-01-11 10:00:00+00:00,1.7004,31440.4636,1.7,430247.0
2026-01-11 11:00:00+00:00,1.7053,26679.7766,1.704,334887.0
2026-01-11 12:00:00+00:00,1.7159,34369.9623,1.716,694893.0
2026-01-11 13:00:00+00:00,1.7047,39423.2552,1.704,432076.0
2026-01-11 14:00:00+00:00,1.7189,46788.38,1.719,615611.0
2026-01-11 15:00:00+00:00,1.6952,49380.1408,1.694,896101.0
2026-01-11 16:00:00+00:00,1.7158,87999.3018,1.715,957381.0
2026-01-11 17:00:00+00:00,1.7261,39436.9662,1.725,749706.0
2026-01-11 18:00:00+00:00,1.7278,42026.7079,1.727,789282.0
2026-01-11 19:00:00+00:00,1.7202,113425.7336,1.72,805854.0
2026-01-11 20:00:00+00:00,1.6946,75771.0136,1.695,1213214.0
2026-01-11 21:00:00+00:00,1.7032,51153.5431,1.702,729814.0
2026-01-11 22:00:00+00:00,1.6814,54365.4855,1.681,987294.0
2026-01-11 23:00:00+00:00,1.7021,91099.8457,1.7,1889749.0
2026-01-12 00:00:00+00:00,1.7016,79697.0377,1.702,1540704.0
2026-01-12 01:00:00+00:00,1.7088,68851.9322,1.709,1504817.0
2026-01-12 02:00:00+00:00,1.748,122809.1184,1.748,2353900.0
2026-01-12 03:00:00+00:00,1.7349,69752.9388,1.734,1270955.0
2026-01-12 04:00:00+00:00,1.7527,52117.1199,1.753,1267687.0
2026-01-12 05:00:00+00:00,1.7514,59629.0334,1.752,1424617.0
2026-01-12 06:00:00+00:00,1.7357,67633.7085,1.737,1360780.0
2026-01-12 07:00:00+00:00,1.7176,91897.3252,1.718,1386548.0
2026-01-12 08:00:00+00:00,1.6904,101138.2514,1.69,1303317.0
2026-01-12 09:00:00+00:00,1.6693,97344.8556,1.668,1346765.0
2026-01-12 10:00:00+00:00,1.6733,44104.3672,1.673,1452242.0
2026-01-12 11:00:00+00:00,1.6825,42854.8602,1.683,638180.0
2026-01-12 12:00:00+00:00,1.6739,49604.4204,1.675,1059303.0
2026-01-12 13:00:00+00:00,1.6614,73169.2303,1.661,1220712.0
2026-01-12 14:00:00+00:00,1.6732,122192.5035,1.673,2284187.0
2026-01-12 15:00:00+00:00,1.7151,98808.7221,1.715,2423909.0
2026-01-12 16:00:00+00:00,1.72,123682.645,1.721,2032934.0
2026-01-12 17:00:00+00:00,1.6985,109891.4429,1.699,1617119.0
2026-01-12 18:00:00+00:00,1.6902,68881.7853,1.691,1254311.0
2026-01-12 19:00:00+00:00,1.6961,71676.548,1.696,798996.0
2026-01-12 20:00:00+00:00,1.6825,60629.3151,1.684,865045.0
2026-01-12 21:00:00+00:00,1.672,64931.0196,1.672,1419422.0
2026-01-12 22:00:00+00:00,1.6803,75990.8265,1.679,766467.0
2026-01-12 23:00:00+00:00,1.674,44923.6611,1.674,416360.0
2026-01-13 00:00:00+00:00,1.692,47575.1276,1.692,733534.0
2026-01-13 01:00:00+00:00,1.7066,87829.3107,1.706,1514255.0
2026-01-13 02:00:00+00:00,1.7006,85061.7467,1.7,1343365.0
2026-01-13 03:00:00+00:00,1.6971,72563.9186,1.697,1506994.0
2026-01-13 04:00:00+00:00,1.709,73613.4879,1.709,1260669.0
2026-01-13 05:00:00+00:00,1.7203,81692.5952,1.723,1203555.0
2026-01-13 06:00:00+00:00,1.7452,80933.4155,1.747,1393026.0
2026-01-13 07:00:00+00:00,1.7397,64861.6884,1.741,615267.0
2026-01-13 08:00:00+00:00,1.7408,91471.6819,1.742,1507156.0
2026-01-13 09:00:00+00:00,1.76,98000.9609,1.761,1056130.0
2026-01-13 10:00:00+00:00,1.7853,143689.0778,1.787,1486158.0
2026-01-13 11:00:00+00:00,1.7679,156670.091,1.77,1825962.0
2026-01-13 12:00:00+00:00,1.7806,130805.4442,1.781,1165426.0
2026-01-13 13:00:00+00:00,1.7923,215319.5025,1.793,1810303.0
2026-01-13 14:00:00+00:00,1.7963,120556.6412,1.798,1689562.0
2026-01-13 15:00:00+00:00,1.812,125308.4956,1.812,1603060.0
2026-01-13 16:00:00+00:00,1.8202,133837.8947,1.82,1623781.0
2026-01-13 17:00:00+00:00,1.832,150774.2663,1.831,2618825.0
2026-01-13 18:00:00+00:00,1.8304,135126.2637,1.829,1363695.0
2026-01-13 19:00:00+00:00,1.8478,101312.3423,1.848,1493988.0
2026-01-13 20:00:00+00:00,1.8276,92062.7798,1.827,952910.0
2026-01-13 21:00:00+00:00,1.8352,57724.8352,1.837,808496.0
2026-01-13 22:00:00+00:00,1.8732,161867.0027,1.875,2744038.0
2026-01-13 23:00:00+00:00,1.8581,75811.7337,1.858,971046.0
2026-01-14 00:00:00+00:00,1.8621,70599.1361,1.862,1111207.0
2026-01-14 01:00:00+00:00,1.8672,56173.9204,1.866,912884.0
2026-01-14 02:00:00+00:00,1.8614,67986.095,1.862,822919.0
2026-01-14 03:00:00+00:00,1.8591,54430.1313,1.859,431453.0
2026-01-14 04:00:00+00:00,1.8429,79229.5578,1.843,1322522.0
2026-01-14 05:00:00+00:00,1.8343,73623.4856,1.834,475099.0
2026-01-14 06:00:00+00:00,1.8428,59524.2319,1.842,529206.0
2026-01-14 07:00:00+00:00,1.8394,60089.3822,1.84,601115.0
2026-01-14 08:00:00+00:00,1.8447,70163.3545,1.845,896814.0
2026-01-14 09:00:00+00:00,1.8581,66251.1975,1.858,692258.0
2026-01-14 10:00:00+00:00,1.8555,81540.8427,1.855,673103.0
2026-01-14 11:00:00+00:00,1.8292,85709.9029,1.829,883937.0
2026-01-14 12:00:00+00:00,1.825,101655.2364,1.827,724278.0
2026-01-14 13:00:00+00:00,1.8142,77461.0078,1.815,919135.0
2026-01-14 14:00:00+00:00,1.8371,95018.4015,1.837,1304000.0
2026-01-14 15:00:00+00:00,1.8447,185728.7744,1.842,1362179.0
2026-01-14 16:00:00+00:00,1.8318,120790.8012,1.832,1860221.0
2026-01-14 17:00:00+00:00,1.8178,80221.7768,1.817,1108967.0
2026-01-14 18:00:00+00:00,1.8102,88220.1203,1.811,1517961.0
2026-01-14 19:00:00+00:00,1.8247,58037.0573,1.824,1467073.0
2026-01-14 20:00:00+00:00,1.821,42028.3492,1.82,951475.0
2026-01-14 21:00:00+00:00,1.8119,120607.4117,1.813,616696.0
2026-01-14 22:00:00+00:00,1.7923,796675.2629,1.793,1325602.0
2026-01-14 23:00:00+00:00,1.799,88109.9161,1.799,749810.0
2026-01-15 00:00:00+00:00,1.8044,66721.7699,1.804,691055.0
2026-01-15 01:00:00+00:00,1.789,96567.6135,1.788,1018517.0
2026-01-15 02:00:00+00:00,1.7872,139819.2294,1.787,948503.0
2026-01-15 03:00:00+00:00,1.7489,707610.8647,1.749,1410002.0
2026-01-15 04:00:00+00:00,1.7547,82656.3286,1.754,553653.0
2026-01-15 05:00:00+00:00,1.7617,72777.1754,1.761,525626.0
2026-01-15 06:00:00+00:00,1.7624,71588.0756,1.762,490248.0
2026-01-15 07:00:00+00:00,1.7823,67688.7198,1.783,781225.0
2026-01-15 08:00:00+00:00,1.778,60419.8164,1.777,464220.0
2026-01-15 09:00:00+00:00,1.7892,83478.7548,1.788,848433.0
2026-01-15 10:00:00+00:00,1.7873,56935.4111,1.786,572213.0
2026-01-15 11:00:00+00:00,1.7903,58459.2997,1.79,446006.0
2026-01-15 12:00:00+00:00,1.8029,53624.0335,1.803,661004.0
2026-01-15 13:00:00+00:00,1.8039,45796.6136,1.804,713013.0
2026-01-15 14:00:00+00:00,1.7759,90420.8509,1.775,1342405.0
2026-01-15 15:00:00+00:00,1.7464,105516.6023,1.745,3001380.0
2026-01-15 16:00:00+00:00,1.7479,53503.6507,1.747,1313340.0
2026-01-15 17:00:00+00:00,1.7278,62905.1679,1.727,1219751.0
2026-01-15 18:00:00+00:00,1.7078,75177.5029,1.709,1318342.0
2026-01-15 19:00:00+00:00,1.7136,164108.2482,1.713,1396482.0
2026-01-15 20:00:00+00:00,1.7064,55499.3552,1.706,913550.0
2026-01-15 21:00:00+00:00,1.7164,32204.6863,1.716,519292.0
2026-01-15 22:00:00+00:00,1.7231,38029.252,1.723,665421.0
2026-01-15 23:00:00+00:00,1.7217,44097.5553,1.721,491698.0
2026-01-16 00:00:00+00:00,1.7176,39007.4316,1.717,408748.0
2026-01-16 01:00:00+00:00,1.7131,32791.7276,1.711,361571.0
2026-01-16 02:00:00+00:00,1.7268,51045.7507,1.726,789127.0
2026-01-16 03:00:00+00:00,1.7164,42079.1937,1.716,444387.0
2026-01-16 04:00:00+00:00,1.7128,43953.9795,1.713,640786.0
2026-01-16 05:00:00+00:00,1.7376,46169.429,1.738,739714.0
2026-01-16 06:00:00+00:00,1.7408,33832.8257,1.74,317598.0
2026-01-16 07:00:00+00:00,1.745,73349.8988,1.744,589475.0
2026-01-16 08:00:00+00:00,1.7533,55111.7841,1.753,490065.0
2026-01-16 09:00:00+00:00,1.7401,40865.0485,1.739,399316.0
2026-01-16 10:00:00+00:00,1.7301,28746.4506,1.729,298689.0
2026-01-16 11:00:00+00:00,1.7288,47082.2237,1.729,525424.0
2026-01-16 12:00:00+00:00,1.7242,46133.2504,1.724,320552.0
2026-01-16 13:00:00+00:00,1.7154,72499.4131,1.714,844070.0
2026-01-16 14:00:00+00:00,1.7186,83198.4113,1.718,708660.0
2026-01-16 15:00:00+00:00,1.6876,155121.4432,1.687,2743417.0
2026-01-16 16:00:00+00:00,1.6929,81201.0611,1.693,1656355.0
2026-01-16 17:00:00+00:00,1.695,537825.5341,1.696,1256934.0
2026-01-16 18:00:00+00:00,1.6885,112313.4662,1.69,667189.0
2026-01-16 19:00:00+00:00,1.6911,67548.73,1.692,680220.0
2026-01-16 20:00:00+00:00,1.7245,103611.2288,1.725,1067640.0
2026-01-16 21:00:00+00:00,1.7314,105198.9862,1.732,2310690.0
2026-01-16 22:00:00+00:00,1.7422,67679.4379,1.742,932017.0
2026-01-16 23:00:00+00:00,1.7312,42841.4293,1.731,796896.0
2026-01-17 00:00:00+00:00,1.7323,86241.7284,1.733,640039.0
2026-01-17 01:00:00+00:00,1.7322,49399.7681,1.733,309240.0
2026-01-17 02:00:00+00:00,1.7301,41480.9876,1.73,426946.0
2026-01-17 03:00:00+00:00,1.728,39071.404,1.728,230084.0
2026-01-17 04:00:00+00:00,1.7369,40093.9161,1.736,409900.0
2026-01-17 05:00:00+00:00,1.7401,43986.0018,1.74,408798.0
2026-01-17 06:00:00+00:00,1.7471,44906.1869,1.747,468683.0
2026-01-17 07:00:00+00:00,1.7708,73445.8152,1.772,980941.0
2026-01-17 08:00:00+00:00,1.782,125226.9522,1.781,2346135.0
2026-01-17 09:00:00+00:00,1.7828,100407.0754,1.783,1236801.0
2026-01-17 10:00:00+00:00,1.7818,77222.6344,1.782,802262.0
2026-01-17 11:00:00+00:00,1.7665,56424.5192,1.767,854615.0
2026-01-17 12:00:00+00:00,1.7931,59178.1791,1.793,716873.0
2026-01-17 13:00:00+00:00,1.7883,48518.7573,1.788,747125.0
2026-01-17 14:00:00+00:00,1.8044,53075.401,1.804,880522.0
2026-01-17 15:00:00+00:00,1.7882,64313.722,1.788,854168.0
2026-01-17 16:00:00+00:00,1.7788,60198.7208,1.778,738514.0
2026-01-17 17:00:00+00:00,1.7795,51240.8903,1.78,683199.0
2026-01-17 18:00:00+00:00,1.7834,42282.095,1.784,388211.0
2026-01-17 19:00:00+00:00,1.7834,43378.4296,1.784,374908.0
2026-01-17 20:00:00+00:00,1.7726,45735.4569,1.773,390172.0
2026-01-17 21:00:00+00:00,1.7674,67063.7842,1.769,517843.0
2026-01-17 22:00:00+00:00,1.7539,50240.5325,1.755,824355.0
2026-01-17 23:00:00+00:00,1.7508,50715.733,1.752,302184.0
2026-01-18 00:00:00+00:00,1.7541,76048.8279,1.754,616486.0
2026-01-18 01:00:00+00:00,1.7289,83569.3292,1.729,1297562.0
2026-01-18 02:00:00+00:00,1.7209,51226.7909,1.722,1153289.0
2026-01-18 03:00:00+00:00,1.7222,34596.9472,1.722,771825.0
2026-01-18 04:00:00+00:00,1.721,38484.9749,1.72,423433.0
2026-01-18 05:00:00+00:00,1.7188,29387.2779,1.718,374889.0
2026-01-18 06:00:00+00:00,1.711,27235.3383,1.711,282331.0
2026-01-18 07:00:00+00:00,1.7095,37216.397,1.708,962745.0
2026-01-18 08:00:00+00:00,1.7074,30550.7294,1.707,297869.0
2026-01-18 09:00:00+00:00,1.7108,36278.6675,1.71,473816.0
2026-01-18 10:00:00+00:00,1.7073,30123.9856,1.707,532313.0
2026-01-18 11:00:00+00:00,1.7094,26801.5179,1.708,538191.0
2026-01-18 12:00:00+00:00,1.7049,31649.9459,1.704,538644.0
2026-01-18 13:00:00+00:00,1.7086,53717.9776,1.708,1920709.0
2026-01-18 14:00:00+00:00,1.6953,49011.2137,1.695,974019.0
2026-01-18 15:00:00+00:00,1.7202,50794.0569,1.721,728891.0
2026-01-18 16:00:00+00:00,1.7186,67376.2125,1.718,1237069.0
2026-01-18 17:00:00+00:00,1.7191,33788.5907,1.717,608615.0
2026-01-18 18:00:00+00:00,1.7359,43649.3103,1.735,1630513.0
2026-01-18 19:00:00+00:00,1.7197,27724.0575,1.719,355419.0
2026-01-18 20:00:00+00:00,1.7259,26046.764,1.726,870436.0
2026-01-18 21:00:00+00:00,1.7234,33828.4133,1.723,487161.0
2026-01-18 22:00:00+00:00,1.7286,43160.8873,1.729,523336.0
2026-01-18 23:00:00+00:00,1.6288,140630.7272,1.628,5611369.0
2026-01-19 00:00:00+00:00,1.5704,901529.7515,1.569,17727837.0
2026-01-19 01:00:00+00:00,1.5767,100534.3581,1.576,1653753.0
2026-01-19 02:00:00+00:00,1.5773,72464.9893,1.578,729525.0
2026-01-19 03:00:00+00:00,1.5951,79995.7446,1.595,788933.0
2026-01-19 04:00:00+00:00,1.5777,68686.4048,1.577,829119.0
2026-01-19 05:00:00+00:00,1.5905,103902.8666,1.59,1299938.0
2026-01-19 06:00:00+00:00,1.5662,75674.6453,1.566,695016.0
2026-01-19 07:00:00+00:00,1.5618,90840.7139,1.562,1404518.0
2026-01-19 08:00:00+00:00,1.5776,69534.259,1.578,1971670.0
2026-01-19 09:00:00+00:00,1.5704,53733.285,1.57,733322.0
2026-01-19 10:00:00+00:00,1.5582,63750.9057,1.558,429450.0
2026-01-19 11:00:00+00:00,1.5555,58457.0949,1.554,624083.0
2026-01-19 12:00:00+00:00,1.5512,50606.5426,1.55,645453.0
2026-01-19 13:00:00+00:00,1.5599,57489.2398,1.56,438232.0
2026-01-19 14:00:00+00:00,1.56,68526.143,1.559,791681.0
2026-01-19 15:00:00+00:00,1.5626,72710.9116,1.562,570736.0
2026-01-19 16:00:00+00:00,1.5815,77539.6382,1.581,615425.0
2026-01-19 17:00:00+00:00,1.5831,57654.3519,1.583,1240710.0
2026-01-19 18:00:00+00:00,1.5939,48832.0544,1.593,446395.0
2026-01-19 19:00:00+00:00,1.6067,62756.5602,1.607,1012453.0
2026-01-19 20:00:00+00:00,1.6002,64346.7517,1.6,605598.0
2026-01-19 21:00:00+00:00,1.5926,62914.6092,1.594,464183.0
2026-01-19 22:00:00+00:00,1.5766,62824.248,1.575,764292.0
2026-01-19 23:00:00+00:00,1.5962,72359.9786,1.596,1870802.0
2026-01-20 00:00:00+00:00,1.5894,63954.4766,1.588,584306.0
2026-01-20 01:00:00+00:00,1.5897,69234.9267828,1.59,706459.0
2026-01-20 02:00:00+00:00,1.5939,69151.532,1.594,664214.0
2026-01-20 03:00:00+00:00,1.5877,74938.5105,1.588,1228749.0
2026-01-20 04:00:00+00:00,1.58,61534.376,1.581,657553.0
2026-01-20 05:00:00+00:00,1.5783,74577.0967,1.579,4567824.0
2026-01-20 06:00:00+00:00,1.5624,105825.1491,1.562,1469615.0
2026-01-20 07:00:00+00:00,1.553,59729.9246,1.553,754895.0
2026-01-20 08:00:00+00:00,1.5455,96428.1855,1.546,1517621.0
2026-01-20 09:00:00+00:00,1.5482,51388.3042,1.55,819903.0
2026-01-20 10:00:00+00:00,1.5522,62144.9688,1.553,618151.0
2026-01-20 11:00:00+00:00,1.5391,55640.6298,1.539,362830.0
2026-01-20 12:00:00+00:00,1.5482,69319.1544,1.548,470542.0
2026-01-20 13:00:00+00:00,1.5389,410092.3944,1.537,2755895.0
2026-01-20 15:00:00+00:00,1.5292,226390.7515,1.528,1762062.0
2026-01-20 16:00:00+00:00,1.525,1620625.2458,1.524,1345739.0
2026-01-20 17:00:00+00:00,1.5175,125575.9819,1.517,1126870.0
2026-01-20 18:00:00+00:00,1.516,85046.5848,1.516,1049528.0
2026-01-20 19:00:00+00:00,1.5202,43702.9513,1.521,787435.0
2026-01-20 20:00:00+00:00,1.528,54567.7039,1.527,684258.0
2026-01-20 21:00:00+00:00,1.5184,43026.2968,1.519,612661.0
2026-01-20 22:00:00+00:00,1.5108,102303.6459,1.512,1329022.0
2026-01-20 23:00:00+00:00,1.5052,71888.0152,1.506,1173250.0
2026-01-21 00:00:00+00:00,1.5269,78984.9484,1.528,966049.0
2026-01-21 01:00:00+00:00,1.5376,80076.3933,1.539,1332776.0
2026-01-21 02:00:00+00:00,1.5489,80843.2296,1.549,905241.0
2026-01-21 03:00:00+00:00,1.5425,67768.3603,1.544,666120.0
2026-01-21 04:00:00+00:00,1.5429,55926.5229,1.544,381844.0
2026-01-21 05:00:00+00:00,1.5433,69366.6446,1.544,405294.0
2026-01-21 06:00:00+00:00,1.5317,65088.1293,1.532,273294.0
2026-01-21 07:00:00+00:00,1.5331,75929.6319,1.533,620925.0
2026-01-21 08:00:00+00:00,1.5231,82816.2818,1.522,1247174.0
2026-01-21 09:00:00+00:00,1.5302,61738.5063,1.531,481811.0
2026-01-21 10:00:00+00:00,1.5276,56747.063,1.528,404678.0
2026-01-21 11:00:00+00:00,1.5157,59527.0609,1.515,717930.0
2026-01-21 12:00:00+00:00,1.5127,100254.7738,1.513,1185037.0
2026-01-21 13:00:00+00:00,1.5039,54194.4403,1.506,774697.0
2026-01-21 14:00:00+00:00,1.5504,164044.5161,1.55,2410070.0
2026-01-21 15:00:00+00:00,1.5527,80066.1048,1.554,1460688.0
2026-01-21 16:00:00+00:00,1.4947,75669.6287582,1.495,1887213.0
2026-01-21 17:00:00+00:00,1.5025,148663.3828,1.502,1846885.0
2026-01-21 18:00:00+00:00,1.5103,59344.6056,1.51,1009871.0
2026-01-21 19:00:00+00:00,1.569,207711.3011,1.569,2150708.0
2026-01-21 20:00:00+00:00,1.5635,62591.1419,1.563,1124609.0
2026-01-21 21:00:00+00:00,1.5661,99735.2143,1.566,1058245.0
2026-01-21 22:00:00+00:00,1.5505,62467.248,1.55,1014740.0
2026-01-21 23:00:00+00:00,1.5294,102813.6147,1.529,949539.0
2026-01-22 00:00:00+00:00,1.5382,82271.4644,1.538,825075.0
2026-01-22 01:00:00+00:00,1.5544,75077.695,1.554,611018.0
2026-01-22 02:00:00+00:00,1.546,116860.2478,1.545,877851.0
2026-01-22 03:00:00+00:00,1.5369,49935.6964,1.536,553062.0
2026-01-22 04:00:00+00:00,1.5452,61992.1636,1.543,522824.0
2026-01-22 05:00:00+00:00,1.5474,73713.6971,1.546,639285.0
2026-01-22 06:00:00+00:00,1.5498,78986.6732,1.549,565360.0
2026-01-22 07:00:00+00:00,1.5471,77228.1883,1.546,492525.0
2026-01-22 08:00:00+00:00,1.5506,67724.8754,1.549,702094.0
2026-01-22 09:00:00+00:00,1.5556,69125.7673,1.555,544369.0
2026-01-22 10:00:00+00:00,1.552,64269.9523,1.552,476053.0
2026-01-22 11:00:00+00:00,1.531,78654.1107,1.531,657655.0
2026-01-22 12:00:00+00:00,1.5307,76268.9191,1.53,450109.0
2026-01-22 13:00:00+00:00,1.528,87596.5756,1.527,866055.0
2026-01-22 14:00:00+00:00,1.5099,108537.4689,1.51,1311760.0
2026-01-22 15:00:00+00:00,1.5117,132189.0398,1.512,1238817.0
2026-01-22 16:00:00+00:00,1.5252,82768.4256,1.524,956818.0
2026-01-22 17:00:00+00:00,1.5322,95928.63218133,1.532,751502.0
2026-01-22 18:00:00+00:00,1.5184,102320.3468,1.519,619849.0
2026-01-22 19:00:00+00:00,1.5233,81603.7335,1.524,606568.0
2026-01-22 20:00:00+00:00,1.5143,75466.2306,1.514,717017.0
2026-01-22 21:00:00+00:00,1.515,61482.0898,1.515,358105.0
2026-01-22 22:00:00+00:00,1.5113,55213.3981,1.511,635102.0
2026-01-22 23:00:00+00:00,1.5127,56562.2969,1.513,458866.0
2026-01-23 00:00:00+00:00,1.5158,52415.2074,1.516,384841.0
2026-01-23 01:00:00+00:00,1.5284,57008.8873,1.529,650081.0
2026-01-23 02:00:00+00:00,1.5195,48907.7513,1.52,276457.0
2026-01-23 03:00:00+00:00,1.53,50549.7005,1.529,300328.0
2026-01-23 04:00:00+00:00,1.5382,55232.1937,1.539,347589.0
2026-01-23 05:00:00+00:00,1.5295,62220.6967,1.529,262802.0
2026-01-23 06:00:00+00:00,1.5181,56265.3378,1.518,579625.0
2026-01-23 07:00:00+00:00,1.5184,63179.6369,1.518,352697.0
2026-01-23 08:00:00+00:00,1.5073,68562.1695,1.507,625521.0
2026-01-23 09:00:00+00:00,1.5191,63680.6806,1.518,814595.0
2026-01-23 10:00:00+00:00,1.516,60011.846,1.515,298343.0
2026-01-23 11:00:00+00:00,1.5229,60444.0451,1.522,414315.0
2026-01-23 12:00:00+00:00,1.5206,61502.3272,1.521,298858.0
2026-01-23 13:00:00+00:00,1.5271,58504.5775,1.526,259214.0
2026-01-23 14:00:00+00:00,1.5062,104110.1893,1.506,1406897.0
2026-01-23 15:00:00+00:00,1.5269,100700.9451,1.526,1363075.0
2026-01-23 16:00:00+00:00,1.529,88163.9486,1.53,1166751.0
2026-01-23 17:00:00+00:00,1.5318,135152.5195,1.532,1734977.0
2026-01-23 18:00:00+00:00,1.5274,65339.4021,1.527,869458.0
2026-01-23 19:00:00+00:00,1.5071,128004.4213,1.507,3104606.0
2026-01-23 20:00:00+00:00,1.5011,72921.3953,1.501,2481929.0
2026-01-23 21:00:00+00:00,1.5073,51471.2746,1.507,348270.0
2026-01-23 22:00:00+00:00,1.5148,64075.15534769,1.515,933458.0
2026-01-23 23:00:00+00:00,1.5082,59651.1304,1.509,606907.0
2026-01-24 00:00:00+00:00,1.5039,71111.7277,1.504,544716.0
2026-01-24 01:00:00+00:00,1.5084,61601.7957,1.507,188971.0
2026-01-24 02:00:00+00:00,1.506,47491.0119,1.505,175958.0
2026-01-24 03:00:00+00:00,1.5112,58015.7758,1.511,329457.0
2026-01-24 04:00:00+00:00,1.5112,45649.1077,1.51,99983.0
2026-01-24 05:00:00+00:00,1.5147,52140.369,1.514,179340.0
2026-01-24 06:00:00+00:00,1.5152,50459.8712,1.515,84421.0
2026-01-24 07:00:00+00:00,1.5128,51797.7386,1.512,216268.0
2026-01-24 08:00:00+00:00,1.5201,53323.3814,1.52,191030.0
2026-01-24 09:00:00+00:00,1.5106,49462.3695,1.51,210979.0
2026-01-24 10:00:00+00:00,1.5117,46654.1295,1.512,174750.0
2026-01-24 11:00:00+00:00,1.5084,37101.014,1.508,142809.0
2026-01-24 12:00:00+00:00,1.5104,46452.1555,1.509,74822.0
2026-01-24 13:00:00+00:00,1.4986,54856.6665,1.497,133598.0
2026-01-24 14:00:00+00:00,1.5049,81861.0136,1.505,641264.0
2026-01-24 15:00:00+00:00,1.4963,62486.6031,1.496,528588.0
2026-01-24 16:00:00+00:00,1.4984,64370.4809,1.498,404477.0
2026-01-24 17:00:00+00:00,1.5003,57179.5856,1.501,268455.0
2026-01-24 18:00:00+00:00,1.5015,54844.1961,1.502,139183.0
2026-01-24 19:00:00+00:00,1.4974,43383.6498,1.497,143288.0
2026-01-24 20:00:00+00:00,1.5051,47414.5199,1.505,149371.0
2026-01-24 21:00:00+00:00,1.5037,62069.1538,1.503,303023.0
2026-01-24 22:00:00+00:00,1.5121,69706.0058,1.511,890282.0
2026-01-24 23:00:00+00:00,1.5055,71199.42918184,1.506,368177.0
2026-01-25 00:00:00+00:00,1.5137,65673.1591,1.514,381193.0
2026-01-25 01:00:00+00:00,1.5053,74096.3489,1.504,355817.0
2026-01-25 02:00:00+00:00,1.5064,54092.2341,1.506,153403.0
2026-01-25 03:00:00+00:00,1.4997,64625.2807,1.5,382328.0
2026-01-25 04:00:00+00:00,1.5031,53899.2126,1.503,316304.0
2026-01-25 05:00:00+00:00,1.5084,57529.45354173,1.508,158268.0
2026-01-25 06:00:00+00:00,1.5042,56947.5724,1.504,546286.0
2026-01-25 07:00:00+00:00,1.5025,49230.0121,1.501,459110.0
2026-01-25 08:00:00+00:00,1.4878,73138.5307,1.488,632314.0
2026-01-25 09:00:00+00:00,1.5017,65134.9503,1.502,630047.0
2026-01-25 10:00:00+00:00,1.5011,59087.4785,1.501,467628.0
2026-01-25 11:00:00+00:00,1.4961,53299.728,1.496,375823.0
2026-01-25 12:00:00+00:00,1.4955,55993.2788,1.495,689337.0
2026-01-25 13:00:00+00:00,1.4949,62116.1409,1.494,367928.0
2026-01-25 14:00:00+00:00,1.4863,81100.7145,1.486,909400.0
2026-01-25 15:00:00+00:00,1.4902,97179.8768,1.488,467240.0
2026-01-25 16:00:00+00:00,1.4652,193730.3119,1.463,4326017.0
2026-01-25 17:00:00+00:00,1.4613,62465.911,1.461,421384.0
2026-01-25 18:00:00+00:00,1.4481,96395.5285,1.448,1443886.0
2026-01-25 19:00:00+00:00,1.4189,118397.4151,1.419,2831452.0
2026-01-25 20:00:00+00:00,1.4248,103699.9299,1.426,2634193.0
2026-01-25 21:00:00+00:00,1.43,76200.7725,1.432,1106913.0
2026-01-25 22:00:00+00:00,1.4228,62727.9557,1.425,596337.0
2026-01-25 23:00:00+00:00,1.4363,66095.0241,1.438,2020068.0
2026-01-26 00:00:00+00:00,1.4471,73420.6643,1.448,873269.0
2026-01-26 01:00:00+00:00,1.467,90623.8424,1.468,1309475.0
2026-01-26 02:00:00+00:00,1.4565,57290.5436,1.457,700434.0
2026-01-26 03:00:00+00:00,1.4479,43801.0073,1.449,553451.0
2026-01-26 04:00:00+00:00,1.4563,55862.9516,1.458,466406.0
2026-01-26 05:00:00+00:00,1.4608,37816.8613,1.462,418633.0
2026-01-26 06:00:00+00:00,1.4724,61683.0338,1.472,848310.0
2026-01-26 07:00:00+00:00,1.469,57751.6354,1.47,685123.0
2026-01-26 08:00:00+00:00,1.466,62638.1838,1.466,430399.0
2026-01-26 09:00:00+00:00,1.4521,65284.2592,1.452,4465724.0
2026-01-26 10:00:00+00:00,1.4568,52173.9959,1.456,224529.0
2026-01-26 11:00:00+00:00,1.4529,47365.2306,1.453,178972.0
2026-01-26 12:00:00+00:00,1.454,56451.3251,1.454,494602.0
2026-01-26 13:00:00+00:00,1.4618,63858.882,1.462,508543.0
2026-01-26 14:00:00+00:00,1.4714,95293.2988,1.469,1574250.0
2026-01-26 15:00:00+00:00,1.4641,100310.4878,1.464,1574300.0
2026-01-26 16:00:00+00:00,1.4603,74652.077,1.459,1135221.0
2026-01-26 17:00:00+00:00,1.4594,89444.563,1.459,1539019.0
2026-01-26 18:00:00+00:00,1.47,65788.1298,1.469,949517.0
2026-01-26 19:00:00+00:00,1.4614,58926.1831,1.46,471439.0
2026-01-26 20:00:00+00:00,1.4539,61939.6633,1.454,469901.0
2026-01-26 21:00:00+00:00,1.4708,55430.6935,1.472,798735.0
2026-01-26 22:00:00+00:00,1.4678,44340.5413,1.468,774165.0
2026-01-26 23:00:00+00:00,1.4625,41267.7462,1.463,499808.0
2026-01-27 00:00:00+00:00,1.4696,37019.413,1.469,258562.0
2026-01-27 01:00:00+00:00,1.4735,53644.7374,1.472,417702.0
2026-01-27 02:00:00+00:00,1.4772,52924.3193,1.477,396275.0
2026-01-27 03:00:00+00:00,1.4726,42321.3924,1.472,248468.0
2026-01-27 04:00:00+00:00,1.4764,47243.6062,1.476,471171.0
2026-01-27 05:00:00+00:00,1.4775,41609.7398,1.476,241937.0
2026-01-27 06:00:00+00:00,1.4693,42422.2537,1.469,283609.0
2026-01-27 07:00:00+00:00,1.4714,39478.9623,1.471,327637.0
2026-01-27 08:00:00+00:00,1.4677,43220.9561,1.468,365835.0
2026-01-27 09:00:00+00:00,1.4582,66061.7316,1.458,448759.0
2026-01-27 10:00:00+00:00,1.4564,45386.6883,1.456,189169.0
2026-01-27 11:00:00+00:00,1.4575,44271.8934,1.457,349011.0
2026-01-27 12:00:00+00:00,1.4538,41583.6058,1.452,187076.0
2026-01-27 13:00:00+00:00,1.4538,183948.8693,1.451,377934.0
2026-01-27 14:00:00+00:00,1.4571,340568.1022,1.455,900910.0
2026-01-27 15:00:00+00:00,1.47,111366.1156,1.469,556618.0
2026-01-27 16:00:00+00:00,1.4922,124734.4475,1.492,1452635.0
2026-01-27 17:00:00+00:00,1.4557,113272.2354,1.456,1203091.0
2026-01-27 18:00:00+00:00,1.4761,95591.1369,1.476,740079.0
2026-01-27 19:00:00+00:00,1.4814,69912.4242,1.481,559703.0
2026-01-27 20:00:00+00:00,1.5003,119422.23673021,1.501,869228.0
2026-01-27 21:00:00+00:00,1.4868,89827.0508,1.486,659572.0
2026-01-27 22:00:00+00:00,1.4899,59049.9596,1.49,667794.0
2026-01-27 23:00:00+00:00,1.4901,65233.1262,1.49,555675.0
2026-01-28 00:00:00+00:00,1.4943,81635.6565,1.494,803774.0
2026-01-28 01:00:00+00:00,1.485,64780.0228,1.486,481769.0
2026-01-28 02:00:00+00:00,1.4822,53284.5165,1.484,364744.0
2026-01-28 03:00:00+00:00,1.4761,68074.9973,1.477,517763.0
2026-01-28 04:00:00+00:00,1.4767,65416.5016,1.476,469008.0
2026-01-28 05:00:00+00:00,1.4837,68032.5205,1.484,843079.0
2026-01-28 06:00:00+00:00,1.4859,53960.8136,1.486,434071.0
2026-01-28 07:00:00+00:00,1.4793,46239.8914,1.477,300894.0
2026-01-28 08:00:00+00:00,1.4674,46336.6209,1.468,1469007.0
2026-01-28 09:00:00+00:00,1.4827,44899.7327,1.482,492902.0
2026-01-28 10:00:00+00:00,1.4763,37193.4199,1.477,425209.0
2026-01-28 11:00:00+00:00,1.496,51445.0255,1.496,558719.0
2026-01-28 12:00:00+00:00,1.4807,64348.9024,1.48,1147456.0
2026-01-28 13:00:00+00:00,1.4831,72530.0173,1.482,782529.0
2026-01-28 14:00:00+00:00,1.4732,108184.2524,1.474,1007306.0
2026-01-28 15:00:00+00:00,1.4675,85745.5535,1.467,760106.0
2026-01-28 16:00:00+00:00,1.4689,66864.0555,1.469,778428.0
2026-01-28 17:00:00+00:00,1.478,86269.84106035,1.478,903636.0
2026-01-28 18:00:00+00:00,1.4705,77339.3287,1.47,1064618.0
2026-01-28 19:00:00+00:00,1.4781,64675.3512,1.48,1706664.0
2026-01-28 20:00:00+00:00,1.4743,74129.5141,1.473,2541651.0
2026-01-28 21:00:00+00:00,1.4887,103062.7752,1.487,1066946.0
2026-01-28 22:00:00+00:00,1.4964,72905.7933,1.495,1287494.0
2026-01-28 23:00:00+00:00,1.4891,62603.8716,1.488,843514.0
2026-01-29 00:00:00+00:00,1.4797,58964.5935,1.478,643354.0
2026-01-29 01:00:00+00:00,1.4695,84028.1494,1.469,611071.0
2026-01-29 02:00:00+00:00,1.4497,111997.3565,1.449,1695909.0
2026-01-29 03:00:00+00:00,1.4485,66225.0519,1.449,941970.0
2026-01-29 04:00:00+00:00,1.4468,76618.3617,1.447,1639335.0
2026-01-29 05:00:00+00:00,1.4435,47806.6916,1.443,669931.0
2026-01-29 06:00:00+00:00,1.4534,68803.6464,1.453,845529.0
2026-01-29 07:00:00+00:00,1.4408,73595.8365,1.44,770314.0
2026-01-29 08:00:00+00:00,1.4332,137688.5784,1.433,1535717.0
2026-01-29 09:00:00+00:00,1.43,83884.2278,1.432,668148.0
2026-01-29 10:00:00+00:00,1.4279,78066.8972,1.428,532617.0
2026-01-29 11:00:00+00:00,1.4186,71966.8639,1.42,560353.0
2026-01-29 12:00:00+00:00,1.4199,62362.2528,1.42,533549.0
2026-01-29 13:00:00+00:00,1.4259,56641.4421,1.427,752711.0
2026-01-29 14:00:00+00:00,1.3964,118913.8105,1.398,2338691.0
2026-01-29 15:00:00+00:00,1.374,255413.2764,1.375,5259623.0
2026-01-29 16:00:00+00:00,1.3882,127111.4025,1.391,2312622.0
2026-01-29 17:00:00+00:00,1.3658,102573.7387,1.367,2213759.0
2026-01-29 18:00:00+00:00,1.3453,225697.8158,1.347,3132061.0
2026-01-29 19:00:00+00:00,1.3616,94990.3569,1.361,1577605.0
2026-01-29 20:00:00+00:00,1.376,77254.8323,1.378,1291874.0
2026-01-29 21:00:00+00:00,1.3795,86625.8394,1.38,969039.0
2026-01-29 22:00:00+00:00,1.3767,40206.6222,1.378,757872.0
2026-01-29 23:00:00+00:00,1.3753,44668.7512,1.376,844542.0
2026-01-30 00:00:00+00:00,1.3711,42977.7343,1.371,1152807.0
2026-01-30 01:00:00+00:00,1.3555,362491.5658,1.356,6059296.0
2026-01-30 02:00:00+00:00,1.33,2509320.8843,1.33,4553810.0
2026-01-30 03:00:00+00:00,1.3282,153079.64339409,1.328,1761321.0
2026-01-30 04:00:00+00:00,1.3361,101363.9168,1.335,1275145.0
2026-01-30 05:00:00+00:00,1.3302,93633.9288,1.33,909788.0
2026-01-30 06:00:00+00:00,1.3074,125572.671,1.307,2711557.0
2026-01-30 07:00:00+00:00,1.3343,109983.9812,1.334,1320999.0
2026-01-30 08:00:00+00:00,1.3223,71011.6093,1.321,1170660.0
2026-01-30 09:00:00+00:00,1.3218,64244.5901,1.321,1119295.0
2026-01-30 10:00:00+00:00,1.3278,85989.4764,1.327,631661.0
2026-01-30 11:00:00+00:00,1.3434,71143.5104,1.342,652495.0
2026-01-30 12:00:00+00:00,1.3226,79907.9943,1.322,806542.0
2026-01-30 13:00:00+00:00,1.3194,210190.2081,1.319,1677313.0
2026-01-30 14:00:00+00:00,1.3209,146183.878,1.321,2005781.0
2026-01-30 15:00:00+00:00,1.3225,147922.5022,1.322,2293376.0
2026-01-30 16:00:00+00:00,1.3214,154360.39,1.321,1574608.0
2026-01-30 17:00:00+00:00,1.317,108579.47500816,1.317,1195766.0
2026-01-30 18:00:00+00:00,1.3422,152112.0042,1.342,2215403.0
2026-01-30 19:00:00+00:00,1.3393,100399.2827,1.338,1298544.0
2026-01-30 20:00:00+00:00,1.3195,187577.2513,1.319,2085643.0
2026-01-30 21:00:00+00:00,1.3266,83566.6345,1.327,1376675.0
2026-01-30 22:00:00+00:00,1.3258,30757.8815,1.325,966800.0
2026-01-30 23:00:00+00:00,1.3218,38155.0296,1.321,639213.0
2026-01-31 00:00:00+00:00,1.319,43213.051,1.319,437666.0
2026-01-31 01:00:00+00:00,1.3218,41667.9643,1.321,492362.0
2026-01-31 02:00:00+00:00,1.3251,66101.1521,1.324,625797.0
2026-01-31 03:00:00+00:00,1.3243,49492.7153,1.324,468500.0
2026-01-31 04:00:00+00:00,1.3209,34765.3392,1.321,348614.0
2026-01-31 05:00:00+00:00,1.3242,39531.0311,1.325,372717.0
2026-01-31 06:00:00+00:00,1.3135,63550.1632,1.314,840102.0
2026-01-31 07:00:00+00:00,1.3045,119691.0659,1.305,1323704.0
2026-01-31 08:00:00+00:00,1.2936,217263.1395,1.294,2001621.0
2026-01-31 09:00:00+00:00,1.29,71151.6271,1.291,698042.0
2026-01-31 10:00:00+00:00,1.2929,55344.6901,1.294,409576.0
2026-01-31 11:00:00+00:00,1.2797,90168.5547,1.279,814245.0
2026-01-31 12:00:00+00:00,1.2794,92719.6975,1.279,1422252.0
2026-01-31 13:00:00+00:00,1.2707,99997.4326,1.27,1524225.0
2026-01-31 14:00:00+00:00,1.2305,371866.2651,1.23,9242476.0
2026-01-31 15:00:00+00:00,1.2357,110815.9545,1.234,1707296.0
2026-01-31 16:00:00+00:00,1.2263,148239.7653,1.226,2832897.0
2026-01-31 17:00:00+00:00,1.1751,552452.8844,1.174,13156308.0
2026-01-31 18:00:00+00:00,1.159,430744.0197,1.16,10688085.0
2026-01-31 19:00:00+00:00,1.1732,150188.9386,1.175,2422522.0
2026-01-31 20:00:00+00:00,1.1722,93870.5471,1.174,1645214.0
2026-01-31 21:00:00+00:00,1.1849,65004.8768,1.184,2602894.0
2026-01-31 22:00:00+00:00,1.181,58996.4,1.18,1350217.0
2026-01-31 23:00:00+00:00,1.206,99287.808,1.206,2096531.0
2026-02-01 00:00:00+00:00,1.212,103211.5301,1.211,1531540.0
2026-02-01 01:00:00+00:00,1.2075,51028.7833,1.207,1333562.0
2026-02-01 02:00:00+00:00,1.2059,62335.5064,1.205,1199498.0
2026-02-01 03:00:00+00:00,1.2084,53507.968,1.207,501941.0
2026-02-01 04:00:00+00:00,1.2111,46825.3525,1.21,648891.0
2026-02-01 05:00:00+00:00,1.2006,63194.9136,1.2,805625.0
2026-02-01 06:00:00+00:00,1.196,60818.8296,1.196,768904.0
2026-02-01 07:00:00+00:00,1.2005,69876.848,1.2,739614.0
2026-02-01 08:00:00+00:00,1.2026,73755.4053,1.202,869720.0
2026-02-01 09:00:00+00:00,1.2072,59035.052,1.206,929584.0
2026-02-01 10:00:00+00:00,1.1887,121417.7708,1.19,1865343.0
2026-02-01 11:00:00+00:00,1.2005,61293.744,1.2,606116.0
2026-02-01 12:00:00+00:00,1.1968,70625.2919,1.197,939271.0
2026-02-01 13:00:00+00:00,1.1979,62045.9551,1.197,769261.0
2026-02-01 14:00:00+00:00,1.1952,94946.8186,1.196,1925763.0
2026-02-01 15:00:00+00:00,1.1698,141447.2985,1.17,3388346.0
2026-02-01 16:00:00+00:00,1.1695,77590.8913,1.169,1589809.0
2026-02-01 17:00:00+00:00,1.1675,89468.3826,1.168,1334540.0
2026-02-01 18:00:00+00:00,1.1815,90014.7893,1.18,1676054.0
2026-02-01 19:00:00+00:00,1.1684,65533.4722,1.168,964050.0
2026-02-01 20:00:00+00:00,1.1712,73840.1436,1.171,1283622.0
2026-02-01 21:00:00+00:00,1.1627,72766.6938,1.162,1383909.0
2026-02-01 22:00:00+00:00,1.1778,59479.9026,1.178,1813575.0
2026-02-01 23:00:00+00:00,1.1732,166531.2372,1.173,4476354.0
2026-02-02 00:00:00+00:00,1.1939,89121.2789,1.194,1888792.0
2026-02-02 01:00:00+00:00,1.1951,93492.5401,1.195,1902953.0
2026-02-02 02:00:00+00:00,1.1836,78766.9743,1.183,1450696.0
2026-02-02 03:00:00+00:00,1.1808,261276.379,1.18,6944134.0
2026-02-02 04:00:00+00:00,1.1726,99916.0019,1.173,1961120.0
2026-02-02 05:00:00+00:00,1.1542,100659.4955,1.157,1637642.0
2026-02-02 06:00:00+00:00,1.1713,180922.0984,1.17,3252161.0
2026-02-02 07:00:00+00:00,1.16,96127.0106,1.16,1419803.0
2026-02-02 08:00:00+00:00,1.17,78562.1517,1.17,1046693.0
2026-02-02 09:00:00+00:00,1.1835,96950.5441,1.184,1356702.0
2026-02-02 10:00:00+00:00,1.1837,63540.859,1.184,683098.0
2026-02-02 11:00:00+00:00,1.181,70236.3377,1.181,930878.0
2026-02-02 12:00:00+00:00,1.1948,94461.573,1.195,1158446.0
2026-02-02 13:00:00+00:00,1.2026,60557.8752,1.204,636978.0
2026-02-02 14:00:00+00:00,1.2143,143434.895,1.214,2241850.0
2026-02-02 15:00:00+00:00,1.2285,94625.5595,1.228,1994958.0
2026-02-02 16:00:00+00:00,1.2274,61402.1641,1.227,1074846.0
2026-02-02 17:00:00+00:00,1.2213,62585.18,1.221,836513.0
2026-02-02 18:00:00+00:00,1.2238,84808.6825,1.224,586247.0
2026-02-02 19:00:00+00:00,1.2128,61785.654,1.214,474989.0
2026-02-02 20:00:00+00:00,1.2051,74251.2353,1.205,987741.0
2026-02-02 21:00:00+00:00,1.2068,60628.4492,1.207,556754.0
2026-02-02 22:00:00+00:00,1.2118,60150.9315,1.211,626877.0
2026-02-02 23:00:00+00:00,1.2011,52235.1795,1.201,705458.0
2026-02-03 00:00:00+00:00,1.204,51913.8986,1.202,722931.0
2026-02-03 01:00:00+00:00,1.1942,70016.3599,1.194,712475.0
2026-02-03 02:00:00+00:00,1.1754,79546.3948,1.176,934515.0
2026-02-03 03:00:00+00:00,1.1973,65450.9483,1.197,849399.0
2026-02-03 04:00:00+00:00,1.2009,52302.238,1.201,571447.0
2026-02-03 05:00:00+00:00,1.1908,48086.6191,1.19,699344.0
2026-02-03 06:00:00+00:00,1.1968,76966.8044,1.197,842174.0
2026-02-03 07:00:00+00:00,1.2003,52548.5555,1.2,596277.0
2026-02-03 08:00:00+00:00,1.1993,63079.0868,1.199,1149487.0
2026-02-03 09:00:00+00:00,1.1917,82410.7789,1.192,1307836.0
2026-02-03 10:00:00+00:00,1.1931,58195.9629,1.192,611351.0
2026-02-03 11:00:00+00:00,1.1934,51968.2682,1.193,558573.0
2026-02-03 12:00:00+00:00,1.2038,84145.8752,1.204,955932.0
2026-02-03 13:00:00+00:00,1.2076,54827.2754,1.208,718637.0
2026-02-03 14:00:00+00:00,1.1777,139118.8759,1.178,1497209.0
2026-02-03 15:00:00+00:00,1.2061,163287.3111,1.206,2258938.0
2026-02-03 16:00:00+00:00,1.1753,104664.9453,1.175,1550424.0
2026-02-03 17:00:00+00:00,1.1474,107501.0657,1.148,1581507.0
2026-02-03 18:00:00+00:00,1.1265,168154.2636,1.127,2552702.0
2026-02-03 19:00:00+00:00,1.1808,162741.8933,1.18,2691194.0
2026-02-03 20:00:00+00:00,1.2166,217252.672,1.216,4194548.0
2026-02-03 21:00:00+00:00,1.1973,136264.4376,1.198,1416207.0
2026-02-03 22:00:00+00:00,1.1836,104711.0085,1.183,1469672.0
2026-02-03 23:00:00+00:00,1.1757,111342.97873138,1.176,1762531.0
2026-02-04 00:00:00+00:00,1.1829,78838.8343,1.183,777568.0
2026-02-04 01:00:00+00:00,1.1905,87473.1301,1.19,886768.0
2026-02-04 02:00:00+00:00,1.1883,101894.1216,1.189,536062.0
2026-02-04 03:00:00+00:00,1.2007,89947.1269,1.201,623950.0
2026-02-04 04:00:00+00:00,1.1951,71499.5661,1.195,478147.0
2026-02-04 05:00:00+00:00,1.1867,70536.3158,1.187,470655.0
2026-02-04 06:00:00+00:00,1.1915,70314.9518,1.192,453369.0
2026-02-04 07:00:00+00:00,1.1916,73138.8523,1.192,768422.0
2026-02-04 08:00:00+00:00,1.1955,52582.44,1.195,335573.0
2026-02-04 09:00:00+00:00,1.1873,55984.6866,1.187,475630.0
2026-02-04 10:00:00+00:00,1.1896,48737.5985,1.19,293911.0
2026-02-04 11:00:00+00:00,1.1847,156406.2291,1.185,1072231.0
2026-02-04 12:00:00+00:00,1.1811,52535.6326,1.18,379571.0
2026-02-04 13:00:00+00:00,1.1605,137168.6986,1.161,1849646.0
2026-02-04 14:00:00+00:00,1.1447,126701.3004,1.145,1855020.0
2026-02-04 15:00:00+00:00,1.148,138332.9316,1.149,2467455.0
2026-02-04 16:00:00+00:00,1.1486,164654.986,1.148,2237382.0
2026-02-04 17:00:00+00:00,1.144,172043.8446,1.144,1634897.0
2026-02-04 18:00:00+00:00,1.1586,232876.4768,1.158,2676336.0
2026-02-04 19:00:00+00:00,1.1815,137933.8614,1.181,1815069.0
2026-02-04 20:00:00+00:00,1.1723,67182.1694,1.172,925142.0
2026-02-04 21:00:00+00:00,1.16,96170.0751,1.16,1250635.0
2026-02-04 22:00:00+00:00,1.1495,114280.1291,1.149,1656653.0
2026-02-04 23:00:00+00:00,1.159,133094.138,1.158,1470698.0
2026-02-05 00:00:00+00:00,1.1562,65363.263,1.156,1001548.0
2026-02-05 01:00:00+00:00,1.1533,176037.68533648,1.154,1946425.0
2026-02-05 02:00:00+00:00,1.1441,131290.9795,1.142,1369923.0
2026-02-05 03:00:00+00:00,1.1403,98282.6879,1.14,1335950.0
2026-02-05 04:00:00+00:00,1.1337,161301.1713,1.133,1656699.0
2026-02-05 05:00:00+00:00,1.1336,141523.0297,1.133,1614616.0
2026-02-05 06:00:00+00:00,1.119,124481.1,1.119,1287259.0
2026-02-05 07:00:00+00:00,1.1179,110393.3082,1.118,1437123.0
2026-02-05 08:00:00+00:00,1.1291,140876.7527,1.128,880534.0
2026-02-05 09:00:00+00:00,1.1299,109521.5324,1.129,1239716.0
2026-02-05 10:00:00+00:00,1.109,130250.7511,1.109,1154292.0
2026-02-05 11:00:00+00:00,1.1078,154723.0239,1.107,2308277.0
2026-02-05 12:00:00+00:00,1.1143,136641.1625,1.113,2431270.0
2026-02-05 13:00:00+00:00,1.1046,121299.1299,1.103,1384850.0
2026-02-05 14:00:00+00:00,1.1156,147555.7778,1.115,2249069.0
2026-02-05 15:00:00+00:00,1.0597,528699.7309,1.059,6272573.0
2026-02-05 16:00:00+00:00,1.0676,249436.0969,1.067,4060180.0
2026-02-05 17:00:00+00:00,1.045,247021.8952,1.044,3215033.0
2026-02-05 18:00:00+00:00,1.0393,229145.8348,1.04,2547923.0
2026-02-05 19:00:00+00:00,1.0166,144553.1533,1.015,2560238.0
2026-02-05 20:00:00+00:00,0.9812,438091.20209663,0.981,6356549.0
2026-02-05 21:00:00+00:00,0.9871,230911.6581,0.986,3557918.0
2026-02-05 22:00:00+00:00,0.9842,175170.9501,0.984,2547007.0
2026-02-05 23:00:00+00:00,0.9763,211380.3516,0.975,2922088.0
2026-02-06 00:00:00+00:00,0.9497,1328119.0349,0.948,24490920.0
2026-02-06 01:00:00+00:00,0.979,252398.39694452,0.979,3378612.0
2026-02-06 02:00:00+00:00,0.9538,233584.8043,0.953,2855553.0
2026-02-06 03:00:00+00:00,0.9606,129506.8638,0.96,2142892.0
2026-02-06 04:00:00+00:00,0.9728,136753.8075,0.972,1509165.0
2026-02-06 05:00:00+00:00,1.0019,286007.8436,1.002,3049746.0
2026-02-06 06:00:00+00:00,0.981,167079.2063,0.981,1874549.0
2026-02-06 07:00:00+00:00,0.9774,146850.1905,0.977,1400128.0
2026-02-06 08:00:00+00:00,0.9768,201422.611,0.976,2000809.0
2026-02-06 09:00:00+00:00,1.0082,155397.5085,1.007,2218128.0
2026-02-06 10:00:00+00:00,1.013,91154.9978,1.012,1762896.0
2026-02-06 11:00:00+00:00,1.0179,105644.0618,1.017,930823.0
2026-02-06 12:00:00+00:00,1.0208,117783.7143,1.02,939154.0
2026-02-06 13:00:00+00:00,1.0313,160491.4505,1.031,1422772.0
2026-02-06 14:00:00+00:00,1.0591,194043.6254,1.058,2460928.0
2026-02-06 15:00:00+00:00,1.0628,149781.6528,1.062,1800216.0
2026-02-06 16:00:00+00:00,1.0862,203893.8249,1.086,2647557.0
2026-02-06 17:00:00+00:00,1.099,202645.0539,1.1,2386905.0
2026-02-06 18:00:00+00:00,1.0802,130533.6871,1.08,1856244.0
2026-02-06 19:00:00+00:00,1.0905,147370.1587,1.09,1401082.0
2026-02-06 20:00:00+00:00,1.0824,133114.1287,1.081,1507366.0
2026-02-06 21:00:00+00:00,1.0846,81172.0373,1.085,1039296.0
2026-02-06 22:00:00+00:00,1.0967,96379.4021,1.096,1241357.0
2026-02-06 23:00:00+00:00,1.0876,78345.5827,1.087,1070589.0
2026-02-07 00:00:00+00:00,1.0787,122246.7058,1.079,967534.0
2026-02-07 01:00:00+00:00,1.0849,134208.9957,1.084,1517923.0
2026-02-07 02:00:00+00:00,1.0798,79284.882,1.08,548069.0
2026-02-07 03:00:00+00:00,1.0911,110051.7537,1.091,1129426.0
2026-02-07 04:00:00+00:00,1.0903,85086.6018,1.091,1005559.0
2026-02-07 05:00:00+00:00,1.0922,82692.2337,1.093,1077348.0
2026-02-07 06:00:00+00:00,1.0702,109799.6524,1.071,1556529.0
2026-02-07 07:00:00+00:00,1.0549,197352.18740766,1.055,2206716.0
2026-02-07 08:00:00+00:00,1.0592,78703.5327,1.06,1248945.0
2026-02-07 09:00:00+00:00,1.0535,71024.7073,1.054,576462.0
2026-02-07 10:00:00+00:00,1.0465,115024.2771,1.048,1092791.0
2026-02-07 11:00:00+00:00,1.0448,63250.0762,1.046,703472.0
2026-02-07 12:00:00+00:00,1.075,178838.8456,1.076,1541392.0
2026-02-07 13:00:00+00:00,1.0664,122474.2436,1.067,643804.0
2026-02-07 14:00:00+00:00,1.0562,124200.4528,1.057,739174.0
2026-02-07 15:00:00+00:00,1.0711,124189.8317,1.072,948725.0
2026-02-07 16:00:00+00:00,1.0792,576150.8733,1.08,10176353.0
2026-02-07 17:00:00+00:00,1.0775,94231.0625,1.078,1110335.0
2026-02-07 18:00:00+00:00,1.0922,119589.1115,1.092,1377758.0
2026-02-07 19:00:00+00:00,1.0819,58423.0467,1.083,594973.0
2026-02-07 20:00:00+00:00,1.0861,80009.8919,1.086,599321.0
2026-02-07 21:00:00+00:00,1.0779,79724.833,1.076,802583.0
2026-02-07 22:00:00+00:00,1.0761,69965.4653,1.075,768207.0
2026-02-07 23:00:00+00:00,1.0749,58437.2156,1.074,837043.0
2026-02-08 00:00:00+00:00,1.0721,79236.4288,1.072,559161.0
2026-02-08 01:00:00+00:00,1.0692,71915.061,1.069,421305.0
2026-02-08 02:00:00+00:00,1.068,74033.2933,1.067,401804.0
2026-02-08 03:00:00+00:00,1.0629,76877.1189,1.062,445549.0
2026-02-08 04:00:00+00:00,1.0661,71621.6392,1.064,208436.0
2026-02-08 05:00:00+00:00,1.0604,82915.1734,1.059,280111.0
2026-02-08 06:00:00+00:00,1.0589,71711.6267,1.058,398839.0
2026-02-08 07:00:00+00:00,1.0617,86671.9873,1.061,378306.0
2026-02-08 08:00:00+00:00,1.0759,136984.7405,1.075,725517.0
2026-02-08 09:00:00+00:00,1.0626,104481.2679,1.062,698107.0
2026-02-08 10:00:00+00:00,1.0574,102482.193,1.055,545800.0
2026-02-08 11:00:00+00:00,1.0735,129062.9586,1.072,796273.0
2026-02-08 12:00:00+00:00,1.0685,92531.5177,1.068,499514.0
2026-02-08 13:00:00+00:00,1.0643,151017.2153,1.063,1170551.0
2026-02-08 14:00:00+00:00,1.0687,121510.9008,1.068,735863.0
2026-02-08 15:00:00+00:00,1.0567,123887.9852,1.056,890713.0
2026-02-08 16:00:00+00:00,1.0342,140306.805,1.033,898242.0
2026-02-08 17:00:00+00:00,1.041,97711.6403,1.042,615000.0
2026-02-08 18:00:00+00:00,1.049,104414.8122,1.049,658543.0
2026-02-08 19:00:00+00:00,1.0542,105594.0195,1.054,482670.0
2026-02-08 20:00:00+00:00,1.0422,73009.234,1.042,562764.0
2026-02-08 21:00:00+00:00,1.0363,85451.8154,1.036,733437.0
2026-02-08 22:00:00+00:00,1.0416,68817.0181,1.041,1114032.0
2026-02-08 23:00:00+00:00,1.0384,117554.1115,1.037,2404696.0
2026-02-09 00:00:00+00:00,1.0398,74253.8772,1.04,1012507.0
2026-02-09 01:00:00+00:00,1.0363,147832.8391,1.036,1391611.0
2026-02-09 02:00:00+00:00,1.039,94821.0978,1.039,376205.0
2026-02-09 03:00:00+00:00,1.0486,86970.245,1.048,673311.0
2026-02-09 04:00:00+00:00,1.0384,70327.8613,1.039,731493.0
2026-02-09 05:00:00+00:00,1.0419,83318.0253,1.042,469756.0
2026-02-09 06:00:00+00:00,1.031,125855.6341,1.03,1082493.0
2026-02-09 07:00:00+00:00,1.0279,89898.7162,1.027,398340.0
2026-02-09 08:00:00+00:00,1.0142,111042.3821,1.014,1253774.0
2026-02-09 09:00:00+00:00,1.0071,76747.1738,1.007,374613.0
2026-02-09 10:00:00+00:00,0.9883,151445.7312,0.988,1429020.0
2026-02-09 11:00:00+00:00,0.9913,108462.59568513,0.991,841921.0
2026-02-09 12:00:00+00:00,0.9983,92423.0496,0.999,441787.0
2026-02-09 13:00:00+00:00,0.9922,98788.035,0.993,725305.0
2026-02-09 14:00:00+00:00,1.004,158627.8438,1.004,1230357.0
2026-02-09 15:00:00+00:00,1.0092,150087.5683,1.009,1277196.0
2026-02-09 16:00:00+00:00,1.0183,111433.2642,1.018,1029530.0
2026-02-09 17:00:00+00:00,1.0365,144921.2157,1.036,1492890.0
2026-02-09 18:00:00+00:00,1.0326,133776.8156,1.031,1507487.0
2026-02-09 19:00:00+00:00,1.0405,74230.5999,1.04,588050.0
2026-02-09 20:00:00+00:00,1.0411,80417.0446,1.04,650954.0
2026-02-09 21:00:00+00:00,1.0353,114827.7652,1.035,1248312.0
2026-02-09 22:00:00+00:00,1.0377,89361.8167,1.037,1118923.0
2026-02-09 23:00:00+00:00,1.0301,76967.3052,1.03,819798.0
2026-02-10 00:00:00+00:00,1.0285,66570.8288,1.028,594299.0
2026-02-10 01:00:00+00:00,1.0356,64237.4079,1.034,563072.0
2026-02-10 02:00:00+00:00,1.0279,59802.4422,1.027,299742.0
2026-02-10 03:00:00+00:00,1.0126,135148.8575,1.013,1551596.0
2026-02-10 04:00:00+00:00,1.0133,82710.97323971,1.013,980132.0
2026-02-10 05:00:00+00:00,1.0009,100082.1271,1.001,645520.0
2026-02-10 06:00:00+00:00,0.9905,256090.92252162,0.99,1716468.0
2026-02-10 07:00:00+00:00,0.9972,108579.0379,0.997,595283.0
2026-02-10 08:00:00+00:00,1.0038,114190.1785,1.005,659947.0
2026-02-10 09:00:00+00:00,0.9991,140529.9078,0.999,568430.0
2026-02-10 10:00:00+00:00,0.9977,108574.5983,0.998,420143.0
2026-02-10 11:00:00+00:00,0.9945,96377.2581,0.995,537341.0
2026-02-10 12:00:00+00:00,0.9879,151264.5419,0.989,637625.0
2026-02-10 13:00:00+00:00,0.9912,149055.1195,0.991,856989.0
2026-02-10 14:00:00+00:00,0.988,205235.9031,0.989,1217113.0
2026-02-10 15:00:00+00:00,0.9977,185504.72861322,0.998,1259977.0
2026-02-10 16:00:00+00:00,1.0023,142674.142,1.003,893210.0
2026-02-10 17:00:00+00:00,1.0018,124669.6923,1.002,1327475.0
2026-02-10 18:00:00+00:00,0.9858,150238.5704,0.986,841039.0
2026-02-10 19:00:00+00:00,0.9874,125924.8871,0.988,652612.0
2026-02-10 20:00:00+00:00,0.991,143552.4113,0.991,695586.0
2026-02-10 21:00:00+00:00,0.9909,98657.6973,0.991,928919.0
2026-02-10 22:00:00+00:00,0.9883,100267.0619,0.99,1210941.0
2026-02-10 23:00:00+00:00,0.9918,107118.5127,0.993,760019.0
2026-02-11 00:00:00+00:00,0.996,94593.0363,0.997,375923.0
2026-02-11 01:00:00+00:00,0.9985,97725.478,0.999,418121.0
2026-02-11 02:00:00+00:00,0.9943,96195.7601,0.996,414179.0
2026-02-11 03:00:00+00:00,0.9902,179060.9417,0.991,690621.0
2026-02-11 04:00:00+00:00,0.9792,154181.3521,0.98,1922629.0
2026-02-11 05:00:00+00:00,0.9703,138893.1048,0.971,1513043.0
2026-02-11 06:00:00+00:00,0.9596,242339.4464,0.96,1801404.0
2026-02-11 07:00:00+00:00,0.9553,166434.07738555,0.956,734125.0
2026-02-11 08:00:00+00:00,0.9572,138918.1358,0.957,655458.0
2026-02-11 09:00:00+00:00,0.9499,135833.9445,0.951,497136.0
2026-02-11 10:00:00+00:00,0.9461,140108.1917,0.947,662716.0
2026-02-11 11:00:00+00:00,0.9589,126154.0325,0.96,606910.0
2026-02-11 12:00:00+00:00,0.9562,109954.5228,0.958,506215.0
2026-02-11 13:00:00+00:00,0.9708,214889.6759,0.971,1476581.0
2026-02-11 14:00:00+00:00,0.956,227165.19,0.956,3189113.0
2026-02-11 15:00:00+00:00,0.9481,172170.4054,0.948,2851325.0
2026-02-11 16:00:00+00:00,0.9469,137927.9697,0.947,1747160.0
2026-02-11 17:00:00+00:00,0.9608,124643.9195,0.961,1195623.0
2026-02-11 18:00:00+00:00,0.9709,147758.4642,0.972,1269537.0
2026-02-11 19:00:00+00:00,0.966,132318.3941,0.967,968502.0
2026-02-11 20:00:00+00:00,0.9706,121559.4767,0.971,822344.0
2026-02-11 21:00:00+00:00,0.9799,157316.2253,0.98,1550923.0
2026-02-11 22:00:00+00:00,0.9694,113175.7839,0.971,1084232.0
2026-02-11 23:00:00+00:00,0.9614,131879.7095,0.962,1492979.0
2026-02-12 00:00:00+00:00,0.9666,184938.1333,0.968,1149263.0
2026-02-12 01:00:00+00:00,0.9711,106289.0461,0.971,723903.0
2026-02-12 02:00:00+00:00,0.9745,93639.3347,0.974,622242.0
2026-02-12 03:00:00+00:00,0.9755,97332.3001,0.977,290950.0
2026-02-12 04:00:00+00:00,0.9725,117694.0573,0.974,397241.0
2026-02-12 05:00:00+00:00,0.9761,148726.4292,0.977,1238713.0
2026-02-12 06:00:00+00:00,0.9827,72024.80952648,0.982,670344.0
2026-02-12 07:00:00+00:00,0.989,81007.7342,0.989,263818.0
2026-02-12 08:00:00+00:00,0.9852,83346.795,0.986,511746.0
2026-02-12 09:00:00+00:00,0.9965,162567.25,0.996,1061091.0
2026-02-12 10:00:00+00:00,1.0094,114589.6463,1.009,1319436.0
2026-02-12 11:00:00+00:00,0.993,103670.0919,0.993,1041321.0
2026-02-12 12:00:00+00:00,0.964,157451.2386,0.964,1490453.0
2026-02-12 13:00:00+00:00,0.9632,190824.8703,0.963,1497975.0
2026-02-12 14:00:00+00:00,0.9644,101507.3902,0.964,1022573.0
2026-02-12 15:00:00+00:00,0.9557,124593.6258,0.954,1604676.0
2026-02-12 16:00:00+00:00,0.94,169828.0189,0.939,2184430.0
2026-02-12 17:00:00+00:00,0.9446,121987.752,0.944,1373374.0
2026-02-12 18:00:00+00:00,0.9511,118121.7905,0.95,1213395.0
2026-02-12 19:00:00+00:00,0.9544,103537.8697,0.954,1218767.0
2026-02-12 20:00:00+00:00,0.9429,89840.0855,0.943,695358.0
2026-02-12 21:00:00+00:00,0.9451,102569.3895,0.944,658112.0
2026-02-12 22:00:00+00:00,0.959,90234.4605,0.958,1992214.0
2026-02-12 23:00:00+00:00,0.9631,96937.7926,0.964,1050314.0
2026-02-13 00:00:00+00:00,0.9612,110118.6371,0.961,1174500.0
2026-02-13 01:00:00+00:00,0.9635,103912.5772,0.963,949107.0
2026-02-13 02:00:00+00:00,0.9635,85554.6431,0.964,761524.0
2026-02-13 03:00:00+00:00,0.9634,84117.1751,0.963,675852.0
2026-02-13 04:00:00+00:00,0.9648,78017.3867,0.964,493998.0
2026-02-13 05:00:00+00:00,0.9676,106875.1394,0.969,665078.0
2026-02-13 06:00:00+00:00,0.9854,129470.5781,0.985,1843603.0
2026-02-13 07:00:00+00:00,0.9806,124793.0972,0.98,1291659.0
2026-02-13 08:00:00+00:00,0.9893,85151.6971,0.99,923890.0
2026-02-13 09:00:00+00:00,0.9835,49552.0872,0.983,617021.0
2026-02-13 10:00:00+00:00,0.985,72719.9099,0.984,983487.0
2026-02-13 11:00:00+00:00,0.9805,47719.1764,0.979,757837.0
2026-02-13 12:00:00+00:00,0.9758,70795.1558,0.975,733647.0
2026-02-13 13:00:00+00:00,0.9835,125636.4376,0.984,1040954.0
2026-02-13 14:00:00+00:00,0.999,200817.2859,0.998,2458699.0
2026-02-13 15:00:00+00:00,1.0091,130587.91861639,1.009,2499874.0
2026-02-13 16:00:00+00:00,1.0252,129107.7642,1.024,1667962.0
2026-02-13 17:00:00+00:00,1.018,75465.0342,1.018,881599.0
2026-02-13 18:00:00+00:00,1.019,71286.5671,1.02,531992.0
2026-02-13 19:00:00+00:00,1.0228,57949.5208,1.023,592331.0
2026-02-13 20:00:00+00:00,1.0234,71119.8482,1.023,778967.0
2026-02-13 21:00:00+00:00,1.027,66552.3753,1.028,466282.0
2026-02-13 22:00:00+00:00,1.0249,75955.5426,1.025,822047.0
2026-02-13 23:00:00+00:00,1.023,59647.7148,1.024,817635.0
2026-02-14 00:00:00+00:00,1.0238,115143.7472,1.024,1310943.0
2026-02-14 01:00:00+00:00,1.0277,67883.0412,1.028,216362.0
2026-02-14 02:00:00+00:00,1.0264,68887.0097,1.027,578294.0
2026-02-14 03:00:00+00:00,1.0276,64826.8529,1.028,485224.0
2026-02-14 04:00:00+00:00,1.0233,47988.6221,1.024,241220.0
2026-02-14 05:00:00+00:00,1.0248,78869.8662,1.025,911901.0
2026-02-14 06:00:00+00:00,1.025,179498.2578,1.025,1355014.0
2026-02-14 07:00:00+00:00,1.0304,106422.0733,1.03,773641.0
2026-02-14 08:00:00+00:00,1.0404,99164.4414,1.04,1077896.0
2026-02-14 09:00:00+00:00,1.0439,72709.8717,1.044,589650.0
2026-02-14 10:00:00+00:00,1.0412,54207.2786,1.04,486588.0
2026-02-14 11:00:00+00:00,1.0525,100740.8632,1.053,818865.0
2026-02-14 12:00:00+00:00,1.0515,126080.923,1.051,1104797.0
2026-02-14 13:00:00+00:00,1.0489,84261.1745,1.048,885496.0
2026-02-14 14:00:00+00:00,1.0613,93142.8924,1.061,664355.0
2026-02-14 15:00:00+00:00,1.0691,114041.9716,1.068,743689.0
2026-02-14 16:00:00+00:00,1.0738,124808.7829,1.074,820743.0
2026-02-14 17:00:00+00:00,1.0727,142117.1192,1.072,1394542.0
2026-02-14 18:00:00+00:00,1.081,128791.0466,1.081,958343.0
2026-02-14 19:00:00+00:00,1.091,84208.7985,1.092,769516.0
2026-02-14 20:00:00+00:00,1.0879,82090.9423,1.088,1051620.0
2026-02-14 21:00:00+00:00,1.0898,126827.1011,1.089,1658111.0
2026-02-14 22:00:00+00:00,1.0925,74136.3631,1.093,1325455.0
2026-02-14 23:00:00+00:00,1.0852,97279.1124,1.085,900335.0
2026-02-15 00:00:00+00:00,1.0781,84067.3016,1.078,925722.0
2026-02-15 01:00:00+00:00,1.0765,85603.562,1.077,769170.0
2026-02-15 02:00:00+00:00,1.0704,89616.9349,1.071,736756.0
2026-02-15 03:00:00+00:00,1.0721,141406.116,1.073,986755.0
2026-02-15 04:00:00+00:00,1.0746,131831.4942,1.074,1204492.0
2026-02-15 05:00:00+00:00,1.08,57448.1098,1.08,566799.0
2026-02-15 06:00:00+00:00,1.078,54976.7172,1.078,412928.0
2026-02-15 07:00:00+00:00,1.0872,60977.7426,1.087,530310.0
2026-02-15 08:00:00+00:00,1.0729,108420.8448,1.072,1027570.0
2026-02-15 09:00:00+00:00,1.0788,83338.8954,1.079,529484.0
2026-02-15 10:00:00+00:00,1.0789,50521.3448,1.079,955046.0
2026-02-15 11:00:00+00:00,1.083,39472.4895,1.082,601501.0
2026-02-15 12:00:00+00:00,1.0529,127918.9434,1.052,1589674.0
2026-02-15 13:00:00+00:00,1.0511,135955.2053,1.05,1963847.0
2026-02-15 14:00:00+00:00,1.0586,71764.5119,1.058,1227576.0
2026-02-15 15:00:00+00:00,1.0581,75485.4701,1.058,712305.0
2026-02-15 16:00:00+00:00,1.0553,84361.3087,1.055,890087.0
2026-02-15 17:00:00+00:00,1.0434,120020.7344,1.043,1406948.0
2026-02-15 18:00:00+00:00,1.0393,137680.978,1.038,1260026.0
2026-02-15 19:00:00+00:00,1.0408,96957.7781,1.04,842800.0
2026-02-15 20:00:00+00:00,1.0441,72552.5784,1.044,541336.0
2026-02-15 21:00:00+00:00,1.0465,56301.7401,1.046,444567.0
2026-02-15 22:00:00+00:00,1.0523,59210.3805,1.051,885952.0
2026-02-15 23:00:00+00:00,1.0555,62118.7952,1.055,769031.0
2026-02-16 00:00:00+00:00,1.0554,88033.925,1.055,832028.0
2026-02-16 01:00:00+00:00,1.0525,86367.0495,1.052,588196.0
2026-02-16 02:00:00+00:00,1.0468,99340.9469,1.046,489820.0
2026-02-16 03:00:00+00:00,1.0494,73236.6217,1.05,369563.0
2026-02-16 04:00:00+00:00,1.0564,52916.4768,1.056,411457.0
2026-02-16 05:00:00+00:00,1.0416,78171.7128,1.042,552775.0
2026-02-16 06:00:00+00:00,1.0507,158455.1476,1.051,529385.0
2026-02-16 07:00:00+00:00,1.0445,202750.7784,1.044,596115.0
2026-02-16 08:00:00+00:00,1.0475,198848.1571,1.048,364073.0
2026-02-16 09:00:00+00:00,1.0518,217297.9763,1.052,657120.0
2026-02-16 10:00:00+00:00,1.046,172960.1442,1.046,448542.0
2026-02-16 11:00:00+00:00,1.0473,212614.4925,1.048,1145943.0
2026-02-16 12:00:00+00:00,1.0694,253041.1722,1.069,980015.0
2026-02-16 13:00:00+00:00,1.0437,252540.0629,1.044,1478719.0
2026-02-16 14:00:00+00:00,1.0492,222105.3267,1.049,1274600.0
2026-02-16 15:00:00+00:00,1.031,273555.6216,1.031,1713122.0
2026-02-16 16:00:00+00:00,1.0443,228221.4573,1.045,1386622.0
2026-02-16 17:00:00+00:00,1.0456,198423.1469,1.046,742161.0
2026-02-16 18:00:00+00:00,1.0479,155476.0956,1.048,806847.0
2026-02-16 19:00:00+00:00,1.0544,165028.2466,1.054,618532.0
2026-02-16 20:00:00+00:00,1.064,174997.7869,1.064,820094.0
2026-02-16 21:00:00+00:00,1.0637,808448.2581,1.064,1916585.0
2026-02-16 22:00:00+00:00,1.0563,218533.4337,1.056,1040304.0
2026-02-16 23:00:00+00:00,1.0569,184021.2347,1.057,861712.0
2026-02-17 00:00:00+00:00,1.052,183647.4377,1.051,560358.0
2026-02-17 01:00:00+00:00,1.05,157566.2307,1.049,596413.0
2026-02-17 02:00:00+00:00,1.0593,170434.3017,1.059,762994.0
2026-02-17 03:00:00+00:00,1.0554,152833.6346,1.054,383898.0
2026-02-17 04:00:00+00:00,1.0533,160468.9796,1.052,522064.0
2026-02-17 05:00:00+00:00,1.0484,176410.1116,1.048,618395.0
2026-02-17 06:00:00+00:00,1.0534,142557.9305,1.052,368628.0
2026-02-17 07:00:00+00:00,1.0535,133435.214,1.052,476010.0
2026-02-17 08:00:00+00:00,1.0522,155580.7541,1.052,415255.0
2026-02-17 09:00:00+00:00,1.0527,164475.8835,1.052,415547.0
2026-02-17 10:00:00+00:00,1.0506,177605.3149,1.05,717188.0
2026-02-17 11:00:00+00:00,1.0556,165745.2912,1.056,542234.0
2026-02-17 12:00:00+00:00,1.0563,191361.4684,1.056,1026357.0
2026-02-17 13:00:00+00:00,1.06,168438.3479,1.06,1001722.0
2026-02-17 14:00:00+00:00,1.0377,319760.7281,1.038,3601817.0
2026-02-17 15:00:00+00:00,1.0402,251799.9935,1.04,1733239.0
2026-02-17 16:00:00+00:00,1.0446,254895.4137,1.045,2011454.0
2026-02-17 17:00:00+00:00,1.0345,223031.0141,1.034,1151871.0
2026-02-17 18:00:00+00:00,1.0543,239992.8432,1.054,1053419.0
2026-02-17 19:00:00+00:00,1.0462,191784.6902,1.046,746714.0
2026-02-17 20:00:00+00:00,1.0432,190182.1619,1.043,945267.0
2026-02-17 21:00:00+00:00,1.0455,158568.3527,1.046,435095.0
2026-02-17 22:00:00+00:00,1.0417,221384.9643,1.042,1360508.0
2026-02-17 23:00:00+00:00,1.0437,179670.7232,1.044,963205.0
2026-02-18 00:00:00+00:00,1.0403,189588.5041,1.041,747796.0
2026-02-18 01:00:00+00:00,1.0421,180607.692,1.042,476776.0
2026-02-18 02:00:00+00:00,1.0468,174805.427,1.047,328286.0
2026-02-18 03:00:00+00:00,1.0498,175485.9374,1.05,510967.0
2026-02-18 04:00:00+00:00,1.0469,154973.9861,1.047,359026.0
2026-02-18 05:00:00+00:00,1.0472,171315.5947,1.048,220441.0
2026-02-18 06:00:00+00:00,1.0462,162645.0072,1.047,217633.0
2026-02-18 07:00:00+00:00,1.0514,172744.5478,1.052,587139.0
2026-02-18 08:00:00+00:00,1.0501,187342.8865,1.051,514794.0
2026-02-18 09:00:00+00:00,1.0501,126383.5782,1.05,272125.0
2026-02-18 10:00:00+00:00,1.0525,159758.7541,1.052,835383.0
2026-02-18 11:00:00+00:00,1.0412,187449.0592,1.041,1020508.0
2026-02-18 12:00:00+00:00,1.0398,187955.7314,1.04,566194.0
2026-02-18 13:00:00+00:00,1.0352,206852.7246,1.035,769683.0
2026-02-18 14:00:00+00:00,1.0413,226192.9439,1.04,1680239.0
2026-02-18 15:00:00+00:00,1.0523,215709.0277,1.053,1665135.0
2026-02-18 16:00:00+00:00,1.0395,211869.0957,1.04,1000689.0
2026-02-18 17:00:00+00:00,1.0378,186931.9796,1.037,1078710.0
2026-02-18 18:00:00+00:00,1.0237,225057.7212,1.024,1431689.0
2026-02-18 19:00:00+00:00,1.0187,213640.8459,1.019,1614601.0
2026-02-18 20:00:00+00:00,1.0189,181716.9949,1.018,887272.0
2026-02-18 21:00:00+00:00,1.0152,157870.7175,1.015,606228.0
2026-02-18 22:00:00+00:00,1.0123,206263.9764,1.013,1334831.0
2026-02-18 23:00:00+00:00,1.0176,166463.1395,1.018,949772.0
2026-02-19 00:00:00+00:00,1.0044,208624.7656,1.004,966772.0
2026-02-19 01:00:00+00:00,1.0147,215809.1242,1.015,1035671.0
2026-02-19 02:00:00+00:00,1.0131,183454.5045,1.014,757589.0
2026-02-19 03:00:00+00:00,1.0137,188087.5616,1.014,657504.0
2026-02-19 04:00:00+00:00,1.0136,176460.6965,1.013,553693.0
2026-02-19 05:00:00+00:00,1.0131,188504.5367,1.012,645894.0
2026-02-19 06:00:00+00:00,1.0177,142314.495,1.017,770895.0
2026-02-19 07:00:00+00:00,1.0191,178125.0295,1.018,592981.0
2026-02-19 08:00:00+00:00,1.0081,218722.4191,1.008,756837.0
2026-02-19 09:00:00+00:00,1.0075,197605.0714,1.007,692853.0
2026-02-19 10:00:00+00:00,1.0069,247128.6159,1.007,437071.0
2026-02-19 11:00:00+00:00,1.005,195431.9234,1.005,494343.0
2026-02-19 12:00:00+00:00,1.0039,223670.4746,1.004,611508.0
2026-02-19 13:00:00+00:00,0.9954,284091.2135,0.995,896218.0
2026-02-19 14:00:00+00:00,1.0041,264267.0116,1.004,1702451.0
2026-02-19 15:00:00+00:00,0.9914,277348.5169,0.991,1044466.0
2026-02-19 16:00:00+00:00,0.9912,276225.8226,0.991,1298908.0
2026-02-19 17:00:00+00:00,0.9895,270467.0037,0.99,1134151.0
2026-02-19 18:00:00+00:00,1.0021,255537.1295,1.002,1028682.0
2026-02-19 19:00:00+00:00,1.0009,220219.2949,1.001,1000616.0
2026-02-19 20:00:00+00:00,1.0015,216433.4521,1.001,1052889.0
2026-02-19 21:00:00+00:00,0.9987,158440.4473,0.998,648220.0
2026-02-19 22:00:00+00:00,1.0035,236240.1013,1.004,1080887.0
2026-02-19 23:00:00+00:00,1.0077,195164.5016,1.008,652989.0
2026-02-20 00:00:00+00:00,1.0089,297154.5393,1.009,293153.0
2026-02-20 01:00:00+00:00,1.0113,210871.3825,1.011,1220443.0
2026-02-20 02:00:00+00:00,1.0085,200863.2855,1.009,689303.0
2026-02-20 03:00:00+00:00,1.0105,186000.8447,1.011,643368.0
2026-02-20 04:00:00+00:00,1.0056,214461.249,1.005,457529.0
2026-02-20 05:00:00+00:00,1.0129,228449.1362,1.013,1544232.0
2026-02-20 06:00:00+00:00,1.014,189196.6432,1.014,592830.0
2026-02-20 07:00:00+00:00,1.0159,170529.4961,1.015,290280.0
2026-02-20 08:00:00+00:00,1.0124,176492.8634,1.013,951981.0
2026-02-20 09:00:00+00:00,1.0159,172297.7354,1.016,1545211.0
2026-02-20 10:00:00+00:00,1.0174,186249.1946,1.017,900861.0
2026-02-20 11:00:00+00:00,1.0142,250653.4531,1.014,1138163.0
2026-02-20 12:00:00+00:00,1.023,231713.1657,1.023,1278516.0
2026-02-20 13:00:00+00:00,1.0112,299993.4479,1.011,2382201.0
2026-02-20 14:00:00+00:00,1.0275,269912.1537,1.027,1693800.0
2026-02-20 15:00:00+00:00,1.0405,325490.5818,1.04,4285129.0
2026-02-20 16:00:00+00:00,1.0445,326027.1909,1.045,1455136.0
2026-02-20 17:00:00+00:00,1.0453,343584.387,1.046,3519354.0
2026-02-20 18:00:00+00:00,1.0431,241013.6272,1.042,1741819.0
2026-02-20 19:00:00+00:00,1.0405,198509.2828,1.04,768667.0
2026-02-20 20:00:00+00:00,1.0443,177065.6975,1.043,566277.0
2026-02-20 21:00:00+00:00,1.0495,193802.1921,1.049,592566.0
2026-02-20 22:00:00+00:00,1.0536,219421.2746,1.054,1066233.0
2026-02-20 23:00:00+00:00,1.0536,177700.6838,1.054,770453.0
2026-02-21 00:00:00+00:00,1.0442,224485.2264,1.044,825230.0
2026-02-21 01:00:00+00:00,1.0515,186610.3301,1.051,1049164.0
2026-02-21 02:00:00+00:00,1.0568,156066.9994,1.058,476135.0
2026-02-21 03:00:00+00:00,1.0577,191429.5506,1.058,886502.0
2026-02-21 04:00:00+00:00,1.0674,167578.8228,1.068,561266.0
2026-02-21 05:00:00+00:00,1.069,155222.7819,1.069,331653.0
2026-02-21 06:00:00+00:00,1.0666,143461.2768,1.068,717147.0
2026-02-21 07:00:00+00:00,1.0664,168875.6365,1.068,580783.0
2026-02-21 08:00:00+00:00,1.0894,275105.413,1.09,1874041.0
2026-02-21 09:00:00+00:00,1.0901,231033.3204,1.09,1296600.0
2026-02-21 10:00:00+00:00,1.1006,225236.3476,1.101,1435680.0
2026-02-21 11:00:00+00:00,1.0918,238004.885,1.092,1173827.0
2026-02-21 12:00:00+00:00,1.082,212561.0819,1.082,706242.0
2026-02-21 13:00:00+00:00,1.0797,180649.5652,1.08,667726.0
2026-02-21 14:00:00+00:00,1.0678,206688.0605,1.068,1342338.0
2026-02-21 15:00:00+00:00,1.0606,184283.97066514,1.061,746616.0
2026-02-21 16:00:00+00:00,1.0514,214144.4912,1.051,924207.0
2026-02-21 17:00:00+00:00,1.0536,141197.0959,1.054,390831.0
2026-02-21 18:00:00+00:00,1.0561,145070.3206,1.056,389409.0
2026-02-21 19:00:00+00:00,1.0541,148831.7631,1.054,353577.0
2026-02-21 20:00:00+00:00,1.054,187542.665,1.054,749262.0
2026-02-21 21:00:00+00:00,1.0592,141688.4508,1.057,463721.0
2026-02-21 22:00:00+00:00,1.0518,203104.4232,1.051,996933.0
2026-02-21 23:00:00+00:00,1.0586,163076.8148,1.058,975064.0
2026-02-22 00:00:00+00:00,1.0413,260137.2201,1.041,2480987.0
2026-02-22 01:00:00+00:00,1.0385,153201.9809,1.039,373509.0
2026-02-22 02:00:00+00:00,1.0309,195574.1298,1.03,841126.0
2026-02-22 03:00:00+00:00,1.0314,158483.9248,1.03,704173.0
2026-02-22 04:00:00+00:00,1.0316,135199.5311,1.031,367954.0
2026-02-22 05:00:00+00:00,1.0284,144017.5951,1.028,485292.0
2026-02-22 06:00:00+00:00,1.0327,195241.2988,1.032,417368.0
2026-02-22 07:00:00+00:00,1.032,151236.6594,1.031,556979.0
2026-02-22 08:00:00+00:00,1.0252,158767.5451,1.025,506544.0
2026-02-22 09:00:00+00:00,1.0287,152625.3584,1.029,350755.0
2026-02-22 10:00:00+00:00,1.0316,143508.6075,1.031,542392.0
2026-02-22 11:00:00+00:00,1.0294,140377.9406,1.029,397639.0
2026-02-22 12:00:00+00:00,1.0204,201915.0476,1.02,942650.0
2026-02-22 13:00:00+00:00,1.017,181869.4419,1.016,995028.0
2026-02-22 14:00:00+00:00,1.0099,174157.182,1.009,848950.0
2026-02-22 15:00:00+00:00,1.0161,188056.6214,1.015,478254.0
2026-02-22 16:00:00+00:00,1.0197,191439.0314,1.019,275509.0
2026-02-22 17:00:00+00:00,1.0147,171979.4407,1.014,513078.0
2026-02-22 18:00:00+00:00,1.0132,156876.9199,1.013,199348.0
2026-02-22 19:00:00+00:00,1.0114,144466.2199,1.011,149506.0
2026-02-22 20:00:00+00:00,1.0064,154667.7418,1.007,575489.0
2026-02-22 21:00:00+00:00,1.0097,174714.615,1.009,422450.0
2026-02-22 22:00:00+00:00,1.0155,223530.1926,1.015,641558.0
2026-02-22 23:00:00+00:00,1.0231,178583.5576,1.022,678191.0
2026-02-23 00:00:00+00:00,1.0114,262439.272,1.01,1406656.0
2026-02-23 01:00:00+00:00,0.9754,377885.2568,0.975,4204216.0
2026-02-23 02:00:00+00:00,0.9846,301229.0806,0.983,1011855.0
2026-02-23 03:00:00+00:00,0.9862,204398.0642,0.985,634698.0
2026-02-23 04:00:00+00:00,0.9821,174394.0954,0.981,546532.0
2026-02-23 05:00:00+00:00,0.9929,223583.7711,0.992,617316.0
2026-02-23 06:00:00+00:00,1.0089,282295.4237,1.008,1654414.0
2026-02-23 07:00:00+00:00,1.0028,183891.5013,1.002,711648.0
2026-02-23 08:00:00+00:00,0.9971,178168.1288,0.996,441806.0
2026-02-23 09:00:00+00:00,1.0134,203973.7189,1.013,951848.0
2026-02-23 10:00:00+00:00,1.0092,185344.8578,1.008,469274.0
2026-02-23 11:00:00+00:00,1.0092,159920.5358,1.009,297282.0
2026-02-23 12:00:00+00:00,1.0153,206565.3057,1.015,722572.0
2026-02-23 13:00:00+00:00,1.0057,194175.1223,1.005,618149.0
2026-02-23 14:00:00+00:00,0.9987,251106.7459,0.999,952454.0
2026-02-23 15:00:00+00:00,0.9868,261274.2913,0.987,1034370.0
2026-02-23 16:00:00+00:00,0.9823,212916.1144,0.98,951474.0
2026-02-23 17:00:00+00:00,0.9812,268700.9631,0.981,1248051.0
2026-02-23 18:00:00+00:00,0.9785,231933.8164,0.978,951666.0
2026-02-23 19:00:00+00:00,0.9718,201034.1887,0.972,794514.0
2026-02-23 20:00:00+00:00,0.9779,204262.3054,0.977,833153.0
2026-02-23 21:00:00+00:00,0.9803,205000.5171,0.98,849363.0
2026-02-23 22:00:00+00:00,0.9826,234207.4924,0.982,807357.0
2026-02-23 23:00:00+00:00,0.9813,230846.9326,0.981,711530.0
2026-02-24 00:00:00+00:00,0.9899,194759.2484,0.988,633120.0
2026-02-24 01:00:00+00:00,0.983,300345.52339644,0.982,2760008.0
2026-02-24 02:00:00+00:00,0.9823,166797.4103,0.982,729404.0
2026-02-24 03:00:00+00:00,0.9771,194777.6575,0.977,836791.0
2026-02-24 04:00:00+00:00,0.9753,182348.7659,0.975,660132.0
2026-02-24 05:00:00+00:00,0.9725,188972.4587,0.972,754679.0
2026-02-24 06:00:00+00:00,0.9704,197065.5991,0.97,759719.0
2026-02-24 07:00:00+00:00,0.9736,205797.9338,0.973,613508.0
2026-02-24 08:00:00+00:00,0.9771,216834.4515,0.977,609048.0
2026-02-24 09:00:00+00:00,0.9753,189449.7377,0.975,526767.0
2026-02-24 10:00:00+00:00,0.9746,173977.6,0.975,447606.0
2026-02-24 11:00:00+00:00,0.9716,188246.0946,0.972,263063.0
2026-02-24 12:00:00+00:00,0.9714,216956.9213,0.97,790551.0
2026-02-24 13:00:00+00:00,0.9657,285057.8978,0.965,1011699.0
2026-02-24 14:00:00+00:00,0.9705,323389.9737,0.969,2122616.0
2026-02-24 15:00:00+00:00,0.973,361089.7007,0.973,1627976.0
2026-02-24 16:00:00+00:00,0.9864,294699.1704,0.986,1509891.0
2026-02-24 17:00:00+00:00,0.9801,212365.8483,0.979,935213.0
2026-02-24 18:00:00+00:00,0.9799,208117.5213,0.98,520180.0
2026-02-24 19:00:00+00:00,0.9766,193824.4158,0.976,677359.0
2026-02-24 20:00:00+00:00,0.976,171831.76148724,0.975,555953.0
2026-02-24 21:00:00+00:00,0.9691,175377.1936,0.969,569205.0
2026-02-24 22:00:00+00:00,0.97,201512.6563,0.97,628929.0
2026-02-24 23:00:00+00:00,0.9667,183048.3998,0.966,583583.0
2026-02-25 00:00:00+00:00,0.9696,178202.2329,0.97,374525.0
2026-02-25 01:00:00+00:00,1.0002,315428.8077,1.001,1864349.0
2026-02-25 02:00:00+00:00,1.0004,209598.3771,1.0,923705.0
2026-02-25 03:00:00+00:00,0.9877,194867.9143,0.987,780614.0
2026-02-25 04:00:00+00:00,0.9882,215358.6035,0.988,872226.0
2026-02-25 05:00:00+00:00,0.9848,168234.5643,0.985,762852.0
2026-02-25 06:00:00+00:00,0.9872,163818.3633,0.988,715283.0
2026-02-25 07:00:00+00:00,0.9933,162773.3299,0.993,425096.0
2026-02-25 08:00:00+00:00,1.0063,187098.8423,1.006,797170.0
2026-02-25 09:00:00+00:00,1.0144,177061.1069,1.015,634570.0
2026-02-25 10:00:00+00:00,1.015,195769.0841,1.015,865179.0
2026-02-25 11:00:00+00:00,1.0286,249755.8811,1.029,1095415.0
2026-02-25 12:00:00+00:00,1.0586,376969.1182,1.058,1782000.0
2026-02-25 13:00:00+00:00,1.0723,497574.0724,1.072,2700630.0
2026-02-25 14:00:00+00:00,1.0925,296577.5216,1.092,1375953.0
2026-02-25 15:00:00+00:00,1.1049,296197.3686,1.104,2364304.0
2026-02-25 16:00:00+00:00,1.1417,388642.9824,1.142,3081425.0
2026-02-25 17:00:00+00:00,1.1488,312971.6597,1.15,1828159.0
2026-02-25 18:00:00+00:00,1.1681,243984.7335,1.167,2405381.0
2026-02-25 19:00:00+00:00,1.1993,256408.2185,1.198,1791153.0
2026-02-25 20:00:00+00:00,1.2337,479903.8908,1.233,3786449.0
2026-02-25 21:00:00+00:00,1.232,378749.0756,1.232,3946503.0
2026-02-25 22:00:00+00:00,1.1972,324104.3667,1.198,3398247.0
2026-02-25 23:00:00+00:00,1.1728,229644.0533,1.173,1935440.0
2026-02-26 00:00:00+00:00,1.1675,249204.5829,1.169,2312425.0
2026-02-26 01:00:00+00:00,1.1674,206035.3045,1.166,1583330.0
2026-02-26 02:00:00+00:00,1.1609,231092.5534,1.161,1063195.0
2026-02-26 03:00:00+00:00,1.159,179915.3187,1.158,864256.0
2026-02-26 04:00:00+00:00,1.1558,221955.9331,1.155,934290.0
2026-02-26 05:00:00+00:00,1.1429,230125.1277,1.142,1350346.0
2026-02-26 06:00:00+00:00,1.1394,192766.7844,1.139,1270813.0
2026-02-26 07:00:00+00:00,1.1315,218269.9196,1.131,1947832.0
2026-02-26 08:00:00+00:00,1.1311,170702.899,1.13,1051914.0
2026-02-26 09:00:00+00:00,1.1346,203828.7892,1.135,1069478.0
2026-02-26 10:00:00+00:00,1.1291,167399.5023,1.13,980779.0
2026-02-26 11:00:00+00:00,1.1217,162885.4987,1.122,1410813.0
2026-02-26 12:00:00+00:00,1.155,263791.1997,1.155,2458277.0
2026-02-26 13:00:00+00:00,1.1341,230133.8209,1.133,1681149.0
2026-02-26 14:00:00+00:00,1.1246,197381.8715,1.124,1544559.0
2026-02-26 15:00:00+00:00,1.1208,275011.1432,1.12,2721723.0
2026-02-26 16:00:00+00:00,1.0876,339691.3419,1.087,4525891.0
2026-02-26 17:00:00+00:00,1.0922,191839.4759,1.092,1053997.0
2026-02-26 18:00:00+00:00,1.1101,189694.9555,1.11,1310414.0
2026-02-26 19:00:00+00:00,1.1183,227115.4323,1.119,1486981.0
2026-02-26 20:00:00+00:00,1.1072,185356.3941,1.108,748358.0
2026-02-26 21:00:00+00:00,1.117,141275.7339,1.117,835124.0
2026-02-26 22:00:00+00:00,1.1255,198773.201,1.125,1767429.0
2026-02-26 23:00:00+00:00,1.1276,183513.1033,1.127,1004203.0
2026-02-27 00:00:00+00:00,1.1296,176497.9751,1.129,686288.0
2026-02-27 01:00:00+00:00,1.1234,196812.1454,1.123,1177173.0
2026-02-27 02:00:00+00:00,1.1218,154233.9628,1.122,479997.0
2026-02-27 03:00:00+00:00,1.1289,156080.8523,1.129,370614.0
2026-02-27 04:00:00+00:00,1.1364,187116.7318,1.136,750444.0
2026-02-27 05:00:00+00:00,1.1395,159963.6019,1.14,739466.0
2026-02-27 06:00:00+00:00,1.1419,161203.031,1.142,826316.0
2026-02-27 07:00:00+00:00,1.1412,173414.4371,1.141,1017849.0
2026-02-27 08:00:00+00:00,1.1381,209517.8614,1.138,1309343.0
2026-02-27 09:00:00+00:00,1.1372,146481.4142,1.137,667855.0
2026-02-27 10:00:00+00:00,1.1259,243368.7875,1.125,2510031.0
2026-02-27 11:00:00+00:00,1.1231,218330.0603,1.123,2622548.0
2026-02-27 12:00:00+00:00,1.1131,247502.8641,1.113,1781285.0
2026-02-27 13:00:00+00:00,1.1127,299812.6425,1.112,1685672.0
2026-02-27 14:00:00+00:00,1.1014,255097.7846,1.101,1234457.0
2026-02-27 15:00:00+00:00,1.1075,255215.9249,1.107,1331132.0
2026-02-27 16:00:00+00:00,1.0958,238932.2538,1.095,1352875.0
2026-02-27 17:00:00+00:00,1.1048,219970.7599,1.104,1330634.0
2026-02-27 18:00:00+00:00,1.0943,179150.741,1.094,793263.0
2026-02-27 19:00:00+00:00,1.0869,199441.1588,1.087,1211084.0
2026-02-27 20:00:00+00:00,1.0889,180985.5709,1.089,725169.0
2026-02-27 21:00:00+00:00,1.0814,157814.897,1.082,692164.0
2026-02-27 22:00:00+00:00,1.0845,232703.0517,1.084,1909381.0
2026-02-27 23:00:00+00:00,1.0938,152757.6757,1.093,1117548.0
2026-02-28 00:00:00+00:00,1.0955,171663.075,1.095,1489096.0
2026-02-28 01:00:00+00:00,1.0808,171363.4897,1.081,906425.0
2026-02-28 02:00:00+00:00,1.0903,189268.6678,1.09,592689.0
2026-02-28 03:00:00+00:00,1.0854,148987.8004,1.084,627876.0
2026-02-28 04:00:00+00:00,1.0822,149800.7742,1.082,996539.0
2026-02-28 05:00:00+00:00,1.0747,170561.1538,1.074,904909.0
2026-02-28 06:00:00+00:00,1.0335,298045.1756,1.033,3719024.0
2026-02-28 07:00:00+00:00,1.0566,261953.341,1.056,2291329.0
2026-02-28 08:00:00+00:00,1.0496,206943.0641,1.049,1205595.0
2026-02-28 09:00:00+00:00,1.0419,226367.4311,1.042,1398645.0
2026-02-28 10:00:00+00:00,1.0623,275266.3072,1.062,2163561.0
2026-02-28 11:00:00+00:00,1.0445,253556.0607,1.045,1183781.0
2026-02-28 12:00:00+00:00,1.0555,222827.1073,1.055,731594.0
2026-02-28 13:00:00+00:00,1.0723,278768.0469,1.071,1593067.0
2026-02-28 14:00:00+00:00,1.0632,281099.1683,1.063,1574330.0
2026-02-28 15:00:00+00:00,1.0664,206554.5699,1.066,1085682.0
2026-02-28 16:00:00+00:00,1.0745,188719.8607,1.074,749148.0
2026-02-28 17:00:00+00:00,1.0781,197578.1938,1.079,798892.0
2026-02-28 18:00:00+00:00,1.1097,546343.6804,1.109,3682922.0
2026-02-28 19:00:00+00:00,1.1253,458633.5458,1.125,2827616.0
2026-02-28 20:00:00+00:00,1.1482,339188.3719,1.147,3441464.0
2026-02-28 21:00:00+00:00,1.1537,322493.467,1.151,3300985.0
2026-02-28 22:00:00+00:00,1.1633,278450.0654,1.164,2153465.0
2026-02-28 23:00:00+00:00,1.1726,243246.6925,1.173,1383206.0
